# Lucide 1.52.0 (https://lucide.dev), ISC licence. Generated by tools/lucide/generate_icons.py: do not edit.
a-arrow-down	text,design	letter,font size,text,formatting,smaller	M14 12l4 4 4 -4M18 16V7M2 16l4.039 -9.69a.5 .5 0 0 1 .923 0L11 16M3.304 13h6.392
a-arrow-up	text,design	letter,font size,text,formatting,larger,bigger	M14 11l4 -4 4 4M18 16V7M2 16l4.039 -9.69a.5 .5 0 0 1 .923 0L11 16M3.304 13h6.392
a-large-small	text,design	letter,font size,text,formatting	M15 16l2.536 -7.328a1.02 1.02 1 0 1 1.928 0L22 16M15.697 14h5.606M2 16l4.039 -9.69a.5 .5 0 0 1 .923 0L11 16M3.304 13h6.392
accessibility	accessibility,medical	disability,disabled,dda,wheelchair	M15 4a1 1 0 1 0 2 0a1 1 0 1 0 -2 0zM18 19l1 -7 -6 1M5 8l3 -3 5.5 3 -2.36 3.5M4.24 14.5a5 5 0 0 0 6.88 6M13.76 17.5a5 5 0 0 0 -6.88 -6
activity	medical,account,social,science,multimedia	pulse,action,motion,movement,exercise,fitness,healthcare,heart rate monitor,vital signs,vitals,emergency room,er,intensive care,hospital,defibrillator,earthquake,seismic,magnitude,richter scale,aftershock,tremor,shockwave,audio,waveform,synthesizer,synthesiser,music	M22 12h-2.48a2 2 0 0 0 -1.93 1.46l-2.35 8.36a.25 .25 0 0 1 -.48 0L9.24 2.18a.25 .25 0 0 0 -.48 0l-2.35 8.36A2 2 0 0 1 4.49 12H2
ad	multimedia,accessibility,notifications	advert,affiliate,brand,campaign,commercial,marketing,monetize,paid,partner,promo,sponsor,audio description,video description,described video,visual description	M10 13H6M10 15v-4a2 2 0 0 0 -4 0v4M14 14.5a.5 .5 0 0 0 .5 .5h1a2.5 2.5 0 0 0 2.5 -2.5v-1A2.5 2.5 0 0 0 15.5 9h-1a.5 .5 0 0 0 -.5 .5zM4 5h16a2 2 0 0 1 2 2v10a2 2 0 0 1 -2 2h-16a2 2 0 0 1 -2 -2v-10a2 2 0 0 1 2 -2z
air-vent	home	air conditioner,ac,central air,cooling,climate-control	M18 17.5a2.5 2.5 0 1 1 -4 2.03V12M6 12H4a2 2 0 0 1 -2 -2V5a2 2 0 0 1 2 -2h16a2 2 0 0 1 2 2v5a2 2 0 0 1 -2 2h-2M6 8h12M6.6 15.572A2 2 0 1 0 10 17v-5
airplay	multimedia,connectivity	stream,cast,mirroring,screen,monitor,macos,osx	M5 17H4a2 2 0 0 1 -2 -2V5a2 2 0 0 1 2 -2h16a2 2 0 0 1 2 2v10a2 2 0 0 1 -2 2h-1M12 15l5 6H7Z
alarm-clock	devices,notifications,time	morning	M4 13a8 8 0 1 0 16 0a8 8 0 1 0 -16 0zM12 9v4l2 2M5 3L2 6M22 6l-3 -3M6.38 18.7L4 21M17.64 18.67L20 21
alarm-clock-check	devices,notifications,time	done,todo,tick,complete,task	M4 13a8 8 0 1 0 16 0a8 8 0 1 0 -16 0zM5 3L2 6M22 6l-3 -3M6.38 18.7L4 21M17.64 18.67L20 21M9 13l2 2 4 -4
alarm-clock-minus	devices,notifications,time	remove	M4 13a8 8 0 1 0 16 0a8 8 0 1 0 -16 0zM5 3L2 6M22 6l-3 -3M6.38 18.7L4 21M17.64 18.67L20 21M9 13h6
alarm-clock-off	devices,notifications,time	morning,turn-off	M6.87 6.87a8 8 0 1 0 11.26 11.26M19.9 14.25a8 8 0 0 0 -9.15 -9.15M22 6l-3 -3M6.26 18.67L4 21M2 2l20 20M4 4L2 6
alarm-clock-plus	devices,notifications,time	add	M4 13a8 8 0 1 0 16 0a8 8 0 1 0 -16 0zM5 3L2 6M22 6l-3 -3M6.38 18.7L4 21M17.64 18.67L20 21M12 10v6M9 13h6
alarm-smoke	home,devices,travel	fire,alert,warning,detector,carbon monoxide,safety,equipment,amenities	M11 21c0 -2.5 2 -2.5 2 -5M16 21c0 -2.5 2 -2.5 2 -5M19 8l-.8 3a1.25 1.25 0 0 1 -1.2 1H7a1.25 1.25 0 0 1 -1.2 -1L5 8M21 3a1 1 0 0 1 1 1v2a2 2 0 0 1 -2 2H4a2 2 0 0 1 -2 -2V4a1 1 0 0 1 1 -1zM6 21c0 -2.5 2 -2.5 2 -5
align-center-horizontal	layout	items,flex,justify	M2 12h20M10 16v4a2 2 0 0 1 -2 2H6a2 2 0 0 1 -2 -2v-4M10 8V4a2 2 0 0 0 -2 -2H6a2 2 0 0 0 -2 2v4M20 16v1a2 2 0 0 1 -2 2h-2a2 2 0 0 1 -2 -2v-1M14 8V7c0 -1.1 .9 -2 2 -2h2a2 2 0 0 1 2 2v1
align-center-vertical	layout	items,flex,justify	M12 2v20M8 10H4a2 2 0 0 1 -2 -2V6c0 -1.1 .9 -2 2 -2h4M16 10h4a2 2 0 0 0 2 -2V6a2 2 0 0 0 -2 -2h-4M8 20H7a2 2 0 0 1 -2 -2v-2c0 -1.1 .9 -2 2 -2h1M16 14h1a2 2 0 0 1 2 2v2a2 2 0 0 1 -2 2h-1
align-end-horizontal	layout	items,bottom,flex,justify	M6 2h2a2 2 0 0 1 2 2v12a2 2 0 0 1 -2 2h-2a2 2 0 0 1 -2 -2v-12a2 2 0 0 1 2 -2zM16 9h2a2 2 0 0 1 2 2v5a2 2 0 0 1 -2 2h-2a2 2 0 0 1 -2 -2v-5a2 2 0 0 1 2 -2zM22 22H2
align-end-vertical	layout	items,right,flex,justify	M4 4h12a2 2 0 0 1 2 2v2a2 2 0 0 1 -2 2h-12a2 2 0 0 1 -2 -2v-2a2 2 0 0 1 2 -2zM11 14h5a2 2 0 0 1 2 2v2a2 2 0 0 1 -2 2h-5a2 2 0 0 1 -2 -2v-2a2 2 0 0 1 2 -2zM22 22V2
align-horizontal-distribute-center	layout	items,flex,justify,space,evenly,around	M6 5h2a2 2 0 0 1 2 2v10a2 2 0 0 1 -2 2h-2a2 2 0 0 1 -2 -2v-10a2 2 0 0 1 2 -2zM16 7h2a2 2 0 0 1 2 2v6a2 2 0 0 1 -2 2h-2a2 2 0 0 1 -2 -2v-6a2 2 0 0 1 2 -2zM17 22v-5M17 7V2M7 22v-3M7 5V2
align-horizontal-distribute-end	layout	right,items,flex,justify	M6 5h2a2 2 0 0 1 2 2v10a2 2 0 0 1 -2 2h-2a2 2 0 0 1 -2 -2v-10a2 2 0 0 1 2 -2zM16 7h2a2 2 0 0 1 2 2v6a2 2 0 0 1 -2 2h-2a2 2 0 0 1 -2 -2v-6a2 2 0 0 1 2 -2zM10 2v20M20 2v20
align-horizontal-distribute-start	layout	left,items,flex,justify	M6 5h2a2 2 0 0 1 2 2v10a2 2 0 0 1 -2 2h-2a2 2 0 0 1 -2 -2v-10a2 2 0 0 1 2 -2zM16 7h2a2 2 0 0 1 2 2v6a2 2 0 0 1 -2 2h-2a2 2 0 0 1 -2 -2v-6a2 2 0 0 1 2 -2zM4 2v20M14 2v20
align-horizontal-justify-center	layout	center,items,flex,justify	M4 5h2a2 2 0 0 1 2 2v10a2 2 0 0 1 -2 2h-2a2 2 0 0 1 -2 -2v-10a2 2 0 0 1 2 -2zM18 7h2a2 2 0 0 1 2 2v6a2 2 0 0 1 -2 2h-2a2 2 0 0 1 -2 -2v-6a2 2 0 0 1 2 -2zM12 2v20
align-horizontal-justify-end	layout	right,items,flex,justify	M4 5h2a2 2 0 0 1 2 2v10a2 2 0 0 1 -2 2h-2a2 2 0 0 1 -2 -2v-10a2 2 0 0 1 2 -2zM14 7h2a2 2 0 0 1 2 2v6a2 2 0 0 1 -2 2h-2a2 2 0 0 1 -2 -2v-6a2 2 0 0 1 2 -2zM22 2v20
align-horizontal-justify-start	layout	left,items,flex,justify	M8 5h2a2 2 0 0 1 2 2v10a2 2 0 0 1 -2 2h-2a2 2 0 0 1 -2 -2v-10a2 2 0 0 1 2 -2zM18 7h2a2 2 0 0 1 2 2v6a2 2 0 0 1 -2 2h-2a2 2 0 0 1 -2 -2v-6a2 2 0 0 1 2 -2zM2 2v20
align-horizontal-space-around	layout	center,items,flex,justify,distribute,between	M11 7h2a2 2 0 0 1 2 2v6a2 2 0 0 1 -2 2h-2a2 2 0 0 1 -2 -2v-6a2 2 0 0 1 2 -2zM4 22V2M20 22V2
align-horizontal-space-between	layout	around,items,bottom,flex,justify	M5 5h2a2 2 0 0 1 2 2v10a2 2 0 0 1 -2 2h-2a2 2 0 0 1 -2 -2v-10a2 2 0 0 1 2 -2zM17 7h2a2 2 0 0 1 2 2v6a2 2 0 0 1 -2 2h-2a2 2 0 0 1 -2 -2v-6a2 2 0 0 1 2 -2zM3 2v20M21 2v20
align-start-horizontal	layout	top,items,flex,justify	M6 6h2a2 2 0 0 1 2 2v12a2 2 0 0 1 -2 2h-2a2 2 0 0 1 -2 -2v-12a2 2 0 0 1 2 -2zM16 6h2a2 2 0 0 1 2 2v5a2 2 0 0 1 -2 2h-2a2 2 0 0 1 -2 -2v-5a2 2 0 0 1 2 -2zM22 2H2
align-start-vertical	layout	left,items,flex,justify	M8 14h5a2 2 0 0 1 2 2v2a2 2 0 0 1 -2 2h-5a2 2 0 0 1 -2 -2v-2a2 2 0 0 1 2 -2zM8 4h12a2 2 0 0 1 2 2v2a2 2 0 0 1 -2 2h-12a2 2 0 0 1 -2 -2v-2a2 2 0 0 1 2 -2zM2 2v20
align-vertical-distribute-center	layout	items,flex,justify,space,evenly,around	M22 17h-3M22 7h-5M5 17H2M7 7H2M7 14h10a2 2 0 0 1 2 2v2a2 2 0 0 1 -2 2h-10a2 2 0 0 1 -2 -2v-2a2 2 0 0 1 2 -2zM9 4h6a2 2 0 0 1 2 2v2a2 2 0 0 1 -2 2h-6a2 2 0 0 1 -2 -2v-2a2 2 0 0 1 2 -2z
align-vertical-distribute-end	layout	bottom,items,flex,justify	M7 14h10a2 2 0 0 1 2 2v2a2 2 0 0 1 -2 2h-10a2 2 0 0 1 -2 -2v-2a2 2 0 0 1 2 -2zM9 4h6a2 2 0 0 1 2 2v2a2 2 0 0 1 -2 2h-6a2 2 0 0 1 -2 -2v-2a2 2 0 0 1 2 -2zM2 20h20M2 10h20
align-vertical-distribute-start	layout	top,items,flex,justify	M7 14h10a2 2 0 0 1 2 2v2a2 2 0 0 1 -2 2h-10a2 2 0 0 1 -2 -2v-2a2 2 0 0 1 2 -2zM9 4h6a2 2 0 0 1 2 2v2a2 2 0 0 1 -2 2h-6a2 2 0 0 1 -2 -2v-2a2 2 0 0 1 2 -2zM2 14h20M2 4h20
align-vertical-justify-center	layout	center,items,flex,justify,distribute,between	M7 16h10a2 2 0 0 1 2 2v2a2 2 0 0 1 -2 2h-10a2 2 0 0 1 -2 -2v-2a2 2 0 0 1 2 -2zM9 2h6a2 2 0 0 1 2 2v2a2 2 0 0 1 -2 2h-6a2 2 0 0 1 -2 -2v-2a2 2 0 0 1 2 -2zM2 12h20
align-vertical-justify-end	layout	bottom,items,flex,justify,distribute,between	M7 12h10a2 2 0 0 1 2 2v2a2 2 0 0 1 -2 2h-10a2 2 0 0 1 -2 -2v-2a2 2 0 0 1 2 -2zM9 2h6a2 2 0 0 1 2 2v2a2 2 0 0 1 -2 2h-6a2 2 0 0 1 -2 -2v-2a2 2 0 0 1 2 -2zM2 22h20
align-vertical-justify-start	layout	top,items,flex,justify,distribute,between	M7 16h10a2 2 0 0 1 2 2v2a2 2 0 0 1 -2 2h-10a2 2 0 0 1 -2 -2v-2a2 2 0 0 1 2 -2zM9 6h6a2 2 0 0 1 2 2v2a2 2 0 0 1 -2 2h-6a2 2 0 0 1 -2 -2v-2a2 2 0 0 1 2 -2zM2 2h20
align-vertical-space-around	layout	center,items,flex,justify,distribute,between	M9 9h6a2 2 0 0 1 2 2v2a2 2 0 0 1 -2 2h-6a2 2 0 0 1 -2 -2v-2a2 2 0 0 1 2 -2zM22 20H2M22 4H2
align-vertical-space-between	layout	center,items,flex,justify,distribute,between	M7 15h10a2 2 0 0 1 2 2v2a2 2 0 0 1 -2 2h-10a2 2 0 0 1 -2 -2v-2a2 2 0 0 1 2 -2zM9 3h6a2 2 0 0 1 2 2v2a2 2 0 0 1 -2 2h-6a2 2 0 0 1 -2 -2v-2a2 2 0 0 1 2 -2zM2 21h20M2 3h20
ambulance	medical,transportation	ambulance,emergency,medical,vehicle,siren,healthcare,transportation,rescue,urgent,first aid	M10 10H6M14 18V6a2 2 0 0 0 -2 -2H4a2 2 0 0 0 -2 2v11a1 1 0 0 0 1 1h2M19 18h2a1 1 0 0 0 1 -1v-3.28a1 1 0 0 0 -.684 -.948l-1.923 -.641a1 1 0 0 1 -.578 -.502l-1.539 -3.076A1 1 0 0 0 16.382 8H14M8 8v4M9 18h6M15 18a2 2 0 1 0 4 0a2 2 0 1 0 -4 0zM5 18a2 2 0 1 0 4 0a2 2 0 1 0 -4 0z
ampersand	text,development	and,typography,operator,join,concatenate,code,&	M16 12h3M17.5 12a8 8 0 0 1 -8 8A4.5 4.5 0 0 1 5 15.5c0 -6 8 -4 8 -8.5a3 3 0 1 0 -6 0c0 3 2.5 8.5 12 13
ampersands	text,development	and,operator,then,code,&&	M10 17c-5 -3 -7 -7 -7 -9a2 2 0 0 1 4 0c0 2.5 -5 2.5 -5 6 0 1.7 1.3 3 3 3 2.8 0 5 -2.2 5 -5M22 17c-5 -3 -7 -7 -7 -9a2 2 0 0 1 4 0c0 2.5 -5 2.5 -5 6 0 1.7 1.3 3 3 3 2.8 0 5 -2.2 5 -5
amphora	food-beverage,gaming	pottery,artifact,artefact,vase,ceramics,clay,archaeology,museum,wine,oil	M10 2v5.632c0 .424 -.272 .795 -.653 .982A6 6 0 0 0 6 14c.006 4 3 7 5 8M10 5H8a2 2 0 0 0 0 4h.68M14 2v5.632c0 .424 .272 .795 .652 .982A6 6 0 0 1 18 14c0 4 -3 7 -5 8M14 5h2a2 2 0 0 1 0 4h-.68M18 22H6M9 2h6
anchor	transportation,text	ship	M12 6v16M19 13l2 -1a9 9 0 0 1 -18 0l2 1M9 11h6M10 4a2 2 0 1 0 4 0a2 2 0 1 0 -4 0z
angle	math,design	angle,degree,corner,geometry,measure,math,rotate,vertex,slope,protractor,measurement,dimension,arc,drafting,cad	M3 3v16a2 2 0 0 0 2 2h16M3 11a10 10 0 0 1 10 10
antenna	devices,multimedia,communication	signal,connection,connectivity,tv,television,broadcast,live,frequency,tune,scan,channels,aerial,receiver,transmission,transducer,terrestrial,satellite,cable	M2 12L7 2M7 12l5 -10M12 12l5 -10M17 12l5 -10M4.5 7h15M12 16v6
anvil	buildings,tools,gaming	metal,iron,alloy,materials,heavy,weight,blacksmith,forge,acme	M7 10H6a4 4 0 0 1 -4 -4 1 1 0 0 1 1 -1h4M7 5a1 1 0 0 1 1 -1h13a1 1 0 0 1 1 1 7 7 0 0 1 -7 7H8a1 1 0 0 1 -1 -1zM9 12v5M15 12v5M5 20a3 3 0 0 1 3 -3h8a3 3 0 0 1 3 3 1 1 0 0 1 -1 1H6a1 1 0 0 1 -1 -1
aperture	photography	camera,photo,pictures,shutter,exposure	M2 12a10 10 0 1 0 20 0a10 10 0 1 0 -20 0zM14.31 8l5.74 9.94M9.69 8h11.48M7.38 12l5.74 -9.94M9.69 16L3.95 6.06M14.31 16H2.83M16.62 12l-5.74 9.94
app-window	layout,design,development,files	application,menu bar,pane,executable	M4 4h16a2 2 0 0 1 2 2v12a2 2 0 0 1 -2 2h-16a2 2 0 0 1 -2 -2v-12a2 2 0 0 1 2 -2zM10 4v4M2 8h20M6 4v4
app-window-mac	layout,design,development,files	application,menu bar,pane,preferences,macos,osx,executable	M4 4h16a2 2 0 0 1 2 2v12a2 2 0 0 1 -2 2h-16a2 2 0 0 1 -2 -2v-12a2 2 0 0 1 2 -2zM6 8h.01M10 8h.01M14 8h.01
apple	food-beverage	fruit,food,healthy,snack,nutrition,fresh,produce,grocery,organic,harvest,vitamin,red,green,juicy,sweet,tart,bite,orchard,plant,core,raw,diet	M12 6.528V3a1 1 0 0 1 1 -1h0M18.237 21A15 15 0 0 0 22 11a6 6 0 0 0 -10 -4.472A6 6 0 0 0 2 11a15.1 15.1 0 0 0 3.763 10 3 3 0 0 0 3.648 .648 5.5 5.5 0 0 1 5.178 0A3 3 0 0 0 18.237 21
archive	files,mail	index,backup,box,storage,records	M3 3h18a1 1 0 0 1 1 1v3a1 1 0 0 1 -1 1h-18a1 1 0 0 1 -1 -1v-3a1 1 0 0 1 1 -1zM4 8v11a2 2 0 0 0 2 2h12a2 2 0 0 0 2 -2V8M10 12h4
archive-restore	files,mail	unarchive,index,backup,box,storage,records	M3 3h18a1 1 0 0 1 1 1v3a1 1 0 0 1 -1 1h-18a1 1 0 0 1 -1 -1v-3a1 1 0 0 1 1 -1zM4 8v11a2 2 0 0 0 2 2h2M20 8v11a2 2 0 0 1 -2 2h-2M9 15l3 -3 3 3M12 12v9
archive-x	files,mail	index,backup,box,storage,records,junk	M3 3h18a1 1 0 0 1 1 1v3a1 1 0 0 1 -1 1h-18a1 1 0 0 1 -1 -1v-3a1 1 0 0 1 1 -1zM4 8v11a2 2 0 0 0 2 2h12a2 2 0 0 0 2 -2V8M9.5 17l5 -5M9.5 12l5 5
armchair	home	sofa,furniture,leisure,lounge,loveseat,couch	M19 9V6a2 2 0 0 0 -2 -2H7a2 2 0 0 0 -2 2v3M3 16a2 2 0 0 0 2 2h14a2 2 0 0 0 2 -2v-5a2 2 0 0 0 -4 0v1.5a.5 .5 0 0 1 -.5 .5h-9a.5 .5 0 0 1 -.5 -.5V11a2 2 0 0 0 -4 0zM5 18v2M19 18v2
armenian-dram	finance	finance,symbol,banking,economy,currency,money,payment	M11 10h8M11 14h8M17 20V10a6 6 0 0 0 -12 0
arrow-big-down	arrows,gaming	backwards,reverse,direction,south	M9 5a1 1 0 0 1 1 -1h4a1 1 0 0 1 1 1v6a1 1 0 0 0 1 1h3.293a.707 .707 0 0 1 .5 1.207l-7.086 7.086a1 1 0 0 1 -1.414 0l-7.086 -7.086a.707 .707 0 0 1 .5 -1.207H8a1 1 0 0 0 1 -1z
arrow-big-down-dash	arrows,gaming,files	backwards,reverse,slow,direction,south,download	M14 8a1 1 0 0 1 1 1v2a1 1 0 0 0 1 1h3.293a.707 .707 0 0 1 .5 1.207l-6.939 6.939a1.207 1.207 0 0 1 -1.708 0l-6.94 -6.94a.707 .707 0 0 1 .5 -1.206H8a1 1 0 0 0 1 -1V9a1 1 0 0 1 1 -1zM9 4h6
arrow-big-left	arrows,gaming	previous,back,direction,west,indicate turn	M10.793 19.793a.707 .707 0 0 0 1.207 -.5V16a1 1 0 0 1 1 -1h6a1 1 0 0 0 1 -1v-4a1 1 0 0 0 -1 -1h-6a1 1 0 0 1 -1 -1V4.707a.707 .707 0 0 0 -1.207 -.5l-6.94 6.94a1.207 1.207 0 0 0 0 1.707z
arrow-big-left-dash	arrows,gaming	previous,back,direction,west,turn,corner	M13 9a1 1 0 0 1 -1 -1V4.707a.707 .707 0 0 0 -1.207 -.5l-6.94 6.94a1.207 1.207 0 0 0 0 1.707l6.94 6.94a.707 .707 0 0 0 1.207 -.5V16a1 1 0 0 1 1 -1h2a1 1 0 0 0 1 -1v-4a1 1 0 0 0 -1 -1zM20 9v6
arrow-big-right	arrows,gaming	next,forward,direction,east,indicate turn	M13.207 19.793a.707 .707 0 0 1 -1.207 -.5V16a1 1 0 0 0 -1 -1H5a1 1 0 0 1 -1 -1v-4a1 1 0 0 1 1 -1h6a1 1 0 0 0 1 -1V4.707a.707 .707 0 0 1 1.207 -.5l6.94 6.94a1.207 1.207 0 0 1 0 1.707z
arrow-big-right-dash	arrows,gaming	next,forward,direction,east,turn,corner	M11 9a1 1 0 0 0 1 -1V4.707a.707 .707 0 0 1 1.207 -.5l6.94 6.94a1.207 1.207 0 0 1 0 1.707l-6.94 6.94a.707 .707 0 0 1 -1.207 -.5V16a1 1 0 0 0 -1 -1H9a1 1 0 0 1 -1 -1v-4a1 1 0 0 1 1 -1zM4 9v6
arrow-big-up	arrows,text,development,gaming	shift,keyboard,button,mac,capitalize,capitalise,forward,direction,north	M9 19a1 1 0 0 0 1 1h4a1 1 0 0 0 1 -1v-6a1 1 0 0 1 1 -1h3.293a.707 .707 0 0 0 .5 -1.207l-7.086 -7.086a1 1 0 0 0 -1.414 0l-7.086 7.086a.707 .707 0 0 0 .5 1.207H8a1 1 0 0 1 1 1z
arrow-big-up-dash	arrows,text,development,gaming	caps lock,capitals,keyboard,button,mac,forward,direction,north,faster,speed,boost	M14 16a1 1 0 0 0 1 -1v-2a1 1 0 0 1 1 -1h3.293a.707 .707 0 0 0 .5 -1.207l-6.939 -6.939a1.207 1.207 0 0 0 -1.708 0l-6.94 6.94a.707 .707 0 0 0 .5 1.206H8a1 1 0 0 1 1 1v2a1 1 0 0 0 1 1zM9 20h6
arrow-down	arrows	backwards,reverse,direction,south	M12 5v14M19 12l-7 7 -7 -7
arrow-down-0-1	text,layout,arrows	filter,sort,ascending,descending,increasing,decreasing,rising,falling,numerical	M3 16l4 4 4 -4M7 20V4M17 4h0a2 2 0 0 1 2 2v2a2 2 0 0 1 -2 2h0a2 2 0 0 1 -2 -2v-2a2 2 0 0 1 2 -2zM17 20v-6h-2M15 20h4
arrow-down-1-0	text,layout,arrows	filter,sort,ascending,descending,increasing,decreasing,rising,falling,numerical	M3 16l4 4 4 -4M7 20V4M17 10V4h-2M15 10h4M17 14h0a2 2 0 0 1 2 2v2a2 2 0 0 1 -2 2h0a2 2 0 0 1 -2 -2v-2a2 2 0 0 1 2 -2z
arrow-down-a-z	text,layout,arrows	filter,sort,ascending,descending,increasing,decreasing,rising,falling,alphabetical	M3 16l4 4 4 -4M7 20V4M20 8h-5M15 10V6.5a2.5 2.5 0 0 1 5 0V10M15 14h5l-5 6h5
arrow-down-from-line	arrows,files	backwards,reverse,direction,south,download,expand,fold,vertical	M19 3H5M12 21V7M6 15l6 6 6 -6
arrow-down-left	arrows	direction,south-west,diagonal	M17 7L7 17M17 17H7V7
arrow-down-narrow-wide	text,layout,arrows	filter,sort,ascending,descending,increasing,decreasing,rising,falling	M3 16l4 4 4 -4M7 20V4M11 4h4M11 8h7M11 12h10
arrow-down-right	arrows	direction,south-east,diagonal	M7 7l10 10M17 7v10H7
arrow-down-to-dot	arrows	direction,south,waypoint,location,step,into	M12 2v14M19 9l-7 7 -7 -7M11 21a1 1 0 1 0 2 0a1 1 0 1 0 -2 0z
arrow-down-to-line	arrows,files,development	behind,direction,south,download,save,git,version control,pull,collapse,fold,vertical	M12 17V3M6 11l6 6 6 -6M19 21H5
arrow-down-up	arrows	bidirectional,two-way,2-way,swap,switch,network,traffic,flow,mobile data,internet,sort,reorder,move	M3 16l4 4 4 -4M7 20V4M21 8l-4 -4 -4 4M17 4v16
arrow-down-wide-narrow	text,layout,arrows	filter,sort,ascending,descending,increasing,decreasing,rising,falling	M3 16l4 4 4 -4M7 20V4M11 4h10M11 8h7M11 12h4
arrow-down-z-a	text,layout,arrows	filter,sort,ascending,descending,increasing,decreasing,rising,falling,alphabetical,reverse	M3 16l4 4 4 -4M7 4v16M15 4h5l-5 6h5M15 20v-3.5a2.5 2.5 0 0 1 5 0V20M20 18h-5
arrow-left	arrows	previous,back,direction,west,<-	M12 19l-7 -7 7 -7M19 12H5
arrow-left-from-line	arrows	previous,back,direction,west,expand,fold,horizontal,<-|	M9 6l-6 6 6 6M3 12h14M21 19V5
arrow-left-right	arrows	bidirectional,two-way,2-way,swap,switch,transaction,reorder,move,<-,->	M8 3L4 7l4 4M4 7h16M16 21l4 -4 -4 -4M20 17H4
arrow-left-to-line	arrows	previous,back,direction,west,collapse,fold,horizontal,|<-	M3 19V5M13 6l-6 6 6 6M7 12h14
arrow-right	arrows	forward,next,direction,east,->	M5 12h14M12 5l7 7 -7 7
arrow-right-from-line	arrows	next,forward,direction,east,export,expand,fold,horizontal,|->	M3 5v14M21 12H7M15 18l6 -6 -6 -6
arrow-right-left	arrows	bidirectional,two-way,2-way,swap,switch,transaction,reorder,move,<-,->	M16 3l4 4 -4 4M20 7H4M8 21l-4 -4 4 -4M4 17h16
arrow-right-to-line	arrows,development	next,forward,direction,east,tab,keyboard,mac,indent,collapse,fold,horizontal,->|	M17 12H3M11 18l6 -6 -6 -6M21 5v14
arrow-up	arrows	forward,direction,north	M5 12l7 -7 7 7M12 19V5
arrow-up-0-1	text,layout,arrows	filter,sort,ascending,descending,increasing,decreasing,rising,falling,numerical	M3 8l4 -4 4 4M7 4v16M17 4h0a2 2 0 0 1 2 2v2a2 2 0 0 1 -2 2h0a2 2 0 0 1 -2 -2v-2a2 2 0 0 1 2 -2zM17 20v-6h-2M15 20h4
arrow-up-1-0	text,layout,arrows	filter,sort,ascending,descending,increasing,decreasing,rising,falling,numerical	M3 8l4 -4 4 4M7 4v16M17 10V4h-2M15 10h4M17 14h0a2 2 0 0 1 2 2v2a2 2 0 0 1 -2 2h0a2 2 0 0 1 -2 -2v-2a2 2 0 0 1 2 -2z
arrow-up-a-z	text,layout,arrows	filter,sort,ascending,descending,increasing,decreasing,rising,falling,alphabetical	M3 8l4 -4 4 4M7 4v16M20 8h-5M15 10V6.5a2.5 2.5 0 0 1 5 0V10M15 14h5l-5 6h5
arrow-up-down	arrows	bidirectional,two-way,2-way,swap,switch,network,mobile data,internet,sort,reorder,move	M21 16l-4 4 -4 -4M17 20V4M3 8l4 -4 4 4M7 4v16
arrow-up-from-dot	arrows	direction,north,step,out	M5 9l7 -7 7 7M12 16V2M11 21a1 1 0 1 0 2 0a1 1 0 1 0 -2 0z
arrow-up-from-line	arrows,files,development	forward,direction,north,upload,git,version control,push,expand,fold,vertical	M18 9l-6 -6 -6 6M12 3v14M5 21h14
arrow-up-left	arrows	direction,north-west,diagonal	M7 17V7h10M17 17L7 7
arrow-up-narrow-wide	text,layout,arrows	filter,sort,ascending,descending,increasing,decreasing,rising,falling	M3 8l4 -4 4 4M7 4v16M11 12h4M11 16h7M11 20h10
arrow-up-right	arrows	direction,north-east,diagonal	M7 7h10v10M7 17L17 7
arrow-up-to-line	arrows,files	forward,direction,north,upload,collapse,fold,vertical	M5 3h14M18 13l-6 -6 -6 6M12 7v14
arrow-up-wide-narrow	text,layout,arrows	filter,sort,ascending,descending,increasing,decreasing,rising,falling	M3 8l4 -4 4 4M7 4v16M11 12h10M11 16h7M11 20h4
arrow-up-z-a	text,layout,arrows	filter,sort,ascending,descending,increasing,decreasing,rising,falling,alphabetical,reverse	M3 8l4 -4 4 4M7 4v16M15 4h5l-5 6h5M15 20v-3.5a2.5 2.5 0 0 1 5 0V20M20 18h-5
arrows-up-from-line	arrows,transportation,mail	direction,orientation,this way up,vertical,package,box,fragile,postage,shipping	M4 6l3 -3 3 3M7 17V3M14 6l3 -3 3 3M17 17V3M4 21h16
asterisk	text,math,development	symbol,sterisk,mark,pointer,pencil,sign,alert,notification,indicator,symbolic,reference,times,multiply,multiplication,operator,code,glob pattern,wildcard,*	M12 5v14M18.065 8.496l-12.125 7M5.94 8.504l12.125 7
astroid	shapes,math	star,math,shape,curve,sharp,four-pointed,hypocycloid,ai,artificial intelligence	M12.983 21.186a1 1 0 0 1 -1.966 0 10 10 0 0 0 -8.203 -8.203 1 1 0 0 1 0 -1.966 10 10 0 0 0 8.203 -8.203 1 1 0 0 1 1.966 0 10 10 0 0 0 8.203 8.203 1 1 0 0 1 0 1.966 10 10 0 0 0 -8.203 8.203
at-sign	text,account	mention,at,email,message,@	M8 12a4 4 0 1 0 8 0a4 4 0 1 0 -8 0zM16 8v5a3 3 0 0 0 6 0v-1a10 10 0 1 0 -4 8
atom	science	atomic,nuclear,physics,particle,element,molecule,electricity,energy,chemistry	M11 12a1 1 0 1 0 2 0a1 1 0 1 0 -2 0zM20.2 20.2c2.04 -2.03 .02 -7.36 -4.5 -11.9 -4.54 -4.52 -9.87 -6.54 -11.9 -4.5 -2.04 2.03 -.02 7.36 4.5 11.9 4.54 4.52 9.87 6.54 11.9 4.5ZM15.7 15.7c4.52 -4.54 6.54 -9.87 4.5 -11.9 -2.03 -2.04 -7.36 -.02 -11.9 4.5 -4.52 4.54 -6.54 9.87 -4.5 11.9 2.03 2.04 7.36 .02 11.9 -4.5Z
audio-lines	multimedia,communication	graphic equaliser,sound,noise,listen,hearing,hertz,frequency,wavelength,vibrate,sine,synthesizer,synthesiser,levels,track,music,playback,radio,broadcast,airwaves,voice,vocals,singer,song	M2 10v3M6 6v11M10 3v18M14 8v7M18 5v13M22 10v3
audio-lines-off	multimedia,communication	audio,sound,noise,mute,silence,off,disabled,inactive,listen,hearing,equalizer,equaliser,hertz,frequency,wavelength,vibrate,sine,waveform,synthesizer,synthesiser,levels,track,music,playback,radio,broadcast,airwaves,voice,vocals,singer,song	M10 10v11M10 3v1.35M14 14v1M14 8v.35M18 5v7.35M2 10v3M2 2l20 20M22 10v3M6 6v11
audio-lines-x	multimedia,communication	sound,noise,mute,silence,disabled,cancel,remove,unavailable,listen,hearing,equalizer,equaliser,hertz,frequency,wavelength,vibrate,sine,waveform,synthesizer,synthesiser,levels,track,music,playback,radio,broadcast,airwaves,voice,vocals,singer,song	M10 3v18M14 8v6.35M17 17l5 5M18 5v8.1M2 10v3M22 10v3M22 17l-5 5M6 6v11
audio-waveform	multimedia,communication	sound,noise,listen,hearing,hertz,frequency,wavelength,vibrate,sine,synthesizer,synthesiser,levels,track,music,playback,radio,broadcast,airwaves,voice,vocals,singer,song	M2 13a2 2 0 0 0 2 -2V7a2 2 0 0 1 4 0v13a2 2 0 0 0 4 0V4a2 2 0 0 1 4 0v13a2 2 0 0 0 4 0v-4a2 2 0 0 1 2 -2
award	account,sports,gaming	achievement,badge,rosette,prize,winner	M15.477 12.89l1.515 8.526a.5 .5 0 0 1 -.81 .47l-3.58 -2.687a1 1 0 0 0 -1.197 0l-3.586 2.686a.5 .5 0 0 1 -.81 -.469l1.514 -8.526M6 8a6 6 0 1 0 12 0a6 6 0 1 0 -12 0z
axe	tools,gaming	hatchet,weapon,chop,sharp,equipment,fireman,firefighter,brigade,lumberjack,woodcutter,logger,forestry	M14 12l-8.381 8.38a1 1 0 0 1 -3.001 -3L11 9M15 15.5a.5 .5 0 0 0 .5 .5A6.5 6.5 0 0 0 22 9.5a.5 .5 0 0 0 -.5 -.5h-1.672a2 2 0 0 1 -1.414 -.586l-5.062 -5.062a1.205 1.205 0 0 0 -1.704 0L9.352 5.648a1.205 1.205 0 0 0 0 1.704l5.062 5.062A2 2 0 0 1 15 13.828z
axis-3d	design	gizmo,coordinates	M13.5 10.5L15 9M4 4v15a1 1 0 0 0 1 1h15M4.293 19.707L6 18M9 15l1.5 -1.5
baby	accessibility,people	child,childproof,children	M10 16c.5 .3 1.2 .5 2 .5s1.5 -.2 2 -.5M15 12h.01M19.38 6.813A9 9 0 0 1 20.8 10.2a2 2 0 0 1 0 3.6 9 9 0 0 1 -17.6 0 2 2 0 0 1 0 -3.6A9 9 0 0 1 12 3c2 0 3.5 1.1 3.5 2.5s-.9 2.5 -2 2.5c-.8 0 -1.5 -.4 -1.5 -1M9 12h.01
backpack	gaming,photography,travel	bag,hiking,travel,camping,school,childhood	M4 10a4 4 0 0 1 4 -4h8a4 4 0 0 1 4 4v10a2 2 0 0 1 -2 2H6a2 2 0 0 1 -2 -2zM8 10h8M8 18h8M8 22v-6a2 2 0 0 1 2 -2h4a2 2 0 0 1 2 2v6M9 6V4a2 2 0 0 1 2 -2h2a2 2 0 0 1 2 2v2
badge	account,social,shapes	check,verified,unverified	M3.85 8.62a4 4 0 0 1 4.78 -4.77 4 4 0 0 1 6.74 0 4 4 0 0 1 4.78 4.78 4 4 0 0 1 0 6.74 4 4 0 0 1 -4.77 4.78 4 4 0 0 1 -6.75 0 4 4 0 0 1 -4.78 -4.77 4 4 0 0 1 0 -6.76Z
badge-alert	account,social	check,verified,unverified,security,safety,issue	M3.85 8.62a4 4 0 0 1 4.78 -4.77 4 4 0 0 1 6.74 0 4 4 0 0 1 4.78 4.78 4 4 0 0 1 0 6.74 4 4 0 0 1 -4.77 4.78 4 4 0 0 1 -6.75 0 4 4 0 0 1 -4.78 -4.77 4 4 0 0 1 0 -6.76ZM12 8L12 12M12 16L12.01 16
badge-cent	shopping,finance	discount,offer,sale,voucher,tag,monetization,marketing,finance,financial,exchange,transaction,payment,cents,dollar,usd,$,¢	M3.85 8.62a4 4 0 0 1 4.78 -4.77 4 4 0 0 1 6.74 0 4 4 0 0 1 4.78 4.78 4 4 0 0 1 0 6.74 4 4 0 0 1 -4.77 4.78 4 4 0 0 1 -6.75 0 4 4 0 0 1 -4.78 -4.77 4 4 0 0 1 0 -6.76ZM12 7v10M15.4 10a4 4 0 1 0 0 4
badge-check	social	verified,check	M3.85 8.62a4 4 0 0 1 4.78 -4.77 4 4 0 0 1 6.74 0 4 4 0 0 1 4.78 4.78 4 4 0 0 1 0 6.74 4 4 0 0 1 -4.77 4.78 4 4 0 0 1 -6.75 0 4 4 0 0 1 -4.78 -4.77 4 4 0 0 1 0 -6.76ZM16 9l-5.5 5.5L8 12
badge-dollar-sign	shopping,finance	discount,offer,sale,voucher,tag,monetization,marketing,finance,financial,exchange,transaction,payment,usd,$	M3.85 8.62a4 4 0 0 1 4.78 -4.77 4 4 0 0 1 6.74 0 4 4 0 0 1 4.78 4.78 4 4 0 0 1 0 6.74 4 4 0 0 1 -4.77 4.78 4 4 0 0 1 -6.75 0 4 4 0 0 1 -4.78 -4.77 4 4 0 0 1 0 -6.76ZM16 8h-6a2 2 0 1 0 0 4h4a2 2 0 1 1 0 4H8M12 18V6
badge-euro	shopping,finance	discount,offer,sale,voucher,tag,monetization,marketing,finance,financial,exchange,transaction,payment,€	M3.85 8.62a4 4 0 0 1 4.78 -4.77 4 4 0 0 1 6.74 0 4 4 0 0 1 4.78 4.78 4 4 0 0 1 0 6.74 4 4 0 0 1 -4.77 4.78 4 4 0 0 1 -6.75 0 4 4 0 0 1 -4.78 -4.77 4 4 0 0 1 0 -6.76ZM7 12h5M15 9.4a4 4 0 1 0 0 5.2
badge-indian-rupee	shopping,finance	discount,offer,sale,voucher,tag,monetization,marketing,finance,financial,exchange,transaction,payment,inr,₹	M3.85 8.62a4 4 0 0 1 4.78 -4.77 4 4 0 0 1 6.74 0 4 4 0 0 1 4.78 4.78 4 4 0 0 1 0 6.74 4 4 0 0 1 -4.77 4.78 4 4 0 0 1 -6.75 0 4 4 0 0 1 -4.78 -4.77 4 4 0 0 1 0 -6.76ZM8 8h8M8 12h8M13 17l-5 -1h1a4 4 0 0 0 0 -8
badge-info	account,accessibility,social	verified,unverified,help	M3.85 8.62a4 4 0 0 1 4.78 -4.77 4 4 0 0 1 6.74 0 4 4 0 0 1 4.78 4.78 4 4 0 0 1 0 6.74 4 4 0 0 1 -4.77 4.78 4 4 0 0 1 -6.75 0 4 4 0 0 1 -4.78 -4.77 4 4 0 0 1 0 -6.76ZM12 16L12 12M12 8L12.01 8
badge-japanese-yen	shopping,finance	discount,offer,sale,voucher,tag,monetization,marketing,finance,financial,exchange,transaction,payment,jpy,¥	M3.85 8.62a4 4 0 0 1 4.78 -4.77 4 4 0 0 1 6.74 0 4 4 0 0 1 4.78 4.78 4 4 0 0 1 0 6.74 4 4 0 0 1 -4.77 4.78 4 4 0 0 1 -6.75 0 4 4 0 0 1 -4.78 -4.77 4 4 0 0 1 0 -6.76ZM9 8l3 3v7M12 11l3 -3M9 12h6M9 16h6
badge-minus	social	verified,unverified,delete,remove,erase	M3.85 8.62a4 4 0 0 1 4.78 -4.77 4 4 0 0 1 6.74 0 4 4 0 0 1 4.78 4.78 4 4 0 0 1 0 6.74 4 4 0 0 1 -4.77 4.78 4 4 0 0 1 -6.75 0 4 4 0 0 1 -4.78 -4.77 4 4 0 0 1 0 -6.76ZM8 12L16 12
badge-percent	social,finance,shopping,math	verified,unverified,sale,discount,offer,marketing,sticker,price tag	M3.85 8.62a4 4 0 0 1 4.78 -4.77 4 4 0 0 1 6.74 0 4 4 0 0 1 4.78 4.78 4 4 0 0 1 0 6.74 4 4 0 0 1 -4.77 4.78 4 4 0 0 1 -6.75 0 4 4 0 0 1 -4.78 -4.77 4 4 0 0 1 0 -6.76ZM15 9l-6 6M9 9h.01M15 15h.01
badge-plus	social	verified,unverified,add,create,new	M3.85 8.62a4 4 0 0 1 4.78 -4.77 4 4 0 0 1 6.74 0 4 4 0 0 1 4.78 4.78 4 4 0 0 1 0 6.74 4 4 0 0 1 -4.77 4.78 4 4 0 0 1 -6.75 0 4 4 0 0 1 -4.78 -4.77 4 4 0 0 1 0 -6.76ZM12 8L12 16M8 12L16 12
badge-pound-sterling	shopping,finance	discount,offer,sale,voucher,tag,monetization,marketing,finance,financial,exchange,transaction,payment,british,gbp,£	M3.85 8.62a4 4 0 0 1 4.78 -4.77 4 4 0 0 1 6.74 0 4 4 0 0 1 4.78 4.78 4 4 0 0 1 0 6.74 4 4 0 0 1 -4.77 4.78 4 4 0 0 1 -6.75 0 4 4 0 0 1 -4.78 -4.77 4 4 0 0 1 0 -6.76ZM8 12h4M10 16V9.5a2.5 2.5 0 0 1 5 0M8 16h7
badge-question-mark	accessibility,social,shapes	verified,unverified,help	M3.85 8.62a4 4 0 0 1 4.78 -4.77 4 4 0 0 1 6.74 0 4 4 0 0 1 4.78 4.78 4 4 0 0 1 0 6.74 4 4 0 0 1 -4.77 4.78 4 4 0 0 1 -6.75 0 4 4 0 0 1 -4.78 -4.77 4 4 0 0 1 0 -6.76ZM9.09 9a3 3 0 0 1 5.83 1c0 2 -3 3 -3 3M12 17L12.01 17
badge-russian-ruble	shopping,finance	discount,offer,sale,voucher,tag,monetization,marketing,finance,financial,exchange,transaction,payment,rub,₽	M3.85 8.62a4 4 0 0 1 4.78 -4.77 4 4 0 0 1 6.74 0 4 4 0 0 1 4.78 4.78 4 4 0 0 1 0 6.74 4 4 0 0 1 -4.77 4.78 4 4 0 0 1 -6.75 0 4 4 0 0 1 -4.78 -4.77 4 4 0 0 1 0 -6.76ZM9 16h5M9 12h5a2 2 0 1 0 0 -4h-3v9
badge-swiss-franc	shopping,finance	discount,offer,sale,voucher,tag,monetization,marketing,finance,financial,exchange,transaction,payment,chf,₣	M3.85 8.62a4 4 0 0 1 4.78 -4.77 4 4 0 0 1 6.74 0 4 4 0 0 1 4.78 4.78 4 4 0 0 1 0 6.74 4 4 0 0 1 -4.77 4.78 4 4 0 0 1 -6.75 0 4 4 0 0 1 -4.78 -4.77 4 4 0 0 1 0 -6.76ZM11 17V8h4M11 12h3M9 16h4
badge-turkish-lira	shopping,finance	discount,offer,sale,voucher,tag,monetization,marketing,finance,financial,exchange,transaction,payment,try,₺	M11 7v10a5 5 0 0 0 5 -5M15 8l-6 3M3.85 8.62a4 4 0 0 1 4.78 -4.77 4 4 0 0 1 6.74 0 4 4 0 0 1 4.78 4.78 4 4 0 0 1 0 6.74 4 4 0 0 1 -4.77 4.78 4 4 0 0 1 -6.75 0 4 4 0 0 1 -4.78 -4.77 4 4 0 0 1 0 -6.76
badge-x	social	verified,unverified,lost,delete,remove	M3.85 8.62a4 4 0 0 1 4.78 -4.77 4 4 0 0 1 6.74 0 4 4 0 0 1 4.78 4.78 4 4 0 0 1 0 6.74 4 4 0 0 1 -4.77 4.78 4 4 0 0 1 -6.75 0 4 4 0 0 1 -4.78 -4.77 4 4 0 0 1 0 -6.76ZM15 9L9 15M9 9L15 15
baggage-claim	transportation,travel	baggage,luggage,travel,cart,trolley,suitcase	M22 18H6a2 2 0 0 1 -2 -2V7a2 2 0 0 0 -2 -2M17 14V4a2 2 0 0 0 -2 -2h-1a2 2 0 0 0 -2 2v10M9 6h11a1 1 0 0 1 1 1v6a1 1 0 0 1 -1 1h-11a1 1 0 0 1 -1 -1v-6a1 1 0 0 1 1 -1zM16 20a2 2 0 1 0 4 0a2 2 0 1 0 -4 0zM7 20a2 2 0 1 0 4 0a2 2 0 1 0 -4 0z
balloon	emoji	party,festival,congratulations,celebration,decoration,colorful,floating,fun,birthday,event,entertainment	M12 16v1a2 2 0 0 0 2 2h1a2 2 0 0 1 2 2v1M12 6a2 2 0 0 1 2 2M18 8c0 4 -3.5 8 -6 8s-6 -4 -6 -8a6 6 0 0 1 12 0
ban	account	cancel,no,stop,forbidden,prohibited,error,incorrect,mistake,wrong,failure,circle,slash,null,void	M2 12a10 10 0 1 0 20 0a10 10 0 1 0 -20 0zM4.929 4.929L19.07 19.071
banana	food-beverage	fruit,food	M4 13c3.5 -2 8 -2 10 2a5.5 5.5 0 0 1 8 5M5.15 17.89c5.52 -1.52 8.65 -6.89 7 -12C11.55 4 11.5 2 13 2c3.22 0 5 5.5 5 8 0 6.5 -4.2 12 -10.49 12C5.11 22 2 22 2 20c0 -1.5 1.14 -1.55 3.15 -2.11Z
bandage	medical	plaster,band-aid,first aid,medical,health,wound,injury,care,treatment,healing,protection,emergency,aid,safety,patch	M10 10.01h.01M10 14.01h.01M14 10.01h.01M14 14.01h.01M18 6v12M6 6v12M4 6h16a2 2 0 0 1 2 2v8a2 2 0 0 1 -2 2h-16a2 2 0 0 1 -2 -2v-8a2 2 0 0 1 2 -2z
bangladeshi-taka	finance,shopping,travel	currency,money,payment,bdt,৳,currencysymbol,cash,banknote,price,remittance,ecommerce	M6 5a2 2 0 0 1 4 0v12a4 4 0 0 0 8 0 2 2 0 0 0 -4 0M6 9h12
banknote	finance	currency,money,payment	M4 6h16a2 2 0 0 1 2 2v8a2 2 0 0 1 -2 2h-16a2 2 0 0 1 -2 -2v-8a2 2 0 0 1 2 -2zM10 12a2 2 0 1 0 4 0a2 2 0 1 0 -4 0zM6 12h.01M18 12h.01
banknote-arrow-down	finance	bill,currency,money,payment,funds,transaction,cash,finance,withdraw,expense,out,payout,refund,debit,spending,decrease	M12 18H4a2 2 0 0 1 -2 -2V8a2 2 0 0 1 2 -2h16a2 2 0 0 1 2 2v5M16 19l3 3 3 -3M18 12h.01M19 16v6M6 12h.01M10 12a2 2 0 1 0 4 0a2 2 0 1 0 -4 0z
banknote-arrow-up	finance	bill,currency,money,payment,funds,transaction,cash,finance,deposit,earnings,income,in,credit,prepaid,growth,increase	M12 18H4a2 2 0 0 1 -2 -2V8a2 2 0 0 1 2 -2h16a2 2 0 0 1 2 2v5M18 12h.01M19 22v-6M22 19l-3 -3 -3 3M6 12h.01M10 12a2 2 0 1 0 4 0a2 2 0 1 0 -4 0z
banknote-check	finance	banknote,bill,currency,payment,money,finance,document,verification,tick,verified,accepted,done,complete,found,paid,task,check,success	M11.748 18H4a2 2 0 0 1 -2 -2V8a2 2 0 0 1 2 -2h16a2 2 0 0 1 2 2v4.875M16 19l2 2 4 -4M18 12h.01M6 12h.01M10 12a2 2 0 1 0 4 0a2 2 0 1 0 -4 0z
banknote-x	finance	bill,currency,money,payment,funds,transaction,cash,finance,error,failed,rejected,canceled,declined,lost,delete,remove	M13 18H4a2 2 0 0 1 -2 -2V8a2 2 0 0 1 2 -2h16a2 2 0 0 1 2 2v5M17 17l5 5M18 12h.01M22 17l-5 5M6 12h.01M10 12a2 2 0 1 0 4 0a2 2 0 1 0 -4 0z
barcode	shopping	scan,checkout,till,cart,transaction,purchase,buy,product,packaging,retail,consumer	M3 5v14M8 5v14M12 5v14M17 5v14M21 5v14
barrel	food-beverage,navigation	keg,drum,tank,wine,beer,oak,wood,firkin,hogshead,kilderkin,barrique,solera,aging,whiskey,brewery,distillery,winery,vineyard	M10 3a41 41 0 0 0 0 18M14 3a41 41 0 0 1 0 18M16.997 21a2 2 0 0 0 1.68 -.92 15.25 15.25 0 0 0 0 -16.16 2 2 0 0 0 -1.68 -.92h-10a2 2 0 0 0 -1.681 .92 15.25 15.25 0 0 0 0 16.16 2 2 0 0 0 1.681 .92zM3.54 16h16.914M3.54 8h16.914
baseline	text	text,format,color	M4 20h16M6 16l6 -12 6 12M8 12h8
bath	travel	amenities,services,bathroom,shower	M10 4L8 6M17 19v2M2 12h20M7 19v2M9 5L7.621 3.621A2.121 2.121 0 0 0 4 5v12a2 2 0 0 0 2 2h12a2 2 0 0 0 2 -2v-5
battery	connectivity,devices	power,electricity,energy,accumulator,charge	M22 14L22 10M4 6h12a2 2 0 0 1 2 2v8a2 2 0 0 1 -2 2h-12a2 2 0 0 1 -2 -2v-8a2 2 0 0 1 2 -2z
battery-charging	connectivity,devices	power,electricity,energy,accumulator,charge	M11 7l-3 5h4l-3 5M14.856 6H16a2 2 0 0 1 2 2v8a2 2 0 0 1 -2 2h-2.935M22 14v-4M5.14 18H4a2 2 0 0 1 -2 -2V8a2 2 0 0 1 2 -2h2.936
battery-full	connectivity,devices	power,electricity,energy,accumulator,charge	M10 10v4M14 10v4M22 14v-4M6 10v4M4 6h12a2 2 0 0 1 2 2v8a2 2 0 0 1 -2 2h-12a2 2 0 0 1 -2 -2v-8a2 2 0 0 1 2 -2z
battery-low	connectivity,devices	power,electricity,energy,accumulator,charge	M22 14v-4M6 14v-4M4 6h12a2 2 0 0 1 2 2v8a2 2 0 0 1 -2 2h-12a2 2 0 0 1 -2 -2v-8a2 2 0 0 1 2 -2z
battery-medium	connectivity,devices	power,electricity,energy,accumulator,charge	M10 14v-4M22 14v-4M6 14v-4M4 6h12a2 2 0 0 1 2 2v8a2 2 0 0 1 -2 2h-12a2 2 0 0 1 -2 -2v-8a2 2 0 0 1 2 -2z
battery-plus	devices	power,electricity,energy,accumulator,charge,plus,economy,health,add,new,maximum,upgrade,extra,+	M10 9v6M12.543 6H16a2 2 0 0 1 2 2v8a2 2 0 0 1 -2 2h-3.605M22 14v-4M7 12h6M7.606 18H4a2 2 0 0 1 -2 -2V8a2 2 0 0 1 2 -2h3.606
battery-warning	connectivity,devices	power,electricity,energy,accumulator,charge,exclamation mark	M10 17h.01M10 7v6M14 6h2a2 2 0 0 1 2 2v8a2 2 0 0 1 -2 2h-2M22 14v-4M6 18H4a2 2 0 0 1 -2 -2V8a2 2 0 0 1 2 -2h2
beaker	science,gaming	cup,lab,chemistry,experiment,test	M4.5 3h15M6 3v16a2 2 0 0 0 2 2h8a2 2 0 0 0 2 -2V3M6 14h12
bean	food-beverage	legume,soy,food,seed	M10.165 6.598C9.954 7.478 9.64 8.36 9 9c-.64 .64 -1.521 .954 -2.402 1.165A6 6 0 0 0 8 22c7.732 0 14 -6.268 14 -14a6 6 0 0 0 -11.835 -1.402ZM5.341 10.62a4 4 0 1 0 5.279 -5.28
bean-off	food-beverage	soy free,legume,soy,food,seed,allergy,intolerance,diet	M9 9c-.64 .64 -1.521 .954 -2.402 1.165A6 6 0 0 0 8 22a13.96 13.96 0 0 0 9.9 -4.1M10.75 5.093A6 6 0 0 1 22 8c0 2.411 -.61 4.68 -1.683 6.66M5.341 10.62a4 4 0 0 0 6.487 1.208M10.62 5.341a4.015 4.015 0 0 1 2.039 2.04M2 2L22 22
bed	home	sleep,hotel,furniture	M2 4v16M2 8h18a2 2 0 0 1 2 2v10M2 17h20M6 8v9
bed-double	home	sleep,hotel,furniture	M2 20v-8a2 2 0 0 1 2 -2h16a2 2 0 0 1 2 2v8M4 10V6a2 2 0 0 1 2 -2h12a2 2 0 0 1 2 2v4M12 4v6M2 18h20
bed-single	home	sleep,hotel,furniture	M3 20v-8a2 2 0 0 1 2 -2h14a2 2 0 0 1 2 2v8M5 10V6a2 2 0 0 1 2 -2h10a2 2 0 0 1 2 2v4M3 18h18
beef	food-beverage	food,dish,restaurant,course,meal,meat,bbq,steak	M16.4 13.7A6.5 6.5 0 1 0 6.28 6.6c-1.1 3.13 -.78 3.9 -3.18 6.08A3 3 0 0 0 5 18c4 0 8.4 -1.8 11.4 -4.3M18.5 6l1.754 3.5a6.48 6.48 0 0 1 -1.854 8.2C15.4 20.2 11 22 7 22a3 3 0 0 1 -2.68 -1.66L2.4 16.5M10 8.5a2.5 2.5 0 1 0 5 0a2.5 2.5 0 1 0 -5 0z
beef-off	food-beverage	food,dish,restaurant,course,meal,meat,bbq,steak,vegetarian	M11.771 6.109a2.5 2.5 0 0 1 3.12 3.12M17.852 12.185a6.5 6.5 0 0 0 -9.035 -9.04M18.013 18.013C15.029 20.349 10.831 22 7 22a3 3 0 0 1 -2.68 -1.66L2.4 16.5M18.5 6l2.19 4.5a6.48 6.48 0 0 1 -.139 4.393M2 2l20 20M6.355 6.37a7 7 0 0 0 -.075 .23c-1.1 3.13 -.78 3.9 -3.18 6.08A3 3 0 0 0 5 18c3.356 0 6.993 -1.267 9.85 -3.151
beer	food-beverage	alcohol,bar,beverage,brewery,drink	M17 11h1a3 3 0 0 1 0 6h-1M9 12v6M13 12v6M14 7.5c-1 0 -1.44 .5 -3 .5s-2 -.5 -3 -.5 -1.72 .5 -2.5 .5a2.5 2.5 0 0 1 0 -5c.78 0 1.57 .5 2.5 .5S9.44 2 11 2s2 1.5 3 1.5 1.72 -.5 2.5 -.5a2.5 2.5 0 0 1 0 5c-.78 0 -1.5 -.5 -2.5 -.5ZM5 8v12a2 2 0 0 0 2 2h8a2 2 0 0 0 2 -2V8
beer-off	food-beverage	alcohol,bar,beverage,brewery,drink	M13 13v5M17 11.47V8M17 11h1a3 3 0 0 1 2.745 4.211M2 2l20 20M5 8v12a2 2 0 0 0 2 2h8a2 2 0 0 0 2 -2v-3M7.536 7.535C6.766 7.649 6.154 8 5.5 8a2.5 2.5 0 0 1 -1.768 -4.268M8.727 3.204C9.306 2.767 9.885 2 11 2c1.56 0 2 1.5 3 1.5s1.72 -.5 2.5 -.5a1 1 0 1 1 0 5c-.78 0 -1.5 -.5 -2.5 -.5a3.149 3.149 0 0 0 -.842 .12M9 14.6V18
bell	account,notifications	alarm,notification,sound,reminder	M10.268 21a2 2 0 0 0 3.464 0M3.262 15.326A1 1 0 0 0 4 17h16a1 1 0 0 0 .74 -1.673C19.41 13.956 18 12.499 18 8A6 6 0 0 0 6 8c0 4.499 -1.411 5.956 -2.738 7.326
bell-check	account,notifications	alarm,notification,sound,reminder	M10.268 21a2 2 0 0 0 3.464 0M15 8l2 2 4 -4M16.861 4.482A6 6 0 0 0 6 8C6 12.499 4.589 13.956 3.262 15.326M3.262 15.326A1 1 0 0 0 4 17H20A1 1 0 0 0 20.74 15.327C20.209 14.779 19.665 14.218 19.203 13.454
bell-dot	account,notifications	alarm,notification,sound,reminder,unread	M10.268 21a2 2 0 0 0 3.464 0M11.68 2.009A6 6 0 0 0 6 8c0 4.499 -1.411 5.956 -2.738 7.326A1 1 0 0 0 4 17h16a1 1 0 0 0 .74 -1.673c-.824 -.85 -1.678 -1.731 -2.21 -3.348M15 5a3 3 0 1 0 6 0a3 3 0 1 0 -6 0z
bell-electric	devices,notifications,home	fire alarm,flames,smoke,firefighter,fireman,department,brigade,station,emergency,alert,safety,school bell,period break,recess,doorbell,entrance,entry,ring,reception	M18.518 17.347A7 7 0 0 1 14 19M18.8 4A11 11 0 0 1 20 9M9 9h.01M18 16a2 2 0 1 0 4 0a2 2 0 1 0 -4 0zM2 9a7 7 0 1 0 14 0a7 7 0 1 0 -14 0zM6 16h6a2 2 0 0 1 2 2v2a2 2 0 0 1 -2 2h-6a2 2 0 0 1 -2 -2v-2a2 2 0 0 1 2 -2z
bell-minus	notifications	alarm,notification,silent,reminder,delete,remove,erase	M10.268 21a2 2 0 0 0 3.464 0M15 8h6M16.243 3.757A6 6 0 0 0 6 8c0 4.499 -1.411 5.956 -2.738 7.326A1 1 0 0 0 4 17h16a1 1 0 0 0 .74 -1.673A9.4 9.4 0 0 1 18.667 12
bell-off	notifications	alarm,notification,silent,reminder	M10.268 21a2 2 0 0 0 3.464 0M17 17H4a1 1 0 0 1 -.74 -1.673C4.59 13.956 6 12.499 6 8a6 6 0 0 1 .258 -1.742M2 2l20 20M8.668 3.01A6 6 0 0 1 18 8c0 2.687 .77 4.653 1.707 6.05
bell-plus	notifications	notification,silent,reminder,add,create,new	M10.268 21a2 2 0 0 0 3.464 0M15 8h6M18 5v6M20.002 14.464a9 9 0 0 0 .738 .863A1 1 0 0 1 20 17H4a1 1 0 0 1 -.74 -1.673C4.59 13.956 6 12.499 6 8a6 6 0 0 1 8.75 -5.332
bell-ring	notifications	alarm,notification,sound,reminder	M10.268 21a2 2 0 0 0 3.464 0M22 8c0 -2.3 -.8 -4.3 -2 -6M3.262 15.326A1 1 0 0 0 4 17h16a1 1 0 0 0 .74 -1.673C19.41 13.956 18 12.499 18 8A6 6 0 0 0 6 8c0 4.499 -1.411 5.956 -2.738 7.326M4 2C2.8 3.7 2 5.7 2 8
between-horizontal-end	layout,design,tools	insert,add,left,slot,squeeze,space,vertical,grid,table,rows,cells,excel,spreadsheet,accountancy,data,enter,entry,entries,blocks,rectangles,chevron	M4 3h11a1 1 0 0 1 1 1v5a1 1 0 0 1 -1 1h-11a1 1 0 0 1 -1 -1v-5a1 1 0 0 1 1 -1zM22 15l-3 -3 3 -3M4 14h11a1 1 0 0 1 1 1v5a1 1 0 0 1 -1 1h-11a1 1 0 0 1 -1 -1v-5a1 1 0 0 1 1 -1z
between-horizontal-start	layout,design,tools	insert,add,right,slot,squeeze,space,vertical,grid,table,rows,cells,excel,spreadsheet,accountancy,data,enter,entry,entries,blocks,rectangles,chevron	M9 3h11a1 1 0 0 1 1 1v5a1 1 0 0 1 -1 1h-11a1 1 0 0 1 -1 -1v-5a1 1 0 0 1 1 -1zM2 9l3 3 -3 3M9 14h11a1 1 0 0 1 1 1v5a1 1 0 0 1 -1 1h-11a1 1 0 0 1 -1 -1v-5a1 1 0 0 1 1 -1z
between-vertical-end	layout,design,tools	insert,add,top,slot,squeeze,space,vertical,grid,table,columns,cells,data,enter,entry,entries,blocks,rectangles,chevron	M4 3h5a1 1 0 0 1 1 1v11a1 1 0 0 1 -1 1h-5a1 1 0 0 1 -1 -1v-11a1 1 0 0 1 1 -1zM9 22l3 -3 3 3M15 3h5a1 1 0 0 1 1 1v11a1 1 0 0 1 -1 1h-5a1 1 0 0 1 -1 -1v-11a1 1 0 0 1 1 -1z
between-vertical-start	layout,design,tools	insert,add,bottom,slot,squeeze,space,vertical,grid,table,columns,cells,data,enter,entry,entries,blocks,rectangles,chevron	M4 8h5a1 1 0 0 1 1 1v11a1 1 0 0 1 -1 1h-5a1 1 0 0 1 -1 -1v-11a1 1 0 0 1 1 -1zM15 2l-3 3 -3 -3M15 8h5a1 1 0 0 1 1 1v11a1 1 0 0 1 -1 1h-5a1 1 0 0 1 -1 -1v-11a1 1 0 0 1 1 -1z
biceps-flexed	emoji	arm,muscle,strong,working out,athletic,toned,muscular,forelimb,curled	M12.409 13.017A5 5 0 0 1 22 15c0 3.866 -4 7 -9 7 -4.077 0 -8.153 -.82 -10.371 -2.462 -.426 -.316 -.631 -.832 -.62 -1.362C2.118 12.723 2.627 2 10 2a3 3 0 0 1 3 3 2 2 0 0 1 -2 2c-1.105 0 -1.64 -.444 -2 -1M15 14a5 5 0 0 0 -7.584 2M9.964 6.825C8.019 7.977 9.5 13 8 15
bike	transportation	bicycle,transport,trip	M15 17.5a3.5 3.5 0 1 0 7 0a3.5 3.5 0 1 0 -7 0zM2 17.5a3.5 3.5 0 1 0 7 0a3.5 3.5 0 1 0 -7 0zM14 5a1 1 0 1 0 2 0a1 1 0 1 0 -2 0zM12 17.5V14l-3 -3 4 -3 2 3h2
binary	text,development	code,digits,computer,zero,one,boolean	M16 14h0a2 2 0 0 1 2 2v2a2 2 0 0 1 -2 2h0a2 2 0 0 1 -2 -2v-2a2 2 0 0 1 2 -2zM8 4h0a2 2 0 0 1 2 2v2a2 2 0 0 1 -2 2h0a2 2 0 0 1 -2 -2v-2a2 2 0 0 1 2 -2zM6 20h4M14 10h4M6 14h2v6M14 4h2v6
binoculars	navigation,nature,photography,science,travel,development	field glasses,lorgnette,pince-nez,observation,sightseeing,nature,wildlife,birdwatching,scouting,surveillance,search,discovery,monitoring,lookout,viewpoint,travel,tourism,research	M10 10h4M19 7V4a1 1 0 0 0 -1 -1h-2a1 1 0 0 0 -1 1v3M20 21a2 2 0 0 0 2 -2v-3.851c0 -1.39 -2 -2.962 -2 -4.829V8a1 1 0 0 0 -1 -1h-4a1 1 0 0 0 -1 1v11a2 2 0 0 0 2 2zM22 16L2 16M4 21a2 2 0 0 1 -2 -2v-3.851c0 -1.39 2 -2.962 2 -4.829V8a1 1 0 0 1 1 -1h4a1 1 0 0 1 1 1v11a2 2 0 0 1 -2 2zM9 7V4a1 1 0 0 0 -1 -1H6a1 1 0 0 0 -1 1v3
biohazard	science	fallout,waste,biology,chemistry,chemical,element	M10 11.9a2 2 0 1 0 4 0a2 2 0 1 0 -4 0zM6.7 3.4c-.9 2.5 0 5.2 2.2 6.7C6.5 9 3.7 9.6 2 11.6M8.9 10.1l1.4 .8M17.3 3.4c.9 2.5 0 5.2 -2.2 6.7 2.4 -1.2 5.2 -.6 6.9 1.5M15.1 10.1l-1.4 .8M16.7 20.8c-2.6 -.4 -4.6 -2.6 -4.7 -5.3 -.2 2.6 -2.1 4.8 -4.7 5.2M12 13.9v1.6M13.5 5.4c-1 -.2 -2 -.2 -3 0M17 16.4c.7 -.7 1.2 -1.6 1.5 -2.5M5.5 13.9c.3 .9 .8 1.8 1.5 2.5
bird	animals	peace,freedom,wing,avian,tweet	M16 7h.01M3.4 18H12a8 8 0 0 0 8 -8V7a4 4 0 0 0 -7.28 -2.3L2 20M20 7l2 .5 -2 .5M10 18v3M14 17.75V21M7 18a6 6 0 0 0 3.84 -10.61
birdhouse	nature,animals,navigation,home	birdhouse,bird,garden,home,house,woodwork	M12 18v4M17 18l1.956 -11.468M3 8l7.82 -5.615a2 2 0 0 1 2.36 0L21 8M4 18h16M7 18L5.044 6.532M10 10a2 2 0 1 0 4 0a2 2 0 1 0 -4 0z
bitcoin	development,finance	cryptocurrency,digital,blockchain,finance,coin,market,decentralized,investment,crypto,currency,money,payment	M11.767 19.089c4.924 .868 6.14 -6.025 1.216 -6.894m-1.216 6.894L5.86 18.047m5.908 1.042l-.347 1.97m1.563 -8.864c4.924 .869 6.14 -6.025 1.215 -6.893m-1.215 6.893l-3.94 -.694m5.155 -6.2L8.29 4.26m5.908 1.042l.348 -1.97M7.48 20.364l3.126 -17.727
blend	design,photography,tools,development	mode,overlay,multiply,screen,opacity,transparency,alpha,filters,lenses,mixed,shades,tints,hues,saturation,brightness,overlap,colors,colours,marriage,rings,couple,connection	M8 9a7 7 0 1 0 14 0a7 7 0 1 0 -14 0zM2 15a7 7 0 1 0 14 0a7 7 0 1 0 -14 0z
blender	food-beverage,home	mixer,appliances,food,liquid,juicer,vitamizer,mix,emulsify,smoothie,drink,blade,container,kitchen,milkshake,cocktail,beverage,culinary,shredder,processor,cooking,recipe,chef,restaurant	M8 14a2 2 0 0 0 -1.963 1.615l-1.018 5.193A1 1 0 0 0 6 22h12a1 1 0 0 0 .981 -1.192l-1.018 -5.193A2 2 0 0 0 16 14zM17 2l-1 12M8.006 14L7 2M7.565 8.787A5 5 0 0 0 12 8a5 5 0 0 1 4.56 -.75M19 2H5a2 2 0 0 0 -2 2v5a2 2 0 0 0 .688 1.5M12 18h.01
blinds	home	shades,screen,curtain,shutter,roller blind,window,lighting,household,home	M3 3h18M20 7H8M20 11H8M10 19h10M8 15h12M4 3v14M2 19a2 2 0 1 0 4 0a2 2 0 1 0 -4 0z
blocks	development,layout,shapes	addon,plugin,integration,extension,package,build,stack,toys,kids,children,learning,squares,corner	M10 22V7a1 1 0 0 0 -1 -1H4a2 2 0 0 0 -2 2v12a2 2 0 0 0 2 2h12a2 2 0 0 0 2 -2v-5a1 1 0 0 0 -1 -1H2M15 2h6a1 1 0 0 1 1 1v6a1 1 0 0 1 -1 1h-6a1 1 0 0 1 -1 -1v-6a1 1 0 0 1 1 -1z
bluetooth	connectivity,devices	wireless	M7 7l10 10 -5 5V2l5 5L7 17
bluetooth-connected	connectivity,devices	paired	M7 7l10 10 -5 5V2l5 5L7 17M18 12L21 12M3 12L6 12
bluetooth-off	connectivity,devices	lost	M17 17l-5 5V12l-5 5M2 2l20 20M14.5 9.5L17 7l-5 -5v4.5
bluetooth-searching	connectivity,devices	pairing	M7 7l10 10 -5 5V2l5 5L7 17M20.83 14.83a4 4 0 0 0 0 -5.66M18 12h.01
bold	text	text,strong,format	M6 12h9a4 4 0 0 1 0 8H7a1 1 0 0 1 -1 -1V5a1 1 0 0 1 1 -1h7a4 4 0 0 1 0 8
bolt	tools,home	nut,screw,settings,preferences,configuration,controls,edit,diy,fixed,build,construction,parts	M21 16V8a2 2 0 0 0 -1 -1.73l-7 -4a2 2 0 0 0 -2 0l-7 4A2 2 0 0 0 3 8v8a2 2 0 0 0 1 1.73l7 4a2 2 0 0 0 2 0l7 -4A2 2 0 0 0 21 16zM8 12a4 4 0 1 0 8 0a4 4 0 1 0 -8 0z
bomb	security,tools	fatal,error,crash,blockbuster,mine,explosion,explode,explosive	M2 13a9 9 0 1 0 18 0a9 9 0 1 0 -18 0zM14.35 4.65L16.3 2.7a2.41 2.41 0 0 1 3.4 0l1.6 1.6a2.4 2.4 0 0 1 0 3.4l-1.95 1.95M22 2l-1.5 1.5
bone	animals,medical,gaming	health,skeleton,skull,death,pets,dog	M17 10c.7 -.7 1.69 0 2.5 0a2.5 2.5 0 1 0 0 -5 .5 .5 0 0 1 -.5 -.5 2.5 2.5 0 1 0 -5 0c0 .81 .7 1.8 0 2.5l-7 7c-.7 .7 -1.69 0 -2.5 0a2.5 2.5 0 0 0 0 5c.28 0 .5 .22 .5 .5a2.5 2.5 0 1 0 5 0c0 -.81 -.7 -1.8 0 -2.5Z
bone-fracture	medical,animals	bone,fracture,injury,orthopedic,medical,anatomy,skeletal,broken,xray,trauma,health,vet,veterinary,crack,break,damage	M14 4.5a1 1 0 0 1 5 0 .5 .5 0 0 0 .5 .5 1 1 0 0 1 0 5c-.81 0 -1.8 -.7 -2.5 0l-1.958 1.957a.15 .15 0 0 1 -.252 -.072l-.493 -2.07a.15 .15 0 0 0 -.111 -.112l-2.072 -.494a.15 .15 0 0 1 -.072 -.252L14 7c.7 -.7 0 -1.69 0 -2.5M16 20l-1 -2M20 16l-2 -1M4 8l2 1M8 4l1 2M9.698 14.19a.15 .15 0 0 0 .112 .112l2.074 .489a.15 .15 0 0 1 .072 .252L10 17c-.7 .7 0 1.69 0 2.5a1 1 0 0 1 -5 0 .495 .495 0 0 0 -.5 -.5 1 1 0 0 1 0 -5c.81 0 1.8 .7 2.5 0l1.956 -1.957a.15 .15 0 0 1 .252 .072z
book	text,development,gaming	reading,paperback,booklet,magazine,leaflet,pamphlet,tome,library,writing,written,writer,author,story,script,fiction,novel,information,knowledge,education,high school,university,college,academy,student,study,learning,homework,research,documentation	M4 19.5v-15A2.5 2.5 0 0 1 6.5 2H19a1 1 0 0 1 1 1v18a1 1 0 0 1 -1 1H6.5a1 1 0 0 1 0 -5H20
book-a	text,gaming	dictionary,define,definition,thesaurus,encyclopedia,encyclopaedia,reading,booklet,magazine,leaflet,pamphlet,tome,library,writing,written,writer,author,story,script,fiction,novel,information,knowledge,education,high school,university,college,academy,student,study,learning,homework,research,language,translate,alphabetical,a-z,ordered	M4 19.5v-15A2.5 2.5 0 0 1 6.5 2H19a1 1 0 0 1 1 1v18a1 1 0 0 1 -1 1H6.5a1 1 0 0 1 0 -5H20M8 13l4 -7 4 7M9.1 11h5.7
book-alert	text,development,gaming	reading,paperback,booklet,magazine,leaflet,pamphlet,tome,library,writing,written,writer,author,story,script,fiction,novel,information,knowledge,education,high school,university,college,academy,student,study,learning,homework,research,documentation,warning,alert,danger,exclamation mark	M12 13h.01M12 6v3M4 19.5v-15A2.5 2.5 0 0 1 6.5 2H19a1 1 0 0 1 1 1v18a1 1 0 0 1 -1 1H6.5a1 1 0 0 1 0 -5H20
book-audio	multimedia,text	audiobook,reading,listening,sound,story,fiction,novel,information,knowledge,education,student,study,learning,research	M12 6v7M16 8v3M4 19.5v-15A2.5 2.5 0 0 1 6.5 2H19a1 1 0 0 1 1 1v18a1 1 0 0 1 -1 1H6.5a1 1 0 0 1 0 -5H20M8 8v3
book-bookmark	text,development,gaming	dictionary,reading,booklet,magazine,leaflet,pamphlet,tome,library,writing,written,writer,author,story,script,fiction,novel,information,knowledge,education,high school,university,college,academy,student,study,learning,homework,research,documentation,saved,later,future,reference,index,code,coding,version control,git,repository	M10 2v7.751a.25 .25 0 0 0 .407 .195l2.28 -1.834a.5 .5 0 0 1 .627 0l2.28 1.834A.25 .25 0 0 0 16 9.751V2M4 19.5v-15A2.5 2.5 0 0 1 6.5 2H19a1 1 0 0 1 1 1v18a1 1 0 0 1 -1 1H6.5a1 1 0 0 1 0 -5H20
book-check	text,development,gaming	read,booklet,magazine,leaflet,pamphlet,library,written,authored,published,informed,knowledgeable,educated,schooled,homework,examined,tested,marked,passed,graduated,studied,learned,lesson,researched,documented,revealed,blank,plain language,true,truth,verified,corrected,task,todo,done,completed,finished,ticked	M4 19.5v-15A2.5 2.5 0 0 1 6.5 2H19a1 1 0 0 1 1 1v18a1 1 0 0 1 -1 1H6.5a1 1 0 0 1 0 -5H20M9 9.5l2 2 4 -4
book-copy	development,text,gaming	code,coding,version control,git,repository,clone,fork,duplicate,multiple,books,library,copies,copied,plagiarism,plagiarised,plagiarized,reading list,information,informed,knowledge,knowledgeable,knowledgable,education,high school,university,college,academy,student,study,learning,research,smart,intelligent,intellectual	M5 7a2 2 0 0 0 -2 2v11M5.803 18H5a2 2 0 0 0 0 4h9.5a.5 .5 0 0 0 .5 -.5V21M9 15V4a2 2 0 0 1 2 -2h9.5a.5 .5 0 0 1 .5 .5v14a.5 .5 0 0 1 -.5 .5H11a2 2 0 0 1 0 -4h10
book-dashed	development	code,coding,version control,git,repository,template,draft,script,screenplay,writing,writer,author,unwritten,unpublished,untold	M12 17h1.5M12 22h1.5M12 2h1.5M17.5 22H19a1 1 0 0 0 1 -1M17.5 2H19a1 1 0 0 1 1 1v1.5M20 14v3h-2.5M20 8.5V10M4 10V8.5M4 19.5V14M4 4.5A2.5 2.5 0 0 1 6.5 2H8M8 22H6.5a1 1 0 0 1 0 -5H8
book-down	development	code,coding,version control,git,repository,pull	M12 13V7M4 19.5v-15A2.5 2.5 0 0 1 6.5 2H19a1 1 0 0 1 1 1v18a1 1 0 0 1 -1 1H6.5a1 1 0 0 1 0 -5H20M9 10l3 3 3 -3
book-headphones	multimedia,text	audiobook,reading,listening,sound,story,fiction,novel,information,knowledge,education,student,study,learning,research	M4 19.5v-15A2.5 2.5 0 0 1 6.5 2H19a1 1 0 0 1 1 1v18a1 1 0 0 1 -1 1H6.5a1 1 0 0 1 0 -5H20M8 12v-2a4 4 0 0 1 8 0v2M14 12a1 1 0 1 0 2 0a1 1 0 1 0 -2 0zM8 12a1 1 0 1 0 2 0a1 1 0 1 0 -2 0z
book-heart	social,text,gaming	diary,romance,novel,journal,entry,entries,personal,private,secret,crush,like,love,emotion,feminine,girls,teens,teenager,therapy,therapeutic,therapist,planner,organizer,organiser,notes,notepad,stationery,sketchbook,writing,written,reading,favorite,favourite,high school	M4 19.5v-15A2.5 2.5 0 0 1 6.5 2H19a1 1 0 0 1 1 1v18a1 1 0 0 1 -1 1H6.5a1 1 0 0 1 0 -5H20M8.62 9.8A2.25 2.25 0 1 1 12 6.836a2.25 2.25 0 1 1 3.38 2.966l-2.626 2.856a.998 .998 0 0 1 -1.507 0z
book-image	photography,text,multimedia,files,social,shopping,travel	images,pictures,photos,album,collection,event,magazine,catalog,catalogue,brochure,browse,gallery	M20 13.7l-2.1 -2.1a2 2 0 0 0 -2.8 0L9.7 17M4 19.5v-15A2.5 2.5 0 0 1 6.5 2H19a1 1 0 0 1 1 1v18a1 1 0 0 1 -1 1H6.5a1 1 0 0 1 0 -5H20M8 8a2 2 0 1 0 4 0a2 2 0 1 0 -4 0z
book-key	development,security,gaming	code,coding,version control,git,repository,private,public,secret,unlocked,hidden,revealed,knowledge,learning	M13 2H6.5A2.5 2.5 0 0 0 4 4.5v15M17 2v6M17 4h2M20 15.2V21a1 1 0 0 1 -1 1H6.5a1 1 0 0 1 0 -5H20M15 10a2 2 0 1 0 4 0a2 2 0 1 0 -4 0z
book-lock	development,security,gaming	code,coding,version control,git,repository,private,secret,hidden,knowledge	M18 6V4a2 2 0 1 0 -4 0v2M20 15v6a1 1 0 0 1 -1 1H6.5a1 1 0 0 1 0 -5H20M4 19.5v-15A2.5 2.5 0 0 1 6.5 2H10M13 6h6a1 1 0 0 1 1 1v3a1 1 0 0 1 -1 1h-6a1 1 0 0 1 -1 -1v-3a1 1 0 0 1 1 -1z
book-minus	development,text,gaming	code,coding,version control,git,repository,remove,delete,censor,cancel,forbid,prohibit,ban,uneducated,re-educate,unlearn,downgrade	M4 19.5v-15A2.5 2.5 0 0 1 6.5 2H19a1 1 0 0 1 1 1v18a1 1 0 0 1 -1 1H6.5a1 1 0 0 1 0 -5H20M9 10h6
book-open	text,development,gaming	reading,pages,booklet,magazine,leaflet,pamphlet,library,writing,written,writer,author,story,script,screenplay,fiction,novel,information,knowledge,education,high school,university,college,academy,student,study,learning,homework,research,documentation,revealed,blank,plain	M12 5v16M20.001 19A2 2 0 0 0 22 17V5a2 2 0 0 0 -1.999 -2L16 3.002A5 5 0 0 0 12 5a5 5 0 0 0 -4 -2H4a2 2 0 0 0 -2 2v12a2 2 0 0 0 1.999 2H8a5 5 0 0 1 4 2 5 5 0 0 1 4 -2z
book-open-check	text,development,gaming	read,pages,booklet,magazine,leaflet,pamphlet,library,written,authored,published,informed,knowledgeable,educated,schooled,homework,examined,tested,marked,passed,graduated,studied,learned,lesson,researched,documented,revealed,blank,plain language,true,truth,verified,corrected,task,todo,done,completed,finished,ticked	M12 5v16M16 12l2 2 4 -4M22 6V5a2 2 0 0 0 -1.999 -2L16 3.002A5 5 0 0 0 12 5a5 5 0 0 0 -4 -2H4a2 2 0 0 0 -2 2v12a2 2 0 0 0 1.999 2H8a5 5 0 0 1 4 2 5 5 0 0 1 4 -2h4.001A2 2 0 0 0 22 17v-1.344
book-open-text	text,development	reading,pages,booklet,magazine,leaflet,pamphlet,library,writing,written,writer,author,story,script,fiction,novel,information,knowledge,education,high school,university,college,academy,student,study,learning,homework,research,documentation,revealed	M12 5v16M16 13h2M16 9h2M20.001 19A2 2 0 0 0 22 17V5a2 2 0 0 0 -1.999 -2L16 3.002A5 5 0 0 0 12 5a5 5 0 0 0 -4 -2H4a2 2 0 0 0 -2 2v12a2 2 0 0 0 1.999 2H8a5 5 0 0 1 4 2 5 5 0 0 1 4 -2zM6 13h2M6 9h2
book-plus	development,text,gaming	code,coding,version control,git,repository,remove,delete,read,write,author,publish,inform,graduate,re-educate,study,learn,research,knowledge,improve,upgrade,level up	M12 7v6M4 19.5v-15A2.5 2.5 0 0 1 6.5 2H19a1 1 0 0 1 1 1v18a1 1 0 0 1 -1 1H6.5a1 1 0 0 1 0 -5H20M9 10h6
book-search	text,development,gaming	reading,library,study,education,research,knowledge,discover,browsing,lookup,finding,scanning	M11 22H5.5a1 1 0 0 1 0 -5h4.501M21 22l-1.879 -1.878M3 19.5v-15A2.5 2.5 0 0 1 5.5 2H18a1 1 0 0 1 1 1v8M14 18a3 3 0 1 0 6 0a3 3 0 1 0 -6 0z
book-text	text,gaming	reading,booklet,magazine,leaflet,pamphlet,tome,library,writing,written,writer,author,story,script,fiction,novel,information,knowledge,education,high school,university,college,academy,student,study,learning,homework,research,documentation	M4 19.5v-15A2.5 2.5 0 0 1 6.5 2H19a1 1 0 0 1 1 1v18a1 1 0 0 1 -1 1H6.5a1 1 0 0 1 0 -5H20M8 11h8M8 7h6
book-type	text,design,gaming	thesaurus,synonym,reading,booklet,magazine,leaflet,pamphlet,tome,library,writing,written,writer,author,story,script,fiction,novel,information,knowledge,education,high school,university,college,academy,student,study,learning,homework,research,language,translate,typography,fonts,collection	M10 13h4M12 6v7M16 8V6H8v2M4 19.5v-15A2.5 2.5 0 0 1 6.5 2H19a1 1 0 0 1 1 1v18a1 1 0 0 1 -1 1H6.5a1 1 0 0 1 0 -5H20
book-up	development	code,coding,version control,git,repository,push	M12 13V7M4 19.5v-15A2.5 2.5 0 0 1 6.5 2H19a1 1 0 0 1 1 1v18a1 1 0 0 1 -1 1H6.5a1 1 0 0 1 0 -5H20M9 10l3 -3 3 3
book-up-2	development	code,coding,version control,git,repository,push,force	M12 13V7M18 2h1a1 1 0 0 1 1 1v18a1 1 0 0 1 -1 1H6.5a1 1 0 0 1 0 -5H20M4 19.5v-15A2.5 2.5 0 0 1 6.5 2M9 10l3 -3 3 3M9 5l3 -3 3 3
book-user	account,connectivity,communication,social	person,people,family,friends,acquaintances,contacts,details,addresses,phone numbers,directory,listing,networking	M15 13a3 3 0 1 0 -6 0M4 19.5v-15A2.5 2.5 0 0 1 6.5 2H19a1 1 0 0 1 1 1v18a1 1 0 0 1 -1 1H6.5a1 1 0 0 1 0 -5H20M10 8a2 2 0 1 0 4 0a2 2 0 1 0 -4 0z
book-x	text,gaming	code,coding,version control,git,repository,remove,delete,reading,misinformation,disinformation,misinformed,charlatan,sophistry,false,lies,untruth,propaganda,censored,cancelled,forbidden,prohibited,banned,uneducated,re-education,unlearn	M14.5 7.5l-5 5M4 19.5v-15A2.5 2.5 0 0 1 6.5 2H19a1 1 0 0 1 1 1v18a1 1 0 0 1 -1 1H6.5a1 1 0 0 1 0 -5H20M9.5 7.5l5 5
bookmark	account	save,favorite,mark,label,attachment,file,stick,pin,read,clip,marker,tag	M17 3a2 2 0 0 1 2 2v15a1 1 0 0 1 -1.496 .868l-4.512 -2.578a2 2 0 0 0 -1.984 0l-4.512 2.578A1 1 0 0 1 5 20V5a2 2 0 0 1 2 -2z
bookmark-check	account	read,finished,complete,clip,marker,tag,task,todo	M17 3a2 2 0 0 1 2 2v15a1 1 0 0 1 -1.496 .868l-4.512 -2.578a2 2 0 0 0 -1.984 0l-4.512 2.578A1 1 0 0 1 5 20V5a2 2 0 0 1 2 -2zM9 10l2 2 4 -4
bookmark-minus	account	delete,remove	M15 10H9M17 3a2 2 0 0 1 2 2v15a1 1 0 0 1 -1.496 .868l-4.512 -2.578a2 2 0 0 0 -1.984 0l-4.512 2.578A1 1 0 0 1 5 20V5a2 2 0 0 1 2 -2z
bookmark-off	account	unsaved,unfavorite,unmarked,unlabel,disabled,removed,unpin,unread,unclip,marker,untag	M19 19v1a1 1 0 0 1 -1.496 .868l-4.512 -2.578a2 2 0 0 0 -1.984 0l-4.512 2.578A1 1 0 0 1 5 20V5M2 2l20 20M8.656 3H17a2 2 0 0 1 2 2v8.344
bookmark-plus	account	add	M12 7v6M15 10H9M17 3a2 2 0 0 1 2 2v15a1 1 0 0 1 -1.496 .868l-4.512 -2.578a2 2 0 0 0 -1.984 0l-4.512 2.578A1 1 0 0 1 5 20V5a2 2 0 0 1 2 -2z
bookmark-x	account	read,clip,marker,tag,cancel,close,delete,remove,clear	M14.5 7.5l-5 5M17 3a2 2 0 0 1 2 2v15a1 1 0 0 1 -1.496 .868l-4.512 -2.578a2 2 0 0 0 -1.984 0l-4.512 2.578A1 1 0 0 1 5 20V5a2 2 0 0 1 2 -2zM9.5 7.5l5 5
boom-box	devices,multimedia,social	radio,speakers,audio,music,sound,broadcast,live,frequency	M4 9V5a2 2 0 0 1 2 -2h12a2 2 0 0 1 2 2v4M8 8v1M12 8v1M16 8v1M4 9h16a2 2 0 0 1 2 2v8a2 2 0 0 1 -2 2h-16a2 2 0 0 1 -2 -2v-8a2 2 0 0 1 2 -2zM6 15a2 2 0 1 0 4 0a2 2 0 1 0 -4 0zM14 15a2 2 0 1 0 4 0a2 2 0 1 0 -4 0z
bot	development,social	robot,ai,chat,assistant	M12 8V4H8M6 8h12a2 2 0 0 1 2 2v8a2 2 0 0 1 -2 2h-12a2 2 0 0 1 -2 -2v-8a2 2 0 0 1 2 -2zM2 14h2M20 14h2M15 13v2M9 13v2
bot-message-square	development,social	robot,ai,chat,assistant	M12 6V2H8M15 11v2M2 12h2M20 12h2M20 16a2 2 0 0 1 -2 2H8.828a2 2 0 0 0 -1.414 .586l-2.202 2.202A.71 .71 0 0 1 4 20.286V8a2 2 0 0 1 2 -2h12a2 2 0 0 1 2 2zM9 11v2
bot-off	development,social	robot,ai,chat,assistant	M13.67 8H18a2 2 0 0 1 2 2v4.33M2 14h2M20 14h2M22 22L2 2M8 8H6a2 2 0 0 0 -2 2v8a2 2 0 0 0 2 2h12a2 2 0 0 0 1.414 -.586M9 13v2M9.67 4H12v2.33
bottle-wine	food-beverage	alcohol,drink,glass,goblet,chalice,vineyard,winery,red,white,rose,dry,sparkling,bar,party,nightclub,nightlife,sommelier,restaurant,dinner,meal	M10 3a1 1 0 0 1 1 -1h2a1 1 0 0 1 1 1v2a6 6 0 0 0 1.2 3.6l.6 .8A6 6 0 0 1 17 13v8a1 1 0 0 1 -1 1H8a1 1 0 0 1 -1 -1v-8a6 6 0 0 1 1.2 -3.6l.6 -.8A6 6 0 0 0 10 5zM17 13h-4a1 1 0 0 0 -1 1v3a1 1 0 0 0 1 1h4
bow-arrow	gaming,tools	archer,archery,game,war,weapon	M17 3h4v4M18.575 11.082a13 13 0 0 1 1.048 9.027 1.17 1.17 0 0 1 -1.914 .597L14 17M7 10L3.29 6.29a1.17 1.17 0 0 1 .6 -1.91 13 13 0 0 1 9.03 1.05M7 14a1.7 1.7 0 0 0 -1.207 .5l-2.646 2.646A.5 .5 0 0 0 3.5 18H5a1 1 0 0 1 1 1v1.5a.5 .5 0 0 0 .854 .354L9.5 18.207A1.7 1.7 0 0 0 10 17v-2a1 1 0 0 0 -1 -1zM9.707 14.293L21 3
box	shapes,gaming,development,math	cube,package,container,storage,geometry,3d,isometric	M21 8a2 2 0 0 0 -1 -1.73l-7 -4a2 2 0 0 0 -2 0l-7 4A2 2 0 0 0 3 8v8a2 2 0 0 0 1 1.73l7 4a2 2 0 0 0 2 0l7 -4A2 2 0 0 0 21 16ZM3.3 7l8.7 5 8.7 -5M12 22V12
boxes	shapes,gaming,development	cubes,packages,parts,group,units,collection,cluster,geometry	M2.97 12.92A2 2 0 0 0 2 14.63v3.24a2 2 0 0 0 .97 1.71l3 1.8a2 2 0 0 0 2.06 0L12 19v-5.5l-5 -3 -4.03 2.42ZM7 16.5l-4.74 -2.85M7 16.5l5 -3M7 16.5v5.17M12 13.5V19l3.97 2.38a2 2 0 0 0 2.06 0l3 -1.8a2 2 0 0 0 .97 -1.71v-3.24a2 2 0 0 0 -.97 -1.71L17 10.5l-5 3ZM17 16.5l-5 -3M17 16.5l4.74 -2.85M17 16.5v5.17M7.97 4.42A2 2 0 0 0 7 6.13v4.37l5 3 5 -3V6.13a2 2 0 0 0 -.97 -1.71l-3 -1.8a2 2 0 0 0 -2.06 0l-3 1.8ZM12 8L7.26 5.15M12 8l4.74 -2.85M12 13.5V8
braces	development,files	json,code,token,curly brackets,data,{,}	M8 3H7a2 2 0 0 0 -2 2v5a2 2 0 0 1 -2 2 2 2 0 0 1 2 2v5c0 1.1 .9 2 2 2h1M16 21h1a2 2 0 0 0 2 -2v-5c0 -1.1 .9 -2 2 -2a2 2 0 0 1 -2 -2V5a2 2 0 0 0 -2 -2h-1
brackets	development,files	code,token,array,list,square,[,]	M16 3h3a1 1 0 0 1 1 1v16a1 1 0 0 1 -1 1h-3M8 21H5a1 1 0 0 1 -1 -1V4a1 1 0 0 1 1 -1h3
brain	medical,science	medical,mind,mental,intellect,cerebral,consciousness,genius,artificial intelligence,ai,think,thought,insight,intelligent,smart	M12 18V5M15 13a4.17 4.17 0 0 1 -3 -4 4.17 4.17 0 0 1 -3 4M17.598 6.5A3 3 0 1 0 12 5a3 3 0 1 0 -5.598 1.5M17.997 5.125a4 4 0 0 1 2.526 5.77M18 18a4 4 0 0 0 2 -7.464M19.967 17.483A4 4 0 1 1 12 18a4 4 0 1 1 -7.967 -.517M6 18a4 4 0 0 1 -2 -7.464M6.003 5.125a4 4 0 0 0 -2.526 5.77
brain-circuit	science,development	mind,intellect,artificial intelligence,ai,deep learning,machine learning,computing	M12 5a3 3 0 1 0 -5.997 .125 4 4 0 0 0 -2.526 5.77 4 4 0 0 0 .556 6.588A4 4 0 1 0 12 18ZM9 13a4.5 4.5 0 0 0 3 -4M6.003 5.125A3 3 0 0 0 6.401 6.5M3.477 10.896a4 4 0 0 1 .585 -.396M6 18a4 4 0 0 1 -1.967 -.516M12 13h4M12 18h6a2 2 0 0 1 2 2v1M12 8h8M16 8V5a2 2 0 0 1 2 -2M15.5 13a.5 .5 0 1 0 1 0a.5 .5 0 1 0 -1 0zM17.5 3a.5 .5 0 1 0 1 0a.5 .5 0 1 0 -1 0zM19.5 21a.5 .5 0 1 0 1 0a.5 .5 0 1 0 -1 0zM19.5 8a.5 .5 0 1 0 1 0a.5 .5 0 1 0 -1 0z
brain-cog	science,development	mind,intellect,artificial intelligence,ai,deep learning,machine learning,computing	M10.852 14.772l-.383 .923M10.852 9.228l-.383 -.923M13.148 14.772l.382 .924M13.531 8.305l-.383 .923M14.772 10.852l.923 -.383M14.772 13.148l.923 .383M17.598 6.5A3 3 0 1 0 12 5a3 3 0 0 0 -5.63 -1.446 3 3 0 0 0 -.368 1.571 4 4 0 0 0 -2.525 5.771M17.998 5.125a4 4 0 0 1 2.525 5.771M19.505 10.294a4 4 0 0 1 -1.5 7.706M4.032 17.483A4 4 0 0 0 11.464 20c.18 -.311 .892 -.311 1.072 0a4 4 0 0 0 7.432 -2.516M4.5 10.291A4 4 0 0 0 6 18M6.002 5.125a3 3 0 0 0 .4 1.375M9.228 10.852l-.923 -.383M9.228 13.148l-.923 .383M9 12a3 3 0 1 0 6 0a3 3 0 1 0 -6 0z
brick-wall	buildings,home	bricks,mortar,cement,materials,construction,builder,labourer,quantity surveyor,blocks,stone	M5 3h14a2 2 0 0 1 2 2v14a2 2 0 0 1 -2 2h-14a2 2 0 0 1 -2 -2v-14a2 2 0 0 1 2 -2zM12 9v6M16 15v6M16 3v6M3 15h18M3 9h18M8 15v6M8 3v6
brick-wall-fire	security,home,connectivity	firewall,security,bricks,mortar,cement,materials,construction,builder,labourer,quantity surveyor,blocks,stone,campfire,camping,wilderness,outdoors,lit,warmth,wood,twigs,sticks	M16 3v2.107M17 9c1 3 2.5 3.5 3.5 4.5A5 5 0 0 1 22 17a5 5 0 0 1 -10 0c0 -.3 0 -.6 .1 -.9a2 2 0 1 0 3.3 -2C13 11.5 16 9 17 9M21 8.274V5a2 2 0 0 0 -2 -2H5a2 2 0 0 0 -2 2v14a2 2 0 0 0 2 2h3.938M3 15h5.253M3 9h8.228M8 15v6M8 3v6
brick-wall-shield	security,home,connectivity	firewall,security,bricks,mortar,cement,materials,construction,builder,labourer,quantity surveyor,blocks,stone,cybersecurity,secure,safety,protection,guardian,armored,armoured,defense,defence,defender,block,threat,prevention,antivirus,vigilance,vigilant,detection,scan,find,strength,strong,tough,invincible,invincibility,invulnerable,undamaged,audit,admin,verification,crest,bravery,knight,foot soldier,infantry,trooper,pawn,battle,war,military,army,cadet,scout	M12 9v1.258M16 3v5.46M21 9.118V5a2 2 0 0 0 -2 -2H5a2 2 0 0 0 -2 2v14a2 2 0 0 0 2 2h5.75M22 17.5c0 2.499 -1.75 3.749 -3.83 4.474a.5 .5 0 0 1 -.335 -.005c-2.085 -.72 -3.835 -1.97 -3.835 -4.47V14a.5 .5 0 0 1 .5 -.499c1 0 2.25 -.6 3.12 -1.36a.6 .6 0 0 1 .76 -.001c.875 .765 2.12 1.36 3.12 1.36a.5 .5 0 0 1 .5 .5zM3 15h7M3 9h12.142M8 15v6M8 3v6
bridge	travel,transportation,buildings	overpass,cross over,traverse,viaduct,suspension,infrastructure,transportation,crossing,road,river,gate,golden,travel,landmark,route,maritime,clearance	M10 9.728V16M14 9.728V16M18 20V4M22 11l-4 -4A7.5 7.5 0 0 1 6 7l-4 4M22 16H2M6 20V4
briefcase	transportation	work,bag,baggage,folder	M16 20V4a2 2 0 0 0 -2 -2h-4a2 2 0 0 0 -2 2v16M4 6h16a2 2 0 0 1 2 2v10a2 2 0 0 1 -2 2h-16a2 2 0 0 1 -2 -2v-10a2 2 0 0 1 2 -2z
briefcase-business	transportation	work,bag,baggage,folder,portfolio	M12 12h.01M16 6V4a2 2 0 0 0 -2 -2h-4a2 2 0 0 0 -2 2v2M22 13a18.15 18.15 0 0 1 -20 0M4 6h16a2 2 0 0 1 2 2v10a2 2 0 0 1 -2 2h-16a2 2 0 0 1 -2 -2v-10a2 2 0 0 1 2 -2z
briefcase-conveyor-belt	travel,transportation	baggage,luggage,travel,suitcase,conveyor,carousel	M10 20v2M14 20v2M18 20v2M21 20H3M6 20v2M8 16V4a2 2 0 0 1 2 -2h4a2 2 0 0 1 2 2v12M6 6h12a2 2 0 0 1 2 2v6a2 2 0 0 1 -2 2h-12a2 2 0 0 1 -2 -2v-6a2 2 0 0 1 2 -2z
briefcase-medical	medical,transportation	doctor,medicine,first aid	M12 11v4M14 13h-4M16 6V4a2 2 0 0 0 -2 -2h-4a2 2 0 0 0 -2 2v2M18 6v14M6 6v14M4 6h16a2 2 0 0 1 2 2v10a2 2 0 0 1 -2 2h-16a2 2 0 0 1 -2 -2v-10a2 2 0 0 1 2 -2z
briefcase-plus	transportation,files,account	work,bag,baggage,folder,new,add,create,increase,briefcase,portfolio,business,career,employment,professional,plus	M13.354 20H4a2 2 0 0 1 -2 -2V8a2 2 0 0 1 2 -2h16a2 2 0 0 1 2 2v3.354M16 11.354V4a2 2 0 0 0 -2 -2h-4a2 2 0 0 0 -2 2v16M16 17h6M19 14v6
bring-to-front	design,layout	bring,send,move,over,forward,front,overlap,layer,order	M10 8h4a2 2 0 0 1 2 2v4a2 2 0 0 1 -2 2h-4a2 2 0 0 1 -2 -2v-4a2 2 0 0 1 2 -2zM4 10a2 2 0 0 1 -2 -2V4a2 2 0 0 1 2 -2h4a2 2 0 0 1 2 2M14 20a2 2 0 0 0 2 2h4a2 2 0 0 0 2 -2v-4a2 2 0 0 0 -2 -2
broccoli	food-beverage	leafy,crisp,fresh,culinary,vegetation,vegetable,food,healthy,vegan,vegetarian,nutrition,diet,plant,green,produce	M10 13a3 3 0 0 1 -2.121 -5.121M15.606 14.204c-3.5 1.5 -5.899 4.503 -8.899 7.503A1 1 0 0 1 6 22c-2 0 -4 -2 -4 -4a1 1 0 0 1 .293 -.707c1.911 -1.911 3.823 -3.578 5.347 -5.441M16.573 14.737A4 4 0 0 1 14 11M7.14 10.907a4 4 0 1 1 2.756 -7.43A4 4 0 0 1 16.7 4.48a2 2 0 0 1 2.82 2.82 4 4 0 0 1 1.002 6.805 4 4 0 1 1 -7.51 1.59
broom	tools,home,gaming	broomstick,brush,sweep,sweeping,floor,cleaning,housekeeping,chores,tidy,spotless,dust,debris,bristles,handle,janitor,maintenance,witch,halloween	M13.5 10.5L22 2M14.734 13.841a2 2 0 0 0 -.314 -2.42L12.58 9.58a2 2 0 0 0 -2.421 -.314l-7.657 4.461A1 1 0 0 0 2.3 15.3l6.403 6.403a1 1 0 0 0 1.571 -.204zM5 18l2 -2M7.699 10.7l5.602 5.601
broom-sparkles	tools,home,gaming	broomstick,brush,sweep,sweeping,floor,cleaning,ai,magic,sparkle,smart,automation,housekeeping,chores,tidy,spotless,pristine,dust,debris,bristles,handle,janitor,maintenance,witch,halloween	M11 2v2M12 3h-2M13.5 10.5L22 2M14.734 13.841a2 2 0 0 0 -.314 -2.42L12.58 9.58a2 2 0 0 0 -2.421 -.314l-7.657 4.461A1 1 0 0 0 2.3 15.3l6.403 6.403a1 1 0 0 0 1.571 -.204zM20 15v4M22 17h-4M4 4v4M5 18l2 -2M6 6H2M7.699 10.7l5.602 5.601
brush	text,design,tools	clean,sweep,refactor,remove,draw,paint,color,artist	M11 10l3 3M6.5 21A3.5 3.5 0 1 0 3 17.5a2.62 2.62 0 0 1 -.708 1.792A1 1 0 0 0 3 21zM9.969 17.031L21.378 5.624a1 1 0 0 0 -3.002 -3.002L6.967 14.031
brush-cleaning	home,tools,design	cleaning,utensil,housekeeping,tool,sweeping,scrubbing,hygiene,maintenance,household,cleaner,chores,equipment,sanitation,bristles,handle,home care,sanitize,purify,wash,disinfect,sterilize,scrub,polish,decontaminate,wipe,spotless,remove,empty,erase,purge,eliminate	M16 22l-1 -4M19 14a1 1 0 0 0 1 -1v-1a2 2 0 0 0 -2 -2h-3a1 1 0 0 1 -1 -1V4a2 2 0 0 0 -4 0v5a1 1 0 0 1 -1 1H6a2 2 0 0 0 -2 2v1a1 1 0 0 0 1 1M19 14H5l-1.973 6.767A1 1 0 0 0 4 22h16a1 1 0 0 0 .973 -1.233zM8 22l1 -4
bubbles	weather	water,cleaning,soap,bath,hygiene,freshness,wash,foam,cleanliness,shampoo,purity,splash,lightness,airy,relaxation,spa,bubbly,fluid,floating,drop	M7.001 15.085A1.5 1.5 0 0 1 9 16.5M15 8.5a3.5 3.5 0 1 0 7 0a3.5 3.5 0 1 0 -7 0zM2 16.5a5.5 5.5 0 1 0 11 0a5.5 5.5 0 1 0 -11 0zM5 4.5a2.5 2.5 0 1 0 5 0a2.5 2.5 0 1 0 -5 0z
bug	development,animals	issue,error,defect,testing,troubleshoot,problem,report,debug,code,insect,beetle	M12 20v-9M14 7a4 4 0 0 1 4 4v3a6 6 0 0 1 -12 0v-3a4 4 0 0 1 4 -4zM14.12 3.88L16 2M21 21a4 4 0 0 0 -3.81 -4M21 5a4 4 0 0 1 -3.55 3.97M22 13h-4M3 21a4 4 0 0 1 3.81 -4M3 5a4 4 0 0 0 3.55 3.97M6 13H2M8 2l1.88 1.88M9 7.13V6a3 3 0 1 1 6 0v1.13
bug-off	development,animals	issue,fixed,resolved,testing,debug,code,insect,kill,exterminate,pest control	M12 20v-8M12.656 7H14a4 4 0 0 1 4 4v1.344M14.12 3.88L16 2M17.123 17.123A6 6 0 0 1 6 14v-3a4 4 0 0 1 1.72 -3.287M2 2l20 20M21 5a4 4 0 0 1 -3.55 3.97M22 13h-3.344M3 21a4 4 0 0 1 3.81 -4M3 5a4 4 0 0 0 3.55 3.97M6 13H2M8 2l1.88 1.88M9.712 4.06A3 3 0 0 1 15 6v1.13
bug-play	development,animals	issue,testing,debug,reproduce,code,insect	M10 19.655A6 6 0 0 1 6 14v-3a4 4 0 0 1 4 -4h4a4 4 0 0 1 4 3.97M14 15.003a1 1 0 0 1 1.517 -.859l4.997 2.997a1 1 0 0 1 0 1.718l-4.997 2.997a1 1 0 0 1 -1.517 -.86zM14.12 3.88L16 2M21 5a4 4 0 0 1 -3.55 3.97M3 21a4 4 0 0 1 3.81 -4M3 5a4 4 0 0 0 3.55 3.97M6 13H2M8 2l1.88 1.88M9 7.13V6a3 3 0 1 1 6 0v1.13
building	account,buildings	organisation,organization	M12 10h.01M12 14h.01M12 6h.01M16 10h.01M16 14h.01M16 6h.01M8 10h.01M8 14h.01M8 6h.01M9 22v-3a1 1 0 0 1 1 -1h4a1 1 0 0 1 1 1v3M6 2h12a2 2 0 0 1 2 2v16a2 2 0 0 1 -2 2h-12a2 2 0 0 1 -2 -2v-16a2 2 0 0 1 2 -2z
building-complex	account,buildings	business,company,enterprise,skyscraper,organisation,organization,city	M10 12h4M10 8h4M14 21v-3a2 2 0 0 0 -4 0v3M6 10H4a2 2 0 0 0 -2 2v7a2 2 0 0 0 2 2h16a2 2 0 0 0 2 -2V9a2 2 0 0 0 -2 -2h-2M6 21V5a2 2 0 0 1 2 -2h8a2 2 0 0 1 2 2v16
building-complex-plus	account,buildings	business,company,enterprise,skyscraper,organisation,organization,city,new,add,create,increase,office,headquarters,startup,registration,onboarding,realestate,property	M10 12h4M10 21v-3a2 2 0 0 1 3.05 -1.702M10 8h4M16 19h6M18 7h2a2 2 0 0 1 2 2v4.355M19 16v6M6 10H4a2 2 0 0 0 -2 2v7a2 2 0 0 0 2 2h8.535M6 21V5a2 2 0 0 1 2 -2h8a2 2 0 0 1 2 2v7.126
bus	transportation	bus,vehicle,transport,trip	M8 6v6M15 6v6M2 12h19.6M18 18h3s.5 -1.7 .8 -2.8c.1 -.4 .2 -.8 .2 -1.2 0 -.4 -.1 -.8 -.2 -1.2l-1.4 -5C20.1 6.8 19.1 6 18 6H4a2 2 0 0 0 -2 2v10h3M5 18a2 2 0 1 0 4 0a2 2 0 1 0 -4 0zM9 18h5M14 18a2 2 0 1 0 4 0a2 2 0 1 0 -4 0z
bus-front	transportation	coach,vehicle,trip,road	M4 6L2 7M10 6h4M22 7l-2 -1M6 3h12a2 2 0 0 1 2 2v12a2 2 0 0 1 -2 2h-12a2 2 0 0 1 -2 -2v-12a2 2 0 0 1 2 -2zM4 11h16M8 15h.01M16 15h.01M6 19v2M18 21v-2
cable	connectivity,devices,multimedia	cord,wire,connector,connection,link,signal,console,computer,equipment,electricity,energy,electronics,recharging,charger,power,supply,disconnected,unplugged,plugs,interface,input,output,audio video,av,rca,scart,tv,television,optical	M17 19a1 1 0 0 1 -1 -1v-2a2 2 0 0 1 2 -2h2a2 2 0 0 1 2 2v2a1 1 0 0 1 -1 1zM17 21v-2M19 14V6.5a1 1 0 0 0 -7 0v11a1 1 0 0 1 -7 0V10M21 21v-2M3 5V3M4 10a2 2 0 0 1 -2 -2V6a1 1 0 0 1 1 -1h4a1 1 0 0 1 1 1v2a2 2 0 0 1 -2 2zM7 5V3
cable-car	transportation,travel	ski lift,winter holiday,alpine,resort,mountains	M10 3h.01M14 2h.01M2 9l20 -5M12 12V6.5M7 12h10a3 3 0 0 1 3 3v4a3 3 0 0 1 -3 3h-10a3 3 0 0 1 -3 -3v-4a3 3 0 0 1 3 -3zM9 12v5M15 12v5M4 17h16
cake	food-beverage,social,account	birthday,birthdate,celebration,party,surprise,gateaux,dessert,fondant,icing sugar,sweet,baking	M20 21v-8a2 2 0 0 0 -2 -2H6a2 2 0 0 0 -2 2v8M4 16s.5 -1 2 -1 2.5 2 4 2 2.5 -2 4 -2 2.5 2 4 2 2 -1 2 -1M2 21h20M7 8v3M12 8v3M17 8v3M7 4h.01M12 4h.01M17 4h.01
cake-slice	food-beverage,social	birthday,birthdate,celebration,party,surprise,gateaux,dessert,candles,wish,fondant,icing sugar,sweet,baking	M16 13H3M16 17H3M7.2 7.9l-3.388 2.5A2 2 0 0 0 3 12.01V20a1 1 0 0 0 1 1h16a1 1 0 0 0 1 -1v-8.654c0 -2 -2.44 -6.026 -6.44 -8.026a1 1 0 0 0 -1.082 .057L10.4 5.6M7 7a2 2 0 1 0 4 0a2 2 0 1 0 -4 0z
calculator	math,devices	count,calculating machine	M6 2h12a2 2 0 0 1 2 2v16a2 2 0 0 1 -2 2h-12a2 2 0 0 1 -2 -2v-16a2 2 0 0 1 2 -2zM8 6L16 6M16 14L16 18M16 10h.01M12 10h.01M8 10h.01M12 14h.01M8 14h.01M12 18h.01M8 18h.01
calendar	time	date,month,year,event,birthday,birthdate	M8 2v3M16 2v3M5 3h14a2 2 0 0 1 2 2v14a2 2 0 0 1 -2 2h-14a2 2 0 0 1 -2 -2v-14a2 2 0 0 1 2 -2zM3 9h18
calendar-1	time	date,month,year,event,single,singular,once,1,first	M11 13h1v4M16 2v3M3 9h18M8 2v3M5 3h14a2 2 0 0 1 2 2v14a2 2 0 0 1 -2 2h-14a2 2 0 0 1 -2 -2v-14a2 2 0 0 1 2 -2z
calendar-arrow-down	time	date,month,year,event,sort,order,ascending,descending,increasing,decreasing,rising,falling	M14 17l4 4 4 -4M16 2v3M18 13v8M21 10.354V5a2 2 0 0 0 -2 -2H5a2 2 0 0 0 -2 2v14a2 2 0 0 0 2 2h7.343M3 9h18M8 2v3
calendar-arrow-up	time	date,month,year,event,sort,order,ascending,descending,increasing,decreasing,rising,falling	M14 17l4 -4 4 4M16 2v3M18 21v-8M21 10.343V5a2 2 0 0 0 -2 -2H5a2 2 0 0 0 -2 2v14a2 2 0 0 0 2 2h9M3 9h18M8 2v3
calendar-check	time	date,day,month,year,event,confirm,subscribe,schedule,done,todo,tick,complete,task	M8 2v3M16 2v3M5 3h14a2 2 0 0 1 2 2v14a2 2 0 0 1 -2 2h-14a2 2 0 0 1 -2 -2v-14a2 2 0 0 1 2 -2zM3 9h18M9 15l2 2 4 -4
calendar-check-2	time	date,day,month,year,event,confirm,subscribe,schedule,done,todo,tick,complete,task	M19 3L5 3M21 13L21 5M21 5A2 2 0 0 0 19 3M3 19A2 2 0 0 0 5 21M3 5L3 19M5 3A2 2 0 0 0 3 5M16 19l2 2 4 -4M16 2v3M3 9h18M5 21L12.5 21M8 2v3
calendar-chevrons-right	time,arrows,navigation	navigation,arrow,right,chevron,direction,symbol,pointer,indicator,next,menu,date,day,month,year,events,chevrons	M13 21l3 -3 -3 -3M16 2v3M19 21l3 -3 -3 -3M21 11.5V5a2 2 0 0 0 -2 -2H5a2 2 0 0 0 -2 2v14a2 2 0 0 0 2 2h4M3 9h18M8 2v3
calendar-clock	time	date,day,month,year,event,clock,hour	M16 14v2.2l1.6 1M16 2v3M21 7.338V5a2 2 0 0 0 -2 -2H5a2 2 0 0 0 -2 2v14a2 2 0 0 0 2 2h2.338M3 9h5.859M8 2v3M10 16a6 6 0 1 0 12 0a6 6 0 1 0 -12 0z
calendar-cog	time	date,day,month,year,events,settings,gear,cog	M15.228 16.852l-.923 -.383M15.228 19.148l-.923 .383M16 2v3M16.47 14.305l.382 .923M16.852 20.772l-.383 .924M19.148 15.228l.383 -.923M19.53 21.696l-.382 -.924M20.773 16.852l.924 -.383M20.773 19.148l.924 .383M21 10.5V5a2 2 0 0 0 -2 -2H5a2 2 0 0 0 -2 2v14a2 2 0 0 0 2 2h5.5M3 9h18M8 2v3M15 18a3 3 0 1 0 6 0a3 3 0 1 0 -6 0z
calendar-days	time	date,month,year,event	M8 2v3M16 2v3M5 3h14a2 2 0 0 1 2 2v14a2 2 0 0 1 -2 2h-14a2 2 0 0 1 -2 -2v-14a2 2 0 0 1 2 -2zM3 9h18M8 13h.01M12 13h.01M16 13h.01M8 17h.01M12 17h.01M16 17h.01
calendar-fold	time,files	date,month,year,event,birthday,birthdate,ics	M16 2v3M21 15V5a2 2 0 0 0 -2 -2H5a2 2 0 0 0 -2 2v14a2 2 0 0 0 2 2h10v-5a1 1 0 0 1 1 -1za2.4 2.4 0 0 1 -.706 1.706l-3.588 3.588A2.4 2.4 0 0 1 15 21M3 9h18M8 2v3
calendar-heart	time	date,month,year,event,heart,favourite,subscribe,valentines day	M12.127 21H5a2 2 0 0 1 -2 -2V5a2 2 0 0 1 2 -2h14a2 2 0 0 1 2 2v5.125M14.62 17.8A2.25 2.25 0 1 1 18 14.836a2.25 2.25 0 1 1 3.38 2.966l-2.626 2.856a.998 .998 0 0 1 -1.507 0zM16 2v3M3 9h18M8 2v3
calendar-minus	time	date,day,month,year,event,delete,remove	M16 18h6M16 2v3M21 14V5a2 2 0 0 0 -2 -2H5a2 2 0 0 0 -2 2v14a2 2 0 0 0 2 2h8.3M3 9h18M8 2v3
calendar-minus-2	time	date,day,month,year,event,delete,remove	M8 2v3M16 2v3M5 3h14a2 2 0 0 1 2 2v14a2 2 0 0 1 -2 2h-14a2 2 0 0 1 -2 -2v-14a2 2 0 0 1 2 -2zM3 9h18M10 15h4
calendar-off	time	date,day,month,year,event,delete,remove	M16 2v3M2 2l20 20M21 9h-5.5M3 9h6M3.586 3.586A2 2 0 0 0 3 5v14a2 2 0 0 0 2 2h14a2 2 0 0 0 1.414 -.586M8.656 3H19a2 2 0 0 1 2 2v10.344
calendar-plus	time	date,day,month,year,event,add,subscribe,create,new	M16 18h6M16 2v3M19 15v6M21 11.5V5a2 2 0 0 0 -2 -2H5a2 2 0 0 0 -2 2v14a2 2 0 0 0 2 2h8.3M3 9h18M8 2v3
calendar-plus-2	time	date,day,month,year,event,add,subscribe,create,new	M8 2v3M16 2v3M5 3h14a2 2 0 0 1 2 2v14a2 2 0 0 1 -2 2h-14a2 2 0 0 1 -2 -2v-14a2 2 0 0 1 2 -2zM3 9h18M10 15h4M12 13v4
calendar-range	time	date,day,month,year,event,range,period	M5 3h14a2 2 0 0 1 2 2v14a2 2 0 0 1 -2 2h-14a2 2 0 0 1 -2 -2v-14a2 2 0 0 1 2 -2zM16 2v3M3 9h18M8 2v3M17 13h-6M13 17H7M7 13h.01M17 17h.01
calendar-search	time	date,day,month,year,events,search,lens	M16 2v3M21 10.69V5a2 2 0 0 0 -2 -2H5a2 2 0 0 0 -2 2v14a2 2 0 0 0 2 2h7.25M22 21l-1.875 -1.875M3 9h18M8 2v3M15 17a3 3 0 1 0 6 0a3 3 0 1 0 -6 0z
calendar-sync	arrows,time	repeat,refresh,reconnect,transfer,backup,date,month,year,event,subscribe,recurring,schedule,reminder,automatic,auto	M11 10v4h4M11 14l1.535 -1.605a5 5 0 0 1 8 1.5M16 2v3M21 18l-1.535 1.605a5 5 0 0 1 -8 -1.5M21 22v-4h-4M21 8.517V5a2 2 0 0 0 -2 -2H5a2 2 0 0 0 -2 2v14a2 2 0 0 0 2 2h3.517M3 9h4M8 2v3
calendar-x	time	date,day,month,year,event,remove,busy	M8 2v3M16 2v3M5 3h14a2 2 0 0 1 2 2v14a2 2 0 0 1 -2 2h-14a2 2 0 0 1 -2 -2v-14a2 2 0 0 1 2 -2zM3 9h18M14 13l-4 4M10 13l4 4
calendar-x-2	time	date,day,month,year,event,remove	M16 2v3M17 16l5 5M17 21l5 -5M21 12V5a2 2 0 0 0 -2 -2H5a2 2 0 0 0 -2 2v14a2 2 0 0 0 2 2h8M3 9h18M8 2v3
calendars	time	date,month,year,event,dates,months,years,events	M12 2v2M15.726 21.01A2 2 0 0 1 14 22H4a2 2 0 0 1 -2 -2V10a2 2 0 0 1 2 -2M18 2v2M2 13h2M8 8h14M10 3h10a2 2 0 0 1 2 2v10a2 2 0 0 1 -2 2h-10a2 2 0 0 1 -2 -2v-10a2 2 0 0 1 2 -2z
camera	photography,devices,communication	photography,lens,focus,capture,shot,visual,image,device,equipment,photo,webcam,video	M13.997 4a2 2 0 0 1 1.76 1.05l.486 .9A2 2 0 0 0 18.003 7H20a2 2 0 0 1 2 2v9a2 2 0 0 1 -2 2H4a2 2 0 0 1 -2 -2V9a2 2 0 0 1 2 -2h1.997a2 2 0 0 0 1.759 -1.048l.489 -.904A2 2 0 0 1 10.004 4zM9 13a3 3 0 1 0 6 0a3 3 0 1 0 -6 0z
camera-off	photography,devices,communication	photo,webcam,video	M14.564 14.558a3 3 0 1 1 -4.122 -4.121M2 2l20 20M20 20H4a2 2 0 0 1 -2 -2V9a2 2 0 0 1 2 -2h1.997a2 2 0 0 0 .819 -.175M9.695 4.024A2 2 0 0 1 10.004 4h3.993a2 2 0 0 1 1.76 1.05l.486 .9A2 2 0 0 0 18.003 7H20a2 2 0 0 1 2 2v7.344
can	food-beverage	food,storage,groceries,tin,metal,recyclable,container,pantry,grocery,preserved	M21 10.5a9 2.5 0 0 1 -18 0v8a9 2.5 0 0 0 18 0zM21 10.5A9 2.5 25.32 0 0 4.59 3.47 9 2.5 25.32 0 0 21 10.5M3 10.5a9 2.5 0 0 1 6.527 -2.405M9 16.858a31 31 0 0 0 6 0
can-soda	food-beverage	beverage,drink,food,soda,tin,beer,alcohol,waste	M17 22l1.664 -2.496a2 2 0 0 0 .336 -1.11V5.606a2 2 0 0 0 -.336 -1.11L17 2M18 22H6M18 2H6M5 17h14M5 7h14M7 22l-1.664 -2.496A2 2 0 0 1 5 18.394V5.606a2 2 0 0 1 .336 -1.11L7 2
candy	food-beverage	sugar,food,sweet	M10 7v10.9M14 6.1V17M16 7V3a1 1 0 0 1 1.707 -.707 2.5 2.5 0 0 0 2.152 .717 1 1 0 0 1 1.131 1.131 2.5 2.5 0 0 0 .717 2.152A1 1 0 0 1 21 8h-4M16.536 7.465a5 5 0 0 0 -7.072 0l-2 2a5 5 0 0 0 0 7.07 5 5 0 0 0 7.072 0l2 -2a5 5 0 0 0 0 -7.07M8 17v4a1 1 0 0 1 -1.707 .707 2.5 2.5 0 0 0 -2.152 -.717 1 1 0 0 1 -1.131 -1.131 2.5 2.5 0 0 0 -.717 -2.152A1 1 0 0 1 3 16h4
candy-cane	food-beverage	sugar,food,sweet,christmas,xmas	M10.8 5l2.111 4.223M17.75 7L15 2.1M4.874 14.647l2.12 4.24M5.7 21a2 2 0 0 1 -3.5 -2l8.6 -14a6 6 0 0 1 10.4 6 2 2 0 1 1 -3.464 -2 2 2 0 1 0 -3.464 -2zM7.906 9.712l2.005 4.411
candy-off	food-beverage	sugar free,food,sweet,allergy,intolerance,diet	M10 10v7.9M11.802 6.145a5 5 0 0 1 6.053 6.053M14 6.1v2.243M15.5 15.571l-.964 .964a5 5 0 0 1 -7.071 0 5 5 0 0 1 0 -7.07l.964 -.965M16 7V3a1 1 0 0 1 1.707 -.707 2.5 2.5 0 0 0 2.152 .717 1 1 0 0 1 1.131 1.131 2.5 2.5 0 0 0 .717 2.152A1 1 0 0 1 21 8h-4M2 2l20 20M8 17v4a1 1 0 0 1 -1.707 .707 2.5 2.5 0 0 0 -2.152 -.717 1 1 0 0 1 -1.131 -1.131 2.5 2.5 0 0 0 -.717 -2.152A1 1 0 0 1 3 16h4
cannabis	nature	cannabis,weed,leaf	M12 22v-4M7 12c-1.5 0 -4.5 1.5 -5 3 3.5 1.5 6 1 6 1 -1.5 1.5 -2 3.5 -2 5 2.5 0 4.5 -1.5 6 -3 1.5 1.5 3.5 3 6 3 0 -1.5 -.5 -3.5 -2 -5 0 0 2.5 .5 6 -1 -.5 -1.5 -3.5 -3 -5 -3 1.5 -1 4 -4 4 -6 -2.5 0 -5.5 1.5 -7 3 0 -2.5 -.5 -5 -2 -7 -1.5 2 -2 4.5 -2 7 -1.5 -1.5 -4.5 -3 -7 -3 0 2 2.5 5 4 6
cannabis-off	nature	cannabis,weed,leaf	M12 22v-4c1.5 1.5 3.5 3 6 3 0 -1.5 -.5 -3.5 -2 -5M13.988 8.327C13.902 6.054 13.365 3.82 12 2a9.3 9.3 0 0 0 -1.445 2.9M17.375 11.725C18.882 10.53 21 7.841 21 6c-2.324 0 -5.08 1.296 -6.662 2.684M2 2l20 20M21.024 15.378A15 15 0 0 0 22 15c-.426 -1.279 -2.67 -2.557 -4.25 -2.907M6.995 6.992C5.714 6.4 4.29 6 3 6c0 2 2.5 5 4 6 -1.5 0 -4.5 1.5 -5 3 3.5 1.5 6 1 6 1 -1.5 1.5 -2 3.5 -2 5 2.5 0 4.5 -1.5 6 -3
captions	multimedia	closed captions,subtitles,subhead,transcription,transcribe,dialogue,accessibility	M5 5h14a2 2 0 0 1 2 2v10a2 2 0 0 1 -2 2h-14a2 2 0 0 1 -2 -2v-10a2 2 0 0 1 2 -2zM7 15h4M15 15h2M7 11h2M13 11h4
captions-off	multimedia	closed captions,subtitles,subhead,transcription,transcribe,dialogue,accessibility	M10.5 5H19a2 2 0 0 1 2 2v8.5M17 11h-.5M19 19H5a2 2 0 0 1 -2 -2V7a2 2 0 0 1 2 -2M2 2l20 20M7 11h4M7 15h2.5
car	transportation	vehicle,drive,trip,journey	M19 17h2c.6 0 1 -.4 1 -1v-3c0 -.9 -.7 -1.7 -1.5 -1.9C18.7 10.6 16 10 16 10s-1.3 -1.4 -2.2 -2.3c-.5 -.4 -1.1 -.7 -1.8 -.7H5c-.6 0 -1.1 .4 -1.4 .9l-1.4 2.9A3.7 3.7 0 0 0 2 12v4c0 .6 .4 1 1 1h2M5 17a2 2 0 1 0 4 0a2 2 0 1 0 -4 0zM9 17h6M15 17a2 2 0 1 0 4 0a2 2 0 1 0 -4 0z
car-battery	connectivity,transportation	battery,automobile,powercell,electric,power,electricity,energy,accumulator,charge,transport,vehicle,car	M14 13h4M16 15v-4M18 5v2M6 13h4M6 5v2M4 7h16a2 2 0 0 1 2 2v8a2 2 0 0 1 -2 2h-16a2 2 0 0 1 -2 -2v-8a2 2 0 0 1 2 -2z
car-front	transportation	vehicle,drive,trip,journey	M21 8l-2 2 -1.5 -3.7A2 2 0 0 0 15.646 5H8.4a2 2 0 0 0 -1.903 1.257L5 10 3 8M7 14h.01M17 14h.01M5 10h14a2 2 0 0 1 2 2v4a2 2 0 0 1 -2 2h-14a2 2 0 0 1 -2 -2v-4a2 2 0 0 1 2 -2zM5 18v2M19 18v2
car-taxi-front	transportation	cab,vehicle,drive,trip,journey	M10 2h4M21 8l-2 2 -1.5 -3.7A2 2 0 0 0 15.646 5H8.4a2 2 0 0 0 -1.903 1.257L5 10 3 8M7 14h.01M17 14h.01M5 10h14a2 2 0 0 1 2 2v4a2 2 0 0 1 -2 2h-14a2 2 0 0 1 -2 -2v-4a2 2 0 0 1 2 -2zM5 18v2M19 18v2
caravan	transportation,travel,nature	trailer,tow,camping,campsite,mobile home,holiday,nomadic,wilderness,outdoors	M18 19V9a4 4 0 0 0 -4 -4H6a4 4 0 0 0 -4 4v8a2 2 0 0 0 2 2h2M2 9h3a1 1 0 0 1 1 1v2a1 1 0 0 1 -1 1H2M22 17v1a1 1 0 0 1 -1 1H10v-9a1 1 0 0 1 1 -1h2a1 1 0 0 1 1 1v9M6 19a2 2 0 1 0 4 0a2 2 0 1 0 -4 0z
card-sim	connectivity,communication,multimedia,devices	cellphone,smartphone,mobile,network,cellular,service,provider,signal,coverage,disk,data,format,storage,flash,digital,contacts,phone book,contractual,circuit board,chip	M12 14v4M14.172 2a2 2 0 0 1 1.414 .586l3.828 3.828A2 2 0 0 1 20 7.828V20a2 2 0 0 1 -2 2H6a2 2 0 0 1 -2 -2V4a2 2 0 0 1 2 -2zM8 14h8M10 10h4a2 2 0 0 1 2 2v4a2 2 0 0 1 -2 2h-4a2 2 0 0 1 -2 -2v-4a2 2 0 0 1 2 -2z
carrot	food-beverage	orange,healthy,nature,fresh,root,produce,organic,nutrition,vegetable,food,eat	M15 16a1 1 0 0 0 -7 -7q-4 4 -5.987 12.385a.5 .5 0 0 0 .602 .602Q11 20 15 16l-3 -3M15 9q4 4 7 0 -3 -4 -7 0 4 -4 0 -7 -4 3 0 7M8 15l-2.58 -2.58
carton	food-beverage	milk,dairy,beverage,drink,diet,lactose,liquid,liter,litre,pint,pints,pasteurized,skim,skimmed,container,packaging,grocery,juice,cream,cow	M13 22V10a2 2 0 0 1 .539 -1.367L16 6H8L5.539 8.633A2 2 0 0 0 5 10v10a2 2 0 0 0 2 2h10a2 2 0 0 0 2 -2V10a2 2 0 0 0 -.539 -1.367L16 6V3a1 1 0 0 0 -1 -1H9a1 1 0 0 0 -1 1v3M5 10h8
carton-off	food-beverage	milk,dairy,beverage,drink,diet,lactose free,non dairy,liquid,liter,litre,pint,pints,pasteurized,skim,skimmed,container,packaging,allergy,intolerance,vegan,unavailable	M10 10H5v10a2 2 0 0 0 2 2h10a2 2 0 0 0 2 -2v-1M13 22v-9M13.902 8.245L16 6h-4.343M19 13.343V10a2 2 0 0 0 -.539 -1.367L16 6V3a1 1 0 0 0 -1 -1H9a1 1 0 0 0 -.857 .486M2 2l20 20M7.034 7.034L5.539 8.633A2 2 0 0 0 5 10
case-lower	text,development	text,letters,characters,font,typography	M10 9v7M14 6v10M14 12.5a3.5 3.5 0 1 0 7 0a3.5 3.5 0 1 0 -7 0zM3 12.5a3.5 3.5 0 1 0 7 0a3.5 3.5 0 1 0 -7 0z
case-sensitive	text	text,letters,characters,font,typography	M2 16l4.039 -9.69a.5 .5 0 0 1 .923 0L11 16M22 9v7M3.304 13h6.392M15 12.5a3.5 3.5 0 1 0 7 0a3.5 3.5 0 1 0 -7 0z
case-upper	text,development	text,letters,characters,font,typography	M15 11h4.5a1 1 0 0 1 0 5h-4a.5 .5 0 0 1 -.5 -.5v-9a.5 .5 0 0 1 .5 -.5h3a1 1 0 0 1 0 5M2 16l4.039 -9.69a.5 .5 0 0 1 .923 0L11 16M3.304 13h6.392
cassette-tape	connectivity,devices,multimedia,communication,files	audio,music,recording,play	M4 4h16a2 2 0 0 1 2 2v12a2 2 0 0 1 -2 2h-16a2 2 0 0 1 -2 -2v-12a2 2 0 0 1 2 -2zM6 10a2 2 0 1 0 4 0a2 2 0 1 0 -4 0zM8 12h8M14 10a2 2 0 1 0 4 0a2 2 0 1 0 -4 0zM6 20l.7 -2.9A1.4 1.4 0 0 1 8.1 16h7.8a1.4 1.4 0 0 1 1.4 1l.7 3
cast	devices,connectivity	stream,streaming,screen,display,wireless,broadcast,transmit,media,receiver,remote display,screen sharing,media streaming	M2 8V6a2 2 0 0 1 2 -2h16a2 2 0 0 1 2 2v12a2 2 0 0 1 -2 2h-6M2 12a9 9 0 0 1 8 8M2 16a5 5 0 0 1 4 4M2 20L2.01 20
castle	buildings,gaming,navigation	fortress,stronghold,palace,chateau,building	M10 5V3M14 5V3M15 21v-3a3 3 0 0 0 -6 0v3M18 3v8M18 5H6M22 11H2M22 9v10a2 2 0 0 1 -2 2H4a2 2 0 0 1 -2 -2V9M6 3v8
cat	animals	animal,pet,kitten,feline	M12 5c.67 0 1.35 .09 2 .26 1.78 -2 5.03 -2.84 6.42 -2.26 1.4 .58 -.42 7 -.42 7 .57 1.07 1 2.24 1 3.44C21 17.9 16.97 21 12 21s-9 -3 -9 -7.56c0 -1.25 .5 -2.4 1 -3.44 0 0 -1.89 -6.42 -.5 -7 1.39 -.58 4.72 .23 6.5 2.23A9.04 9.04 0 0 1 12 5ZM8 14v.5M16 14v.5M11.25 16.25h1.5L12 17l-.75 -.75Z
cctv	security,devices,communication,connectivity,photography	camera,surveillance,recording,film,videotape,crime,watching	M16.75 12h3.632a1 1 0 0 1 .894 1.447l-2.034 4.069a1 1 0 0 1 -1.708 .134l-2.124 -2.97M17.106 9.053a1 1 0 0 1 .447 1.341l-3.106 6.211a1 1 0 0 1 -1.342 .447L3.61 12.3a2.92 2.92 0 0 1 -1.3 -3.91L3.69 5.6a2.92 2.92 0 0 1 3.92 -1.3zM2 19h3.76a2 2 0 0 0 1.8 -1.1L9 15M2 21v-4M7 9h.01
cctv-off	security,devices,communication,connectivity,photography	camera,surveillance,recording,film,videotape,crime,watching	M12.309 6.652l4.797 2.401a1 1 0 0 1 .447 1.341l-.501 1.001 .605 .605h2.725a1 1 0 0 1 .894 1.447l-.724 1.448M15.166 15.166l-.719 1.439a1 1 0 0 1 -1.342 .447L3.61 12.3a2.92 2.92 0 0 1 -1.3 -3.91L3.69 5.6a2.9 2.9 0 0 1 .873 -1.037M2 19h3.76a2 2 0 0 0 1.8 -1.1l1.441 -2.902M2 2l20 20M2 21v-4M7 9h.01
chart-area	charts	statistics,analytics,diagram,graph,area	M3 3v16a2 2 0 0 0 2 2h16M7 11.207a.5 .5 0 0 1 .146 -.353l2 -2a.5 .5 0 0 1 .708 0l3.292 3.292a.5 .5 0 0 0 .708 0l4.292 -4.292a.5 .5 0 0 1 .854 .353V16a1 1 0 0 1 -1 1H8a1 1 0 0 1 -1 -1z
chart-bar	charts	statistics,analytics,diagram,graph	M3 3v16a2 2 0 0 0 2 2h16M7 16h8M7 11h12M7 6h3
chart-bar-big	charts	statistics,analytics,diagram,graph	M3 3v16a2 2 0 0 0 2 2h16M8 13h7a1 1 0 0 1 1 1v2a1 1 0 0 1 -1 1h-7a1 1 0 0 1 -1 -1v-2a1 1 0 0 1 1 -1zM8 5h10a1 1 0 0 1 1 1v2a1 1 0 0 1 -1 1h-10a1 1 0 0 1 -1 -1v-2a1 1 0 0 1 1 -1z
chart-bar-decreasing	charts	statistics,analytics,diagram,graph,trending down	M3 3v16a2 2 0 0 0 2 2h16M7 11h8M7 16h3M7 6h12
chart-bar-increasing	charts	statistics,analytics,diagram,graph,trending up	M3 3v16a2 2 0 0 0 2 2h16M7 11h8M7 16h12M7 6h3
chart-bar-stacked	charts	statistics,analytics,diagram,graph,multivariate,categorical,comparison	M11 13v4M15 5v4M3 3v16a2 2 0 0 0 2 2h16M8 13h7a1 1 0 0 1 1 1v2a1 1 0 0 1 -1 1h-7a1 1 0 0 1 -1 -1v-2a1 1 0 0 1 1 -1zM8 5h10a1 1 0 0 1 1 1v2a1 1 0 0 1 -1 1h-10a1 1 0 0 1 -1 -1v-2a1 1 0 0 1 1 -1z
chart-candlestick	charts,finance	trading,trader,financial,markets,portfolio,assets,prices,value,valuation,commodities,currencies,currency,stocks,exchange,hedge fund,statistics,analytics,diagram,graph	M9 5v4M8 9h2a1 1 0 0 1 1 1v4a1 1 0 0 1 -1 1h-2a1 1 0 0 1 -1 -1v-4a1 1 0 0 1 1 -1zM9 15v2M17 3v2M16 5h2a1 1 0 0 1 1 1v6a1 1 0 0 1 -1 1h-2a1 1 0 0 1 -1 -1v-6a1 1 0 0 1 1 -1zM17 13v3M3 3v16a2 2 0 0 0 2 2h16
chart-column	charts	statistics,analytics,diagram,graph	M3 3v16a2 2 0 0 0 2 2h16M18 17V9M13 17V5M8 17v-3
chart-column-big	charts	statistics,analytics,diagram,graph	M3 3v16a2 2 0 0 0 2 2h16M16 5h2a1 1 0 0 1 1 1v10a1 1 0 0 1 -1 1h-2a1 1 0 0 1 -1 -1v-10a1 1 0 0 1 1 -1zM8 8h2a1 1 0 0 1 1 1v7a1 1 0 0 1 -1 1h-2a1 1 0 0 1 -1 -1v-7a1 1 0 0 1 1 -1z
chart-column-decreasing	charts	statistics,analytics,diagram,graph,trending down	M13 17V9M18 17v-3M3 3v16a2 2 0 0 0 2 2h16M8 17V5
chart-column-increasing	charts	statistics,analytics,diagram,graph,trending up	M13 17V9M18 17V5M3 3v16a2 2 0 0 0 2 2h16M8 17v-3
chart-column-stacked	charts	statistics,analytics,diagram,graph,multivariate,categorical,comparison	M11 13H7M19 9h-4M3 3v16a2 2 0 0 0 2 2h16M16 5h2a1 1 0 0 1 1 1v10a1 1 0 0 1 -1 1h-2a1 1 0 0 1 -1 -1v-10a1 1 0 0 1 1 -1zM8 8h2a1 1 0 0 1 1 1v7a1 1 0 0 1 -1 1h-2a1 1 0 0 1 -1 -1v-7a1 1 0 0 1 1 -1z
chart-gantt	charts	diagram,graph,timeline,planning	M10 6h8M12 16h6M3 3v16a2 2 0 0 0 2 2h16M8 11h7
chart-line	charts	statistics,analytics,diagram,graph	M3 3v16a2 2 0 0 0 2 2h16M19 9l-5 5 -4 -4 -3 3
chart-network	charts	statistics,analytics,diagram,graph,topology,cluster,web,nodes,connections,edges	M13.11 7.664l1.78 2.672M14.162 12.788l-3.324 1.424M20 4l-6.06 1.515M3 3v16a2 2 0 0 0 2 2h16M10 6a2 2 0 1 0 4 0a2 2 0 1 0 -4 0zM14 12a2 2 0 1 0 4 0a2 2 0 1 0 -4 0zM7 15a2 2 0 1 0 4 0a2 2 0 1 0 -4 0z
chart-no-axes-column	charts	statistics,analytics,diagram,graph	M5 21v-6M12 21V3M19 21V9
chart-no-axes-column-decreasing	charts	statistics,analytics,diagram,graph,trending down	M5 21V3M12 21V9M19 21v-6
chart-no-axes-column-increasing	charts	statistics,analytics,diagram,graph,trending up	M5 21v-6M12 21V9M19 21V3
chart-no-axes-combined	charts	statistics,analytics,diagram,graph,trending up	M12 16v5M16 14.639V21M20 10.656V21M22 3l-8.646 8.646a.5 .5 0 0 1 -.708 0L9.354 8.354a.5 .5 0 0 0 -.707 0L2 15M4 18.463V21M8 14.656V21
chart-no-axes-gantt	charts,time,development,design	projects,manage,overview,roadmap,plan,intentions,timeline,deadline,date,event,range,period,productivity,work,agile,code,coding	M6 5h12M4 12h10M12 19h8
chart-pie	charts,files	statistics,analytics,diagram,presentation	M21 12c.552 0 1.005 -.449 .95 -.998a10 10 0 0 0 -8.953 -8.951c-.55 -.055 -.998 .398 -.998 .95v8a1 1 0 0 0 1 1zM21.21 15.89A10 10 0 1 1 8 2.83
chart-scatter	charts	statistics,analytics,diagram,graph	M7 7.5a.5 .5 0 1 0 1 0a.5 .5 0 1 0 -1 0zM18 5.5a.5 .5 0 1 0 1 0a.5 .5 0 1 0 -1 0zM11 11.5a.5 .5 0 1 0 1 0a.5 .5 0 1 0 -1 0zM7 16.5a.5 .5 0 1 0 1 0a.5 .5 0 1 0 -1 0zM17 14.5a.5 .5 0 1 0 1 0a.5 .5 0 1 0 -1 0zM3 3v16a2 2 0 0 0 2 2h16
chart-spline	charts	statistics,analytics,diagram,graph,curve,continuous,smooth,polynomial,quadratic,function,interpolation	M3 3v16a2 2 0 0 0 2 2h16M7 16c.5 -2 1.5 -7 4 -7 2 0 2 3 4 3 2.5 0 4.5 -5 5 -7
check	notifications	done,todo,tick,complete,task	M20 6L9 17l-5 -5
check-check	notifications	done,received,double,todo,tick,complete,task	M18 6L7 17l-5 -5M22 10l-7.5 7.5L13 16
check-line	notifications	done,todo,tick,complete,task	M20 4L9 15M21 19L3 19M9 15L4 10
chef-hat	food-beverage	cooking,food,kitchen,restaurant	M17 21a1 1 0 0 0 1 -1v-5.35c0 -.457 .316 -.844 .727 -1.041a4 4 0 0 0 -2.134 -7.589 5 5 0 0 0 -9.186 0 4 4 0 0 0 -2.134 7.588c.411 .198 .727 .585 .727 1.041V20a1 1 0 0 0 1 1ZM6 17h12
cherry	food-beverage	fruit,food	M2 17a5 5 0 0 0 10 0c0 -2.76 -2.5 -5 -5 -3 -2.5 -2 -5 .24 -5 3ZM12 17a5 5 0 0 0 10 0c0 -2.76 -2.5 -5 -5 -3 -2.5 -2 -5 .24 -5 3ZM7 14c3.22 -2.91 4.29 -8.75 5 -12 1.66 2.38 4.94 9 5 12M22 9c-4.29 0 -7.14 -2.33 -10 -7 5.71 0 10 4.67 10 7Z
chess-bishop	gaming,emoji	mitre,miter,piece,board game,religion	M5 20a2 2 0 0 1 2 -2h10a2 2 0 0 1 2 2v1a1 1 0 0 1 -1 1H6a1 1 0 0 1 -1 -1zM15 18c1.5 -.615 3 -2.461 3 -4.923C18 8.769 14.5 4.462 12 2 9.5 4.462 6 8.77 6 13.077 6 15.539 7.5 17.385 9 18M16 7l-2.5 2.5M9 2h6
chess-king	gaming,emoji	ruler,crown,piece,board game,stalemate	M4 20a2 2 0 0 1 2 -2h12a2 2 0 0 1 2 2v1a1 1 0 0 1 -1 1H5a1 1 0 0 1 -1 -1zM6.7 18l-1 -1C4.35 15.682 3 14.09 3 12a5 5 0 0 1 4.95 -5c1.584 0 2.7 .455 4.05 1.818C13.35 7.455 14.466 7 16.05 7A5 5 0 0 1 21 12c0 2.082 -1.359 3.673 -2.7 5l-1 1M10 4h4M12 2v6.818
chess-knight	gaming,emoji	piece,horse,board game	M5 20a2 2 0 0 1 2 -2h10a2 2 0 0 1 2 2v1a1 1 0 0 1 -1 1H6a1 1 0 0 1 -1 -1zM16.5 18c1 -2 2.5 -5 2.5 -9a7 7 0 0 0 -7 -7H6.635a1 1 0 0 0 -.768 1.64L7 5l-2.32 5.802a2 2 0 0 0 .95 2.526l2.87 1.456M15 5l1.425 -1.425M17 8l1.53 -1.53M9.713 12.185L7 18
chess-pawn	gaming,emoji	piece,board game	M5 20a2 2 0 0 1 2 -2h10a2 2 0 0 1 2 2v1a1 1 0 0 1 -1 1H6a1 1 0 0 1 -1 -1zM14.5 10l1.5 8M7 10h10M8 18l1.5 -8M8 6a4 4 0 1 0 8 0a4 4 0 1 0 -8 0z
chess-queen	gaming,emoji	ruler,crown,piece,board game,stalemate	M4 20a2 2 0 0 1 2 -2h12a2 2 0 0 1 2 2v1a1 1 0 0 1 -1 1H5a1 1 0 0 1 -1 -1zM12.474 5.943l1.567 5.34a1 1 0 0 0 1.75 .328l2.616 -3.402M20 9l-3 9M5.594 8.209l2.615 3.403a1 1 0 0 0 1.75 -.329l1.567 -5.34M7 18L4 9M10 4a2 2 0 1 0 4 0a2 2 0 1 0 -4 0zM18 7a2 2 0 1 0 4 0a2 2 0 1 0 -4 0zM2 7a2 2 0 1 0 4 0a2 2 0 1 0 -4 0z
chess-rook	gaming,emoji	castle,piece,board game	M5 20a2 2 0 0 1 2 -2h10a2 2 0 0 1 2 2v1a1 1 0 0 1 -1 1H6a1 1 0 0 1 -1 -1zM10 2v2M14 2v2M17 18l-1 -9M6 2v5a2 2 0 0 0 2 2h8a2 2 0 0 0 2 -2V2M6 4h12M7 18l1 -9
chevron-down	arrows,gaming	backwards,reverse,slow,dropdown	M6 9l6 6 6 -6
chevron-first	arrows,multimedia	previous,music	M17 18l-6 -6 6 -6M7 6v12
chevron-last	arrows,multimedia	skip,next,music	M7 18l6 -6 -6 -6M17 6v12
chevron-left	arrows	back,previous,less than,fewer,menu,<	M15 18l-6 -6 6 -6
chevron-right	arrows,math,development	forward,next,more than,greater,menu,code,coding,command line,terminal,prompt,shell,>	M9 18l6 -6 -6 -6
chevron-up	arrows,math,gaming	caret,keyboard,mac,control,ctrl,superscript,exponential,power,ahead,fast,^,dropdown	M18 15l-6 -6 -6 6
chevrons-down	arrows,gaming	backwards,reverse,slower	M7 6l5 5 5 -5M7 13l5 5 5 -5
chevrons-down-up	arrows	collapse,fold,vertical	M7 20l5 -5 5 5M7 4l5 5 5 -5
chevrons-left	arrows,gaming	turn,corner	M11 17l-5 -5 5 -5M18 17l-5 -5 5 -5
chevrons-left-right	arrows	expand,horizontal,unfold	M9 7l-5 5 5 5M15 7l5 5 -5 5
chevrons-left-right-ellipsis	communication,devices,multimedia,gaming	internet,network,connection,cable,lan,port,router,switch,hub,modem,web,online,networking,communication,socket,plug,slot,controller,connector,interface,console,signal,data,input,output	M12 12h.01M16 12h.01M17 7l5 5 -5 5M7 7l-5 5 5 5M8 12h.01
chevrons-right	arrows,gaming	turn,corner	M6 17l5 -5 -5 -5M13 17l5 -5 -5 -5
chevrons-right-left	arrows	collapse,fold,horizontal	M20 17l-5 -5 5 -5M4 17l5 -5 -5 -5
chevrons-up	arrows,gaming	forward,ahead,faster,speed,boost	M17 11l-5 -5 -5 5M17 18l-5 -5 -5 5
chevrons-up-down	arrows	expand,unfold,vertical	M7 15l5 5 5 -5M7 9l5 -5 5 5
church	buildings,navigation	temple,building	M10 9h4M12 7v5M14 21v-3a2 2 0 0 0 -4 0v3M18 9l3.52 2.147a1 1 0 0 1 .48 .854V19a2 2 0 0 1 -2 2H4a2 2 0 0 1 -2 -2v-6.999a1 1 0 0 1 .48 -.854L6 9M6 21V7a1 1 0 0 1 .376 -.782l5 -3.999a1 1 0 0 1 1.249 .001l5 4A1 1 0 0 1 18 7v14
cigarette	travel,transportation,medical	smoking	M17 12H3a1 1 0 0 0 -1 1v2a1 1 0 0 0 1 1h14M18 8c0 -2.5 -2 -2.5 -2 -5M21 16a1 1 0 0 0 1 -1v-2a1 1 0 0 0 -1 -1M22 8c0 -2.5 -2 -2.5 -2 -5M7 12v4
cigarette-off	travel,transportation,medical	smoking,no-smoking	M12 12H3a1 1 0 0 0 -1 1v2a1 1 0 0 0 1 1h13M18 8c0 -2.5 -2 -2.5 -2 -5M2 2l20 20M21 12a1 1 0 0 1 1 1v2a1 1 0 0 1 -.5 .866M22 8c0 -2.5 -2 -2.5 -2 -5M7 12v4
circle	shapes	off,zero,record,shape	M2 12a10 10 0 1 0 20 0a10 10 0 1 0 -20 0z
circle-alert	notifications	warning,alert,danger,exclamation mark	M2 12a10 10 0 1 0 20 0a10 10 0 1 0 -20 0zM12 8L12 12M12 16L12.01 16
circle-arrow-down	arrows,gaming	backwards,reverse,direction,south,sign,button	M2 12a10 10 0 1 0 20 0a10 10 0 1 0 -20 0zM12 8v8M8 12l4 4 4 -4
circle-arrow-left	arrows,gaming	previous,back,direction,west,sign,turn,button,<-	M2 12a10 10 0 1 0 20 0a10 10 0 1 0 -20 0zM12 8l-4 4 4 4M16 12H8
circle-arrow-out-down-left	arrows	outwards,direction,south-west,diagonal	M2 12a10 10 0 1 1 10 10M2 22l10 -10M8 22H2v-6
circle-arrow-out-down-right	arrows	outwards,direction,south-east,diagonal	M12 22a10 10 0 1 1 10 -10M22 22L12 12M22 16v6h-6
circle-arrow-out-up-left	arrows,development	outwards,direction,north-west,diagonal,keyboard,button,escape	M2 8V2h6M2 2l10 10M12 2A10 10 0 1 1 2 12
circle-arrow-out-up-right	arrows	outwards,direction,north-east,diagonal	M22 12A10 10 0 1 1 12 2M22 2L12 12M16 2h6v6
circle-arrow-right	arrows,gaming	next,forward,direction,east,sign,turn,button,->	M2 12a10 10 0 1 0 20 0a10 10 0 1 0 -20 0zM12 16l4 -4 -4 -4M8 12h8
circle-arrow-up	arrows,gaming	forward,direction,north,sign,button	M2 12a10 10 0 1 0 20 0a10 10 0 1 0 -20 0zM16 12l-4 -4 -4 4M12 16V8
circle-check	notifications	done,todo,tick,complete,task	M2 12a10 10 0 1 0 20 0a10 10 0 1 0 -20 0zM16 9l-5.5 5.5L8 12
circle-check-big	notifications	done,todo,tick,complete,task	M21.801 10A10 10 0 1 1 17 3.335M9 11l3 3L22 4
circle-chevron-down	arrows	back,menu	M2 12a10 10 0 1 0 20 0a10 10 0 1 0 -20 0zM16 10l-4 4 -4 -4
circle-chevron-left	arrows	back,previous,less than,fewer,menu,<	M2 12a10 10 0 1 0 20 0a10 10 0 1 0 -20 0zM14 16l-4 -4 4 -4
circle-chevron-right	arrows	back,more than,greater,menu,>	M2 12a10 10 0 1 0 20 0a10 10 0 1 0 -20 0zM10 8l4 4 -4 4
circle-chevron-up	arrows	caret,ahead,menu,^	M2 12a10 10 0 1 0 20 0a10 10 0 1 0 -20 0zM8 14l4 -4 4 4
circle-dashed	development,shapes	pending,dot,progress,issue,draft,code,coding,version control	M10.1 2.182a10 10 0 0 1 3.8 0M13.9 21.818a10 10 0 0 1 -3.8 0M17.609 3.721a10 10 0 0 1 2.69 2.7M2.182 13.9a10 10 0 0 1 0 -3.8M20.279 17.609a10 10 0 0 1 -2.7 2.69M21.818 10.1a10 10 0 0 1 0 3.8M3.721 6.391a10 10 0 0 1 2.7 -2.69M6.391 20.279a10 10 0 0 1 -2.69 -2.7
circle-dashed-check	shapes,development,notifications	approved,pending,changes,revision,reapproval,published,schedule,assignment,request,review,progress,issue,draft,code,coding,version control	M10.1 2.182a10 10 0 0 1 3.8 0M13.9 21.818a10 10 0 0 1 -3.8 0M16 9l-5.5 5.5L8 12M17.609 3.721a10 10 0 0 1 2.69 2.7M2.182 13.9a10 10 0 0 1 0 -3.8M20.279 17.609a10 10 0 0 1 -2.7 2.69M21.818 10.1a10 10 0 0 1 0 3.8M3.721 6.391a10 10 0 0 1 2.7 -2.69M6.391 20.279a10 10 0 0 1 -2.69 -2.7
circle-divide	math	calculate,math,÷,/	M2 12a10 10 0 1 0 20 0a10 10 0 1 0 -20 0zM8 12L16 12M12 16L12 16M12 8L12 8
circle-dollar-sign	finance	monetization,marketing,currency,money,payment	M2 12a10 10 0 1 0 20 0a10 10 0 1 0 -20 0zM16 8h-6a2 2 0 1 0 0 4h4a2 2 0 1 1 0 4H8M12 18V6
circle-dot	development,shapes	pending,dot,progress,issue,code,coding,version control,choices,multiple choice,choose,album,music,songs,format,cd,dvd,vinyl,sleeve,cover,platinum,compilation,ep,recording,playback,spin,rotate,rpm,dj	M11 12a1 1 0 1 0 2 0a1 1 0 1 0 -2 0zM2 12a10 10 0 1 0 20 0a10 10 0 1 0 -20 0z
circle-dot-dashed	development,shapes	pending,dot,progress,issue,draft,code,coding,version control	M10.1 2.18a9.93 9.93 0 0 1 3.8 0M17.6 3.71a9.95 9.95 0 0 1 2.69 2.7M21.82 10.1a9.93 9.93 0 0 1 0 3.8M20.29 17.6a9.95 9.95 0 0 1 -2.7 2.69M13.9 21.82a9.94 9.94 0 0 1 -3.8 0M6.4 20.29a9.95 9.95 0 0 1 -2.69 -2.7M2.18 13.9a9.93 9.93 0 0 1 0 -3.8M3.71 6.4a9.95 9.95 0 0 1 2.7 -2.69M11 12a1 1 0 1 0 2 0a1 1 0 1 0 -2 0z
circle-ellipsis	layout,development	ellipsis,et cetera,etc,loader,loading,progress,pending,throbber,menu,options,operator,code,spread,rest,more,further,extra,overflow,dots,…,...	M2 12a10 10 0 1 0 20 0a10 10 0 1 0 -20 0zM17 12h.01M12 12h.01M7 12h.01
circle-equal	math	calculate,shape,=	M2 12a10 10 0 1 0 20 0a10 10 0 1 0 -20 0zM7 10h10M7 14h10
circle-euro	shopping,finance	symbol,economy,banking,europe,€,euro,currency,money,payment,coin,finance,financial,exchange	M15 9.4a4 4 0 1 0 0 5.2M7 12h5M2 12a10 10 0 1 0 20 0a10 10 0 1 0 -20 0z
circle-fading-arrow-up	arrows,development	north,up,upgrade,improve,circle,button	M12 2a10 10 0 0 1 7.38 16.75M16 12l-4 -4 -4 4M12 16V8M2.5 8.875a10 10 0 0 0 -.5 3M2.83 16a10 10 0 0 0 2.43 3.4M4.636 5.235a10 10 0 0 1 .891 -.857M8.644 21.42a10 10 0 0 0 7.631 -.38
circle-fading-plus	communication,social	stories,social media,sharing,content	M12 2a10 10 0 0 1 7.38 16.75M12 8v8M16 12H8M2.5 8.875a10 10 0 0 0 -.5 3M2.83 16a10 10 0 0 0 2.43 3.4M4.636 5.235a10 10 0 0 1 .891 -.857M8.644 21.42a10 10 0 0 0 7.631 -.38
circle-gauge	transportation,sports,science	dashboard,dial,meter,speed,pressure,measure,level	M15.6 2.7a10 10 0 1 0 5.7 5.7M10 12a2 2 0 1 0 4 0a2 2 0 1 0 -4 0zM13.4 10.6L19 5
circle-minus	math	subtract,remove,decrease,reduce,calculate,line,operator,code,coding,minimum,downgrade,-	M2 12a10 10 0 1 0 20 0a10 10 0 1 0 -20 0zM8 12h8
circle-off	shapes	diameter,zero,Ø,nothing,null,void,cancel,ban,no,stop,forbidden,prohibited,error,incorrect,mistake,wrong,failure	M2 2l20 20M8.35 2.69A10 10 0 0 1 21.3 15.65M19.08 19.08A10 10 0 1 1 4.92 4.92
circle-parking	transportation,navigation	parking lot,car park	M2 12a10 10 0 1 0 20 0a10 10 0 1 0 -20 0zM9 17V7h4a3 3 0 0 1 0 6H9
circle-parking-off	transportation,navigation	parking lot,car park,no parking	M12.656 7H13a3 3 0 0 1 2.984 3.307M13 13H9M19.071 19.071A1 1 0 0 1 4.93 4.93M2 2l20 20M8.357 2.687a10 10 0 0 1 12.956 12.956M9 17V9
circle-pause	multimedia	music,audio,stop	M2 12a10 10 0 1 0 20 0a10 10 0 1 0 -20 0zM10 15L10 9M14 15L14 9
circle-percent	social,finance,shopping,math	verified,unverified,sale,discount,offer,marketing,sticker,price tag	M2 12a10 10 0 1 0 20 0a10 10 0 1 0 -20 0zM15 9l-6 6M9 9h.01M15 15h.01
circle-pile	shapes	off,zero,record,shape,circle-pile,circle,pile,stack,layer,structure,form,group,collection,stock,inventory,materials,warehouse	M10 19a2 2 0 1 0 4 0a2 2 0 1 0 -4 0zM10 5a2 2 0 1 0 4 0a2 2 0 1 0 -4 0zM14 12a2 2 0 1 0 4 0a2 2 0 1 0 -4 0zM18 19a2 2 0 1 0 4 0a2 2 0 1 0 -4 0zM2 19a2 2 0 1 0 4 0a2 2 0 1 0 -4 0zM6 12a2 2 0 1 0 4 0a2 2 0 1 0 -4 0z
circle-play	multimedia	music,start,run	M9 9.003a1 1 0 0 1 1.517 -.859l4.997 2.997a1 1 0 0 1 0 1.718l-4.997 2.997A1 1 0 0 1 9 14.996zM2 12a10 10 0 1 0 20 0a10 10 0 1 0 -20 0z
circle-plus	math,development,cursors,gaming	add,new,increase,increment,positive,calculate,crosshair,aim,target,scope,sight,reticule,maximum,upgrade,extra,operator,join,concatenate,code,coding,+	M2 12a10 10 0 1 0 20 0a10 10 0 1 0 -20 0zM8 12h8M12 8v8
circle-pound-sterling	finance	monetization,coin,penny,marketing,currency,money,payment,british,gbp,£	M2 12a10 10 0 1 0 20 0a10 10 0 1 0 -20 0zM10 16V9.5a1 1 0 0 1 5 0M8 12h4M8 16h7
circle-power	connectivity	on,off,device,switch,toggle,binary,boolean,reboot,restart,button,keyboard,troubleshoot	M2 12a10 10 0 1 0 20 0a10 10 0 1 0 -20 0zM12 7v4M7.998 9.003a5 5 0 1 0 8 -.005
circle-question-mark	accessibility,text,notifications	question mark	M2 12a10 10 0 1 0 20 0a10 10 0 1 0 -20 0zM9.09 9a3 3 0 0 1 5.83 1c0 2 -3 3 -3 3M12 17h.01
circle-slash	development,math	diameter,zero,Ø,nothing,null,void,cancel,ban,no,stop,forbidden,prohibited,error,incorrect,mistake,wrong,failure,divide,division,or,/	M2 12a10 10 0 1 0 20 0a10 10 0 1 0 -20 0zM9 15L15 9
circle-slash-2	shapes,math,development	diameter,zero,ø,nothing,null,void,ban,math,divide,division,half,split,/,average,avg,mean,median,normal	M2 12a10 10 0 1 0 20 0a10 10 0 1 0 -20 0zM22 2L2 22
circle-small	shapes,medical	shape,bullet,gender,genderless	M6 12a6 6 0 1 0 12 0a6 6 0 1 0 -12 0z
circle-star	sports,gaming	badge,medal,honour,decoration,order,pin,laurel,trophy,medallion,insignia,bronze,silver,gold	M2 12a10 10 0 1 0 20 0a10 10 0 1 0 -20 0zM11.051 7.616a1 1 0 0 1 1.909 .024l.737 1.452a1 1 0 0 0 .737 .535l1.634 .256a1 1 0 0 1 .588 1.806l-1.172 1.168a1 1 0 0 0 -.282 .866l.259 1.613a1 1 0 0 1 -1.541 1.134l-1.465 -.75a1 1 0 0 0 -.912 0l-1.465 .75a1 1 0 0 1 -1.539 -1.133l.258 -1.613a1 1 0 0 0 -.282 -.867l-1.156 -1.152a1 1 0 0 1 .572 -1.822l1.633 -.256a1 1 0 0 0 .737 -.535z
circle-stop	multimedia	media,music	M2 12a10 10 0 1 0 20 0a10 10 0 1 0 -20 0zM10 9h4a1 1 0 0 1 1 1v4a1 1 0 0 1 -1 1h-4a1 1 0 0 1 -1 -1v-4a1 1 0 0 1 1 -1z
circle-user	account	person,account,contact	M2 12a10 10 0 1 0 20 0a10 10 0 1 0 -20 0zM9 10a3 3 0 1 0 6 0a3 3 0 1 0 -6 0zM7 20.662V19a2 2 0 0 1 2 -2h6a2 2 0 0 1 2 2v1.662
circle-user-round	account	person,account,contact	M17.925 20.056a6 6 0 0 0 -11.851 .001M8 11a4 4 0 1 0 8 0a4 4 0 1 0 -8 0zM2 12a10 10 0 1 0 20 0a10 10 0 1 0 -20 0z
circle-x	math,development	cancel,close,delete,remove,times,clear,error,incorrect,wrong,mistake,failure,linter,multiply,multiplication	M2 12a10 10 0 1 0 20 0a10 10 0 1 0 -20 0zM15 9l-6 6M9 9l6 6
circuit-board	science,development	computing,electricity,electronics	M5 3h14a2 2 0 0 1 2 2v14a2 2 0 0 1 -2 2h-14a2 2 0 0 1 -2 -2v-14a2 2 0 0 1 2 -2zM11 9h4a2 2 0 0 0 2 -2V3M7 9a2 2 0 1 0 4 0a2 2 0 1 0 -4 0zM7 21v-4a2 2 0 0 1 2 -2h4M13 15a2 2 0 1 0 4 0a2 2 0 1 0 -4 0z
citrus	food-beverage	lemon,orange,grapefruit,fruit	M21.66 17.67a1.08 1.08 0 0 1 -.04 1.6A12 12 0 0 1 4.73 2.38a1.1 1.1 0 0 1 1.61 -.04zM19.65 15.66A8 8 0 0 1 8.35 4.34M14 10l-5.5 5.5M14 17.85V10H6.15
clapperboard	multimedia	movie,film,video,camera,cinema,cut,action,television,tv,show,entertainment	M12.296 3.464l3.02 3.956M20.2 6L3 11l-.9 -2.4c-.3 -1.1 .3 -2.2 1.3 -2.5l13.5 -4c1.1 -.3 2.2 .3 2.5 1.3zM3 11h18v8a2 2 0 0 1 -2 2H5a2 2 0 0 1 -2 -2zM6.18 5.276l3.1 3.899
clef-alto	multimedia	do,c,music,note,key,soprano,mezzo,alto,staff,pitch,baritone,major,scale	M10 4v16M14 4.764a3 3 0 1 1 -.152 4.327A4 4 0 0 1 10 12a4 4 0 0 1 3.848 2.909A3 3 0 1 1 14 19.236M6 4v16
clef-bass	multimedia	fa,f,music,note,key,baritone,staff,pitch,bass,subbass,major,scale	M19 11h.01M19 6h.01M5 8c0 -4 4 -4 4 -4 6 0 6 6 6 6 0 7 -10 11 -10 11M5 8a2 2 0 1 0 4 0a2 2 0 1 0 -4 0z
clef-treble	multimedia	sol,g,music,note,key,treble,staff,pitch,violin,solfege,major,scale	M10.586 21.414a2 2 0 0 0 3.378 -1.791L11.036 4.377a2 2 0 1 1 3.378 1.037C12.414 7.414 7 8 7 13a5 5 0 0 0 5 5 5 4 0 0 0 5 -4 3 3 0 0 0 -3 -3 3 2 0 0 0 -3 2
clipboard	text	copy,paste	M9 2h6a1 1 0 0 1 1 1v2a1 1 0 0 1 -1 1h-6a1 1 0 0 1 -1 -1v-2a1 1 0 0 1 1 -1zM16 4h2a2 2 0 0 1 2 2v14a2 2 0 0 1 -2 2H6a2 2 0 0 1 -2 -2V6a2 2 0 0 1 2 -2h2
clipboard-check	text	copied,pasted,done,todo,tick,complete,task	M9 2h6a1 1 0 0 1 1 1v2a1 1 0 0 1 -1 1h-6a1 1 0 0 1 -1 -1v-2a1 1 0 0 1 1 -1zM16 4h2a2 2 0 0 1 2 2v14a2 2 0 0 1 -2 2H6a2 2 0 0 1 -2 -2V6a2 2 0 0 1 2 -2h2M9 14l2 2 4 -4
clipboard-clock	time,text	copy,paste,history,log,clock,time,watch,alarm,hour,minute,reminder,scheduled,deadline,pending,time tracking,timesheets,appointment,logbook	M16 14v2.2l1.6 1M16 4h2a2 2 0 0 1 2 2v.832M8 4H6a2 2 0 0 0 -2 2v14a2 2 0 0 0 2 2h2M10 16a6 6 0 1 0 12 0a6 6 0 1 0 -12 0zM9 2h6a1 1 0 0 1 1 1v2a1 1 0 0 1 -1 1h-6a1 1 0 0 1 -1 -1v-2a1 1 0 0 1 1 -1z
clipboard-copy	text,arrows	copy,paste	M9 2h6a1 1 0 0 1 1 1v2a1 1 0 0 1 -1 1h-6a1 1 0 0 1 -1 -1v-2a1 1 0 0 1 1 -1zM8 4H6a2 2 0 0 0 -2 2v14a2 2 0 0 0 2 2h12a2 2 0 0 0 2 -2v-2M16 4h2a2 2 0 0 1 2 2v4M21 14H11M15 10l-4 4 4 4
clipboard-list	text	copy,paste,tasks	M9 2h6a1 1 0 0 1 1 1v2a1 1 0 0 1 -1 1h-6a1 1 0 0 1 -1 -1v-2a1 1 0 0 1 1 -1zM16 4h2a2 2 0 0 1 2 2v14a2 2 0 0 1 -2 2H6a2 2 0 0 1 -2 -2V6a2 2 0 0 1 2 -2h2M12 11h4M12 16h4M8 11h.01M8 16h.01
clipboard-minus	text,medical	copy,delete,remove,erase,document,medical,report,doctor	M9 2h6a1 1 0 0 1 1 1v2a1 1 0 0 1 -1 1h-6a1 1 0 0 1 -1 -1v-2a1 1 0 0 1 1 -1zM16 4h2a2 2 0 0 1 2 2v14a2 2 0 0 1 -2 2H6a2 2 0 0 1 -2 -2V6a2 2 0 0 1 2 -2h2M9 14h6
clipboard-paste	text,arrows	copy,paste	M11 14h10M16 4h2a2 2 0 0 1 2 2v1.344M17 18l4 -4 -4 -4M8 4H6a2 2 0 0 0 -2 2v14a2 2 0 0 0 2 2h12a2 2 0 0 0 1.793 -1.113M9 2h6a1 1 0 0 1 1 1v2a1 1 0 0 1 -1 1h-6a1 1 0 0 1 -1 -1v-2a1 1 0 0 1 1 -1z
clipboard-pen	text	paste,signature	M16 4h2a2 2 0 0 1 2 2v2M21.34 15.664a1 1 0 1 0 -3.004 -3.004l-5.01 5.012a2 2 0 0 0 -.506 .854l-.837 2.87a.5 .5 0 0 0 .62 .62l2.87 -.837a2 2 0 0 0 .854 -.506zM8 22H6a2 2 0 0 1 -2 -2V6a2 2 0 0 1 2 -2h2M9 2h6a1 1 0 0 1 1 1v2a1 1 0 0 1 -1 1h-6a1 1 0 0 1 -1 -1v-2a1 1 0 0 1 1 -1z
clipboard-pen-line	text	paste	M9 2h6a1 1 0 0 1 1 1v2a1 1 0 0 1 -1 1h-6a1 1 0 0 1 -1 -1v-2a1 1 0 0 1 1 -1zM8 4H6a2 2 0 0 0 -2 2v14a2 2 0 0 0 2 2h12a2 2 0 0 0 2 -2v-.5M16 4h2a2 2 0 0 1 1.73 1M8 18h1M21.378 12.626a1 1 0 0 0 -3.004 -3.004l-4.01 4.012a2 2 0 0 0 -.506 .854l-.837 2.87a.5 .5 0 0 0 .62 .62l2.87 -.837a2 2 0 0 0 .854 -.506z
clipboard-plus	text,medical	copy,paste,add,create,new,document,medical,report,doctor	M9 2h6a1 1 0 0 1 1 1v2a1 1 0 0 1 -1 1h-6a1 1 0 0 1 -1 -1v-2a1 1 0 0 1 1 -1zM16 4h2a2 2 0 0 1 2 2v14a2 2 0 0 1 -2 2H6a2 2 0 0 1 -2 -2V6a2 2 0 0 1 2 -2h2M9 14h6M12 17v-6
clipboard-type	text	paste,format,text	M9 2h6a1 1 0 0 1 1 1v2a1 1 0 0 1 -1 1h-6a1 1 0 0 1 -1 -1v-2a1 1 0 0 1 1 -1zM16 4h2a2 2 0 0 1 2 2v14a2 2 0 0 1 -2 2H6a2 2 0 0 1 -2 -2V6a2 2 0 0 1 2 -2h2M9 12v-1h6v1M11 17h2M12 11v6
clipboard-x	text	copy,paste,discard,remove	M9 2h6a1 1 0 0 1 1 1v2a1 1 0 0 1 -1 1h-6a1 1 0 0 1 -1 -1v-2a1 1 0 0 1 1 -1zM16 4h2a2 2 0 0 1 2 2v14a2 2 0 0 1 -2 2H6a2 2 0 0 1 -2 -2V6a2 2 0 0 1 2 -2h2M14.5 11.5l-5 5M9.5 11.5l5 5
clock	time	time,watch,alarm	M2 12a10 10 0 1 0 20 0a10 10 0 1 0 -20 0zM12 6v6l4 2
clock-1	time	time,watch,alarm	M2 12a10 10 0 1 0 20 0a10 10 0 1 0 -20 0zM12 6v6l2 -4
clock-10	time	time,watch,alarm	M2 12a10 10 0 1 0 20 0a10 10 0 1 0 -20 0zM12 6v6l-4 -2
clock-11	time	time,watch,alarm	M2 12a10 10 0 1 0 20 0a10 10 0 1 0 -20 0zM12 6v6l-2 -4
clock-12	time	time,watch,alarm,noon,midnight	M2 12a10 10 0 1 0 20 0a10 10 0 1 0 -20 0zM12 6v6
clock-2	time	time,watch,alarm	M2 12a10 10 0 1 0 20 0a10 10 0 1 0 -20 0zM12 6v6l4 -2
clock-3	time	time,watch,alarm	M2 12a10 10 0 1 0 20 0a10 10 0 1 0 -20 0zM12 6v6h4
clock-4	time	time,watch,alarm	M2 12a10 10 0 1 0 20 0a10 10 0 1 0 -20 0zM12 6v6l4 2
clock-5	time	time,watch,alarm	M2 12a10 10 0 1 0 20 0a10 10 0 1 0 -20 0zM12 6v6l2 4
clock-6	time	time,watch,alarm	M2 12a10 10 0 1 0 20 0a10 10 0 1 0 -20 0zM12 6v10
clock-7	time	time,watch,alarm	M2 12a10 10 0 1 0 20 0a10 10 0 1 0 -20 0zM12 6v6l-2 4
clock-8	time	time,watch,alarm	M2 12a10 10 0 1 0 20 0a10 10 0 1 0 -20 0zM12 6v6l-4 2
clock-9	time	time,watch,alarm	M2 12a10 10 0 1 0 20 0a10 10 0 1 0 -20 0zM12 6v6H8
clock-alert	time	time,watch,alarm,warning,wrong	M12 6v6l4 2M20 12v5M20 21h.01M21.25 8.2A10 10 0 1 0 16 21.16
clock-arrow-down	time	time,watch,alarm,sort,order,ascending,descending,increasing,decreasing,rising,falling	M12 6v6l2 1M12.337 21.994a10 10 0 1 1 9.588 -8.767M14 18l4 4 4 -4M18 14v8
clock-arrow-left	time	time,watch,alarm,assign,range	M12 6v6l1.5 .8M12.338 21.994a10 10 0 1 1 9.587 -8.767M14 18h8M18 22l-4 -4 4 -4
clock-arrow-right	time,people,arrows	time,watch,alarm,range,unassign	M12 6v6l2 1M13.5 21.885A10 10 0 1 1 22 12M14 18h8M18 22l4 -4 -4 -4
clock-arrow-up	time	time,watch,alarm,sort,order,ascending,descending,increasing,decreasing,rising,falling	M12 6v6l1.56 .78M13.227 21.925a10 10 0 1 1 8.767 -9.588M14 18l4 -4 4 4M18 22v-8
clock-check	time	time,watch,alarm	M21.95 13a10 10 0 1 0 -8.685 8.92M12 6v6l4 2M16 19l2 2 4 -4
clock-fading	time	time,watch,alarm	M12 2a10 10 0 0 1 7.38 16.75M12 6v6l4 2M2.5 8.875a10 10 0 0 0 -.5 3M2.83 16a10 10 0 0 0 2.43 3.4M4.636 5.235a10 10 0 0 1 .891 -.857M8.644 21.42a10 10 0 0 0 7.631 -.38
clock-plus	time	time,watch,alarm,add,create,new	M12 6v6l3.644 1.822M16 19h6M19 16v6M21.92 13.267a10 10 0 1 0 -8.653 8.653
closed-caption	accessibility,multimedia	tv,movie,video,closed captions,subtitles,subhead,transcription,transcribe,dialogue,accessibility	M10 9.17a3 3 0 1 0 0 5.66M17 9.17a3 3 0 1 0 0 5.66M4 5h16a2 2 0 0 1 2 2v10a2 2 0 0 1 -2 2h-16a2 2 0 0 1 -2 -2v-10a2 2 0 0 1 2 -2z
cloud	weather	weather	M17.5 19H9a7 7 0 1 1 6.71 -9h1.79a4.5 4.5 0 1 1 0 9Z
cloud-alert	development	weather,danger,warning,alert,error,sync,network,exclamation	M12 12v4M12 20h.01M8.128 16.949A7 7 0 1 1 15.71 8h1.79a1 1 0 0 1 0 9h-1.642
cloud-backup	arrows,files	storage,memory,bytes,servers,backup,timemachine,rotate,synchronize,synchronise,refresh,reconnect,transfer,data,security,upload,save,remote,safety	M21 15.251A4.5 4.5 0 0 0 17.5 8h-1.79A7 7 0 1 0 3 13.607M7 11v4h4M8 19a5 5 0 0 0 9 -3 4.5 4.5 0 0 0 -4.5 -4.5 4.82 4.82 0 0 0 -3.41 1.41L7 15
cloud-check	development	sync,network,success,done,completed,saved,persisted	M17 15l-5.5 5.5L9 18M5.516 16.07A7 7 0 1 1 15.71 8h1.79a4.5 4.5 0 0 1 3.501 7.327
cloud-cog	development	computing,ai,cluster,network	M10.852 19.772l-.383 .924M13.148 14.228l.383 -.923M13.148 19.772a3 3 0 1 0 -2.296 -5.544l-.383 -.923M13.53 20.696l-.382 -.924a3 3 0 1 1 -2.296 -5.544M14.772 15.852l.923 -.383M14.772 18.148l.923 .383M4.2 15.1a7 7 0 1 1 9.93 -9.858A7 7 0 0 1 15.71 8h1.79a4.5 4.5 0 0 1 2.5 8.2M9.228 15.852l-.923 -.383M9.228 18.148l-.923 .383
cloud-download	arrows,files	import	M12 13v8l-4 -4M12 21l4 -4M4.393 15.269A7 7 0 1 1 15.71 8h1.79a4.5 4.5 0 0 1 2.436 8.284
cloud-drizzle	weather	weather,shower	M4 14.899A7 7 0 1 1 15.71 8h1.79a4.5 4.5 0 0 1 2.5 8.242M8 19v1M8 14v1M16 19v1M16 14v1M12 21v1M12 16v1
cloud-fog	weather	weather,mist	M4 14.899A7 7 0 1 1 15.71 8h1.79a4.5 4.5 0 0 1 2.5 8.242M16 17H7M17 21H9
cloud-hail	weather	weather,rainfall	M4 14.899A7 7 0 1 1 15.71 8h1.79a4.5 4.5 0 0 1 2.5 8.242M16 14v2M8 14v2M16 20h.01M8 20h.01M12 16v2M12 22h.01
cloud-lightning	weather	weather,bolt	M6 16.326A7 7 0 1 1 15.71 8h1.79a4.5 4.5 0 0 1 .5 8.973M13 12l-3 5h4l-3 5
cloud-moon	weather	weather,night	M13 16a3 3 0 0 1 0 6H7a5 5 0 1 1 4.9 -6zM18.376 14.512a6 6 0 0 0 3.461 -4.127c.148 -.625 -.659 -.97 -1.248 -.714a4 4 0 0 1 -5.259 -5.26c.255 -.589 -.09 -1.395 -.716 -1.248a6 6 0 0 0 -4.594 5.36
cloud-moon-rain	weather	weather,partly,night,rainfall	M11 20v2M18.376 14.512a6 6 0 0 0 3.461 -4.127c.148 -.625 -.659 -.97 -1.248 -.714a4 4 0 0 1 -5.259 -5.26c.255 -.589 -.09 -1.395 -.716 -1.248a6 6 0 0 0 -4.594 5.36M3 20a5 5 0 1 1 8.9 -4H13a3 3 0 0 1 2 5.24M7 19v2
cloud-off	connectivity,weather	disconnect	M10.94 5.274A7 7 0 0 1 15.71 10h1.79a4.5 4.5 0 0 1 4.222 6.057M18.796 18.81A4.5 4.5 0 0 1 17.5 19H9A7 7 0 0 1 5.79 5.78M2 2l20 20
cloud-rain	weather	weather,rainfall	M4 14.899A7 7 0 1 1 15.71 8h1.79a4.5 4.5 0 0 1 2.5 8.242M16 14v6M8 14v6M12 16v6
cloud-rain-wind	weather	weather,rainfall	M4 14.899A7 7 0 1 1 15.71 8h1.79a4.5 4.5 0 0 1 2.5 8.242M9.2 22l3 -7M9 13l-3 7M17 13l-3 7
cloud-snow	weather	weather,blizzard	M4 14.899A7 7 0 1 1 15.71 8h1.79a4.5 4.5 0 0 1 2.5 8.242M8 15h.01M8 19h.01M12 17h.01M12 21h.01M16 15h.01M16 19h.01
cloud-sun	weather	weather,partly	M12 2v2M4.93 4.93l1.41 1.41M20 12h2M19.07 4.93l-1.41 1.41M15.947 12.65a4 4 0 0 0 -5.925 -4.128M13 22H7a5 5 0 1 1 4.9 -6H13a3 3 0 0 1 0 6Z
cloud-sun-rain	weather	weather,partly,rainfall	M12 2v2M4.93 4.93l1.41 1.41M20 12h2M19.07 4.93l-1.41 1.41M15.947 12.65a4 4 0 0 0 -5.925 -4.128M3 20a5 5 0 1 1 8.9 -4H13a3 3 0 0 1 2 5.24M11 20v2M7 19v2
cloud-sync	arrows,files	synchronize,synchronise,refresh,reconnect,transfer,backup,storage,upload,download,connection,network,data	M17 18l-1.535 1.605a5 5 0 0 1 -8 -1.5M17 22v-4h-4M20.996 15.251A4.5 4.5 0 0 0 17.495 8h-1.79a7 7 0 1 0 -12.709 5.607M7 10v4h4M7 14l1.535 -1.605a5 5 0 0 1 8 1.5
cloud-upload	arrows,files	file	M12 13v8M4 14.899A7 7 0 1 1 15.71 8h1.79a4.5 4.5 0 0 1 2.5 8.242M8 17l4 -4 4 4
cloudy	weather	weather,clouds	M17.5 12a1 1 0 1 1 0 9H9.006a7 7 0 1 1 6.702 -9zM21.832 9A3 3 0 0 0 19 7h-2.207a5.5 5.5 0 0 0 -10.72 .61
clover	gaming	leaf,luck,plant	M16.17 7.83L2 22M4.02 12a2.827 2.827 0 1 1 3.81 -4.17A2.827 2.827 0 1 1 12 4.02a2.827 2.827 0 1 1 4.17 3.81A2.827 2.827 0 1 1 19.98 12a2.827 2.827 0 1 1 -3.81 4.17A2.827 2.827 0 1 1 12 19.98a2.827 2.827 0 1 1 -4.17 -3.81A1 1 0 1 1 4 12M7.83 7.83l8.34 8.34
club	shapes,gaming	shape,suit,playing,cards	M17.28 9.05a5.5 5.5 0 1 0 -10.56 0A5.5 5.5 0 1 0 12 17.66a5.5 5.5 0 1 0 5.28 -8.6ZM12 17.66L12 22
code	text,development	source,programming,html,xml	M16 18l6 -6 -6 -6M8 6l-6 6 6 6
code-xml	text,development	source,programming,html,xml	M18 16l4 -4 -4 -4M6 8l-4 4 4 4M14.5 4l-5 16
coffee	food-beverage	drink,cup,mug,tea,cafe,hot,beverage	M10 2v2M14 2v2M16 8a1 1 0 0 1 1 1v8a4 4 0 0 1 -4 4H7a4 4 0 0 1 -4 -4V9a1 1 0 0 1 1 -1h14a4 4 0 1 1 0 8h-1M6 2v2
cog	account	computing,settings,cog,edit,gear,preferences,controls,configuration,fixed,build,construction,parts	M11 10.27L7 3.34M11 13.73l-4 6.93M12 22v-2M12 2v2M14 12h8M17 20.66l-1 -1.73M17 3.34l-1 1.73M2 12h2M20.66 17l-1.73 -1M20.66 7l-1.73 1M3.34 17l1.73 -1M3.34 7l1.73 1M10 12a2 2 0 1 0 4 0a2 2 0 1 0 -4 0zM4 12a8 8 0 1 0 16 0a8 8 0 1 0 -16 0z
coins	gaming	money,cash,finance,gamble	M13.744 17.736a6 6 0 1 1 -7.48 -7.48M15 6h1v4M6.134 14.768l.866 -.5 2 3.464M10 8a6 6 0 1 0 12 0a6 6 0 1 0 -12 0z
columns-2	layout,design,text	lines,list,queue,preview,panel,parallel,series,split,vertical,horizontal,half,center,middle,even,sidebar,drawer,gutter,fold,reflow,typography,pagination,pages	M5 3h14a2 2 0 0 1 2 2v14a2 2 0 0 1 -2 2h-14a2 2 0 0 1 -2 -2v-14a2 2 0 0 1 2 -2zM12 3v18
columns-3	layout,design,text	lines,list,queue,preview,parallel,series,split,vertical,horizontal,thirds,triple,center,middle,alignment,even,sidebars,drawers,gutters,fold,reflow,typography,pagination,pages	M5 3h14a2 2 0 0 1 2 2v14a2 2 0 0 1 -2 2h-14a2 2 0 0 1 -2 -2v-14a2 2 0 0 1 2 -2zM9 3v18M15 3v18
columns-3-cog	layout,design	columns,settings,customize,table,grid,adjust,configuration,panel,layout	M10.6 21H5a2 2 0 0 1 -2 -2V5a2 2 0 0 1 2 -2h14a2 2 0 0 1 2 2v5.6M14.305 19.53l.923 -.382M15 3v7.6M15.229 16.852l-.924 -.383M16.852 15.228l-.383 -.923M16.852 20.772l-.383 .924M19.148 15.228l.383 -.923M19.53 21.696l-.382 -.924M20.773 16.852l.922 -.383M20.773 19.148l.922 .383M9 3v18M15 18a3 3 0 1 0 6 0a3 3 0 1 0 -6 0z
columns-4	layout,design,text,security	lines,list,queue,preview,parallel,series,split,vertical,horizontal,thirds,triple,center,middle,alignment,even,sidebars,drawers,gutters,fold,reflow,typography,pagination,pages,prison,jail,bars,sentence,police,cops,cell,crime,criminal,justice,law,enforcement,grill	M5 3h14a2 2 0 0 1 2 2v14a2 2 0 0 1 -2 2h-14a2 2 0 0 1 -2 -2v-14a2 2 0 0 1 2 -2zM7.5 3v18M12 3v18M16.5 3v18
combine	development,files	cubes,packages,parts,units,collection,cluster,combine,gather,merge	M14 3a1 1 0 0 1 1 1v5a1 1 0 0 1 -1 1M19 3a1 1 0 0 1 1 1v5a1 1 0 0 1 -1 1M7 15l3 3M7 21l3 -3H5a2 2 0 0 1 -2 -2v-2M15 14h5a1 1 0 0 1 1 1v5a1 1 0 0 1 -1 1h-5a1 1 0 0 1 -1 -1v-5a1 1 0 0 1 1 -1zM4 3h5a1 1 0 0 1 1 1v5a1 1 0 0 1 -1 1h-5a1 1 0 0 1 -1 -1v-5a1 1 0 0 1 1 -1z
command	development	keyboard,key,mac,cmd,button	M15 6v12a3 3 0 1 0 3 -3H6a3 3 0 1 0 3 3V6a3 3 0 1 0 -3 3h12a3 3 0 1 0 -3 -3
compass	navigation,travel	direction,north,east,south,west,browser	M2 12a10 10 0 1 0 20 0a10 10 0 1 0 -20 0zM16.24 7.76l-1.804 5.411a2 2 0 0 1 -1.265 1.265L7.76 16.24l1.804 -5.411a2 2 0 0 1 1.265 -1.265z
component	design,development	design,element,group,module,part,symbol	M15.536 11.293a1 1 0 0 0 0 1.414l2.376 2.377a1 1 0 0 0 1.414 0l2.377 -2.377a1 1 0 0 0 0 -1.414l-2.377 -2.377a1 1 0 0 0 -1.414 0zM2.297 11.293a1 1 0 0 0 0 1.414l2.377 2.377a1 1 0 0 0 1.414 0l2.377 -2.377a1 1 0 0 0 0 -1.414L6.088 8.916a1 1 0 0 0 -1.414 0zM8.916 17.912a1 1 0 0 0 0 1.415l2.377 2.376a1 1 0 0 0 1.414 0l2.377 -2.376a1 1 0 0 0 0 -1.415l-2.377 -2.376a1 1 0 0 0 -1.414 0zM8.916 4.674a1 1 0 0 0 0 1.414l2.377 2.376a1 1 0 0 0 1.414 0l2.377 -2.376a1 1 0 0 0 0 -1.414l-2.377 -2.377a1 1 0 0 0 -1.414 0z
computer	devices,development,gaming	pc,chassis,codespaces	M12 18h6M6 18h.01M8 6h1M4 14h16a2 2 0 0 1 2 2v4a2 2 0 0 1 -2 2h-16a2 2 0 0 1 -2 -2v-4a2 2 0 0 1 2 -2zM6 2h12a2 2 0 0 1 2 2v8a2 2 0 0 1 -2 2h-12a2 2 0 0 1 -2 -2v-8a2 2 0 0 1 2 -2z
concierge-bell	travel	reception,bell,porter	M3 20a1 1 0 0 1 -1 -1v-1a2 2 0 0 1 2 -2h16a2 2 0 0 1 2 2v1a1 1 0 0 1 -1 1ZM20 16a8 8 0 1 0 -16 0M12 4v4M10 4h4
cone	shapes,math	conical,triangle,triangular,geometry,filter,funnel,hopper,spotlight,searchlight	M20.9 18.55l-8 -15.98a1 1 0 0 0 -1.8 0l-8 15.98M3 19a9 3 0 1 0 18 0a9 3 0 1 0 -18 0z
construction	development	roadwork,maintenance,blockade,barricade	M3 6h18a1 1 0 0 1 1 1v6a1 1 0 0 1 -1 1h-18a1 1 0 0 1 -1 -1v-6a1 1 0 0 1 1 -1zM17 14v7M7 14v7M17 3v3M7 3v3M10 14L2.3 6.3M14 6l7.7 7.7M8 6l8 8
contact	account,connectivity,communication,social	user,person,family,friend,acquaintance,listing,networking	M16 2v2M7 21v-2a2 2 0 0 1 2 -2h6a2 2 0 0 1 2 2v2M8 2v2M9 10a3 3 0 1 0 6 0a3 3 0 1 0 -6 0zM5 3h14a2 2 0 0 1 2 2v14a2 2 0 0 1 -2 2h-14a2 2 0 0 1 -2 -2v-14a2 2 0 0 1 2 -2z
contact-round	account,connectivity,communication,social	user,person,family,friend,acquaintance,listing,networking	M16 2v2M17.915 21a6 6 0 1 0 -12 0M8 2v2M8 11a4 4 0 1 0 8 0a4 4 0 1 0 -8 0zM5 3h14a2 2 0 0 1 2 2v14a2 2 0 0 1 -2 2h-14a2 2 0 0 1 -2 -2v-14a2 2 0 0 1 2 -2z
container	development,transportation,mail	storage,shipping,freight,supply chain,environment,devops,code,coding	M22 7.7c0 -.6 -.4 -1.2 -.8 -1.5l-6.3 -3.9a1.72 1.72 0 0 0 -1.7 0l-10.3 6c-.5 .2 -.9 .8 -.9 1.4v6.6c0 .5 .4 1.2 .8 1.5l6.3 3.9a1.72 1.72 0 0 0 1.7 0l10.3 -6c.5 -.3 .9 -1 .9 -1.5ZM10 21.9V14L2.1 9.1M10 14l11.9 -6.9M14 19.8v-8.1M18 17.5V9.4
contrast	photography,accessibility,design	display,accessibility	M2 12a10 10 0 1 0 20 0a10 10 0 1 0 -20 0zM12 18a6 6 0 0 0 0 -12v12z
cookie	account,food-beverage	biscuit,snack,dessert,food,sweet,bakery,consent,privacy,legal,tracking,browser,website	M11 17h.01M11.496 2c.324 -.016 .558 .292 .529 .615a4 4 0 0 0 4.235 4.368 .713 .713 0 0 1 .758 .757 4 4 0 0 0 4.366 4.237c.323 -.03 .63 .204 .614 .527a10 10 0 0 1 -2.915 6.566A1 1 0 1 1 4.93 4.918 10 10 0 0 1 11.496 2M12 12h.01M16 16h.01M16 3h.01M21 4h.01M21 8h.01M7 14h.01M9 8h.01
cooking-pot	food-beverage,home	pod,cooking,recipe,food,kitchen,chef,restaurant,dinner,lunch,breakfast,meal,eat	M2 12h20M20 12v8a2 2 0 0 1 -2 2H6a2 2 0 0 1 -2 -2v-8M4 8l16 -4M8.86 6.78l-.45 -1.81a2 2 0 0 1 1.45 -2.43l1.94 -.48a2 2 0 0 1 2.43 1.46l.45 1.8
copy	text	clone,duplicate,multiple	M10 8h10a2 2 0 0 1 2 2v10a2 2 0 0 1 -2 2h-10a2 2 0 0 1 -2 -2v-10a2 2 0 0 1 2 -2zM4 16c-1.1 0 -2 -.9 -2 -2V4c0 -1.1 .9 -2 2 -2h10c1.1 0 2 .9 2 2
copy-check	text,notifications	clone,duplicate,done,multiple	M12 15l2 2 4 -4M10 8h10a2 2 0 0 1 2 2v10a2 2 0 0 1 -2 2h-10a2 2 0 0 1 -2 -2v-10a2 2 0 0 1 2 -2zM4 16c-1.1 0 -2 -.9 -2 -2V4c0 -1.1 .9 -2 2 -2h10c1.1 0 2 .9 2 2
copy-minus	text,math	clone,duplicate,remove,delete,collapse,subtract,multiple,-	M12 15L18 15M10 8h10a2 2 0 0 1 2 2v10a2 2 0 0 1 -2 2h-10a2 2 0 0 1 -2 -2v-10a2 2 0 0 1 2 -2zM4 16c-1.1 0 -2 -.9 -2 -2V4c0 -1.1 .9 -2 2 -2h10c1.1 0 2 .9 2 2
copy-plus	text,math	clone,duplicate,add,multiple,expand,+	M15 12L15 18M12 15L18 15M10 8h10a2 2 0 0 1 2 2v10a2 2 0 0 1 -2 2h-10a2 2 0 0 1 -2 -2v-10a2 2 0 0 1 2 -2zM4 16c-1.1 0 -2 -.9 -2 -2V4c0 -1.1 .9 -2 2 -2h10c1.1 0 2 .9 2 2
copy-slash	text,development,math	clone,duplicate,cancel,ban,no,stop,forbidden,prohibited,error,multiple,divide,division,split,or,/	M12 18L18 12M10 8h10a2 2 0 0 1 2 2v10a2 2 0 0 1 -2 2h-10a2 2 0 0 1 -2 -2v-10a2 2 0 0 1 2 -2zM4 16c-1.1 0 -2 -.9 -2 -2V4c0 -1.1 .9 -2 2 -2h10c1.1 0 2 .9 2 2
copy-x	notifications,math	cancel,close,delete,remove,clear,multiple,multiply,multiplication,times	M4 16a2 2 0 0 1 -2 -2V4a2 2 0 0 1 2 -2h10a2 2 0 0 1 2 2M10 8h10a2 2 0 0 1 2 2v10a2 2 0 0 1 -2 2h-10a2 2 0 0 1 -2 -2v-10a2 2 0 0 1 2 -2zM12.5 12.5l5 5M12.5 17.5l5 -5
copyleft	text	licence	M2 12a10 10 0 1 0 20 0a10 10 0 1 0 -20 0zM9.17 14.83a4 4 0 1 0 0 -5.66
copyright	text	licence,license	M2 12a10 10 0 1 0 20 0a10 10 0 1 0 -20 0zM14.83 14.83a4 4 0 1 1 0 -5.66
corner-down-left	arrows	arrow,return	M20 4v7a4 4 0 0 1 -4 4H4M9 10l-5 5 5 5
corner-down-right	arrows,text,development	arrow,indent,tab	M15 10l5 5 -5 5M4 4v7a4 4 0 0 0 4 4h12
corner-left-down	arrows	arrow	M14 15l-5 5 -5 -5M20 4h-7a4 4 0 0 0 -4 4v12
corner-left-up	arrows	arrow	M14 9L9 4 4 9M20 20h-7a4 4 0 0 1 -4 -4V4
corner-right-down	arrows	arrow	M10 15l5 5 5 -5M4 4h7a4 4 0 0 1 4 4v12
corner-right-up	arrows	arrow	M10 9l5 -5 5 5M4 20h7a4 4 0 0 0 4 -4V4
corner-up-left	arrows	arrow	M20 20v-7a4 4 0 0 0 -4 -4H4M9 14L4 9l5 -5
corner-up-right	arrows	arrow	M15 14l5 -5 -5 -5M4 20v-7a4 4 0 0 1 4 -4h12
cpu	devices	processor,cores,technology,computer,chip,circuit,memory,ram,specs,gigahertz,ghz	M12 20v2M12 2v2M17 20v2M17 2v2M2 12h2M2 17h2M2 7h2M20 12h2M20 17h2M20 7h2M7 20v2M7 2v2M6 4h12a2 2 0 0 1 2 2v12a2 2 0 0 1 -2 2h-12a2 2 0 0 1 -2 -2v-12a2 2 0 0 1 2 -2zM9 8h6a1 1 0 0 1 1 1v6a1 1 0 0 1 -1 1h-6a1 1 0 0 1 -1 -1v-6a1 1 0 0 1 1 -1z
creative-commons	text	licence,license	M2 12a10 10 0 1 0 20 0a10 10 0 1 0 -20 0zM10 9.3a2.8 2.8 0 0 0 -3.5 1 3.1 3.1 0 0 0 0 3.4 2.7 2.7 0 0 0 3.5 1M17 9.3a2.8 2.8 0 0 0 -3.5 1 3.1 3.1 0 0 0 0 3.4 2.7 2.7 0 0 0 3.5 1
credit-card	account,finance	bank,purchase,payment,cc	M4 5h16a2 2 0 0 1 2 2v10a2 2 0 0 1 -2 2h-16a2 2 0 0 1 -2 -2v-10a2 2 0 0 1 2 -2zM2 10L22 10M6 14h2
credit-card-check	account,finance,shopping	debit,payment,banking,finance,transaction,wallet,purchase,checkout,billing,account,cardholder,verified,approved,authorized,valid,success,complete,check,bank,cc	M12.5 19H4a2 2 0 0 1 -2 -2V7a2 2 0 0 1 2 -2h16a2 2 0 0 1 2 2v4M2 10h20M6 14h2M16 17l2 2 4 -4
credit-card-minus	account,finance,shopping	debit,payment,remove,delete,unlink,revoke,decline,canceled,banking,finance,wallet,transaction,billing,account,purchase,checkout,subtract,minus,bank,cc	M22 13V7a2 2 0 0 0 -2 -2H4a2 2 0 0 0 -2 2v10a2 2 0 0 0 2 2h8.536M22 10H2M6 14h2M16 17h6
credit-card-plus	account,finance,shopping	debit,payment,banking,finance,transaction,wallet,purchase,checkout,billing,account,cardholder,add,new,link,save,method,plastic,bank,cc	M22 11.354V7a2 2 0 0 0 -2 -2H4a2 2 0 0 0 -2 2v10a2 2 0 0 0 2 2h8.536M22 10H2M6 14h2M16 17h6M19 14v6
credit-card-reader	finance,navigation,shopping	bank,purchase,payment,cc,atm,terminal,checkout,kiosk,pos,point of sale,transaction,contactless,chip,swipe,tap,banking,finance,retail	M15 16v1M16.963 7.734A1 1 0 0 0 15.999 7H8.003a1 1 0 0 0 -.964 .734L4.073 18.467A2 2 0 0 0 6 21h12a2 2 0 0 0 1.927 -2.532zM2.678 8.5A2 2 0 0 1 2 7V5a2 2 0 0 1 2 -2h16a2 2 0 0 1 2 2v2a2 2 0 0 1 -.676 1.499M9 21l2 -14
credit-card-x	account,finance,shopping	debit,payment,banking,finance,transaction,wallet,purchase,checkout,billing,account,cardholder,declined,rejected,failed,invalid,canceled,error,cancel,bank,cc	M12.5 19H4a2 2 0 0 1 -2 -2V7a2 2 0 0 1 2 -2h16a2 2 0 0 1 2 2v3.5M2 10h20M6 14h2M16.5 14.5l5 5M21.5 14.5l-5 5
croissant	food-beverage	bakery,cooking,food,pastry	M10.2 18H4.774a1.5 1.5 0 0 1 -1.352 -.97 11 11 0 0 1 .132 -6.487M18 10.2V4.774a1.5 1.5 0 0 0 -.97 -1.352 11 11 0 0 0 -6.486 .132M18 5a4 3 0 0 1 4 3 2 2 0 0 1 -2 2 10 10 0 0 0 -5.139 1.42M5 18a3 4 0 0 0 3 4 2 2 0 0 0 2 -2 10 10 0 0 1 1.42 -5.14M8.709 2.554a10 10 0 0 0 -6.155 6.155 1.5 1.5 0 0 0 .676 1.626l9.807 5.42a2 2 0 0 0 2.718 -2.718l-5.42 -9.807a1.5 1.5 0 0 0 -1.626 -.676
crop	photography,design	photo,image	M6 2v14a2 2 0 0 0 2 2h14M18 22V8a2 2 0 0 0 -2 -2H2
cross	shapes	healthcare,first aid	M4 9a2 2 0 0 0 -2 2v2a2 2 0 0 0 2 2h4a1 1 0 0 1 1 1v4a2 2 0 0 0 2 2h2a2 2 0 0 0 2 -2v-4a1 1 0 0 1 1 -1h4a2 2 0 0 0 2 -2v-2a2 2 0 0 0 -2 -2h-4a1 1 0 0 1 -1 -1V4a2 2 0 0 0 -2 -2h-2a2 2 0 0 0 -2 2v4a1 1 0 0 1 -1 1z
crosshair	photography	aim,target	M2 12a10 10 0 1 0 20 0a10 10 0 1 0 -20 0zM22 12L18 12M6 12L2 12M12 6L12 2M12 22L12 18
crown	gaming	diadem,tiara,circlet,corona,king,ruler,winner,favourite	M11.562 3.266a.5 .5 0 0 1 .876 0L15.39 8.87a1 1 0 0 0 1.516 .294L21.183 5.5a.5 .5 0 0 1 .798 .519l-2.834 10.246a1 1 0 0 1 -.956 .734H5.81a1 1 0 0 1 -.957 -.734L2.02 6.02a.5 .5 0 0 1 .798 -.519l4.276 3.664a1 1 0 0 0 1.516 -.294zM5 21h14
cuboid	shapes,math,food-beverage	brick,block,box,3d,solid,volume,container,storage,shipping,carton,geometry,rectangular,hexahedron,butter,tofu,soap,cheese,package,parcel,crate	M10 22v-8M2.336 8.89L10 14l11.715 -7.029M22 14a2 2 0 0 1 -.971 1.715l-10 6a2 2 0 0 1 -2.138 -.05l-6 -4A2 2 0 0 1 2 16v-6a2 2 0 0 1 .971 -1.715l10 -6a2 2 0 0 1 2.138 .05l6 4A2 2 0 0 1 22 8z
cup-soda	food-beverage	beverage,cup,drink,soda,straw,water	M6 8l1.75 12.28a2 2 0 0 0 2 1.72h4.54a2 2 0 0 0 2 -1.72L18 8M5 8h14M7 15a6.47 6.47 0 0 1 5 0 6.47 6.47 0 0 0 5 0M12 8l1 -6h2
cupcake	food-beverage	cake,dessert,food,celebration,sweet,baking,cooking	M12 22v-9M14 4h1a3 3 0 0 1 3 3l-.004 .125A4 4 0 0 1 21 11v2M15.5 22l1.5 -9M21 13a1 1 0 0 1 .919 1.394l-2.74 6.394A2 2 0 0 1 17.34 22H6.659a2 2 0 0 1 -1.838 -1.212l-2.74 -6.394A1 1 0 0 1 3 13zM3 13v-2a4 4 0 0 1 3.003 -3.875L6 7a3 3 0 0 1 3 -3h1M8.5 22L7 13M10 4a2 2 0 1 0 4 0a2 2 0 1 0 -4 0z
currency	finance	finance,money	M4 12a8 8 0 1 0 16 0a8 8 0 1 0 -16 0zM3 3L6 6M21 3L18 6M3 21L6 18M21 21L18 18
cylinder	shapes,design,math	shape,elliptical,geometry,container,storage,tin,pot	M3 5a9 3 0 1 0 18 0a9 3 0 1 0 -18 0zM3 5v14a9 3 0 0 0 18 0V5
dam	buildings,sustainability,navigation	electricity,energy,water	M11 11.31c1.17 .56 1.54 1.69 3.5 1.69 2.5 0 2.5 -2 5 -2 1.3 0 1.9 .5 2.5 1M11.75 18c.35 .5 1.45 1 2.75 1 2.5 0 2.5 -2 5 -2 1.3 0 1.9 .5 2.5 1M2 10h4M2 14h4M2 18h4M2 6h4M7 3a1 1 0 0 0 -1 1v16a1 1 0 0 0 1 1h4a1 1 0 0 0 1 -1L10 4a1 1 0 0 0 -1 -1z
database	devices,development	storage,memory,container,tin,pot,bytes,servers	M3 5a9 3 0 1 0 18 0a9 3 0 1 0 -18 0zM3 5V19A9 3 0 0 0 21 19V5M3 12A9 3 0 0 0 21 12
database-arrow-down	devices,development	storage,memory,bytes,server,export,download,backup,pull,downsize	M16 19l3 3 3 -3M19 16v6M21 12.536V5M3 12A9 3 0 0 0 15.182 14.806M3 5V19A9 3 0 0 0 13.318 21.968M3 5a9 3 0 1 0 18 0a9 3 0 1 0 -18 0z
database-arrow-up	devices,development	storage,memory,bytes,server,import,upload,backup,push,upscale	M19 22v-6M21 12.536V5M22 19l-3 -3 -3 3M3 12A9 3 0 0 0 14.457 14.886M3 5V19A9 3 0 0 0 13.318 21.968M3 5a9 3 0 1 0 18 0a9 3 0 1 0 -18 0z
database-backup	devices,arrows,design,development,photography	storage,memory,bytes,servers,backup,timemachine,rotate,arrow,left	M3 5a9 3 0 1 0 18 0a9 3 0 1 0 -18 0zM3 12a9 3 0 0 0 5 2.69M21 9.3V5M3 5v14a9 3 0 0 0 6.47 2.88M12 12v4h4M13 20a5 5 0 0 0 9 -3 4.5 4.5 0 0 0 -4.5 -4.5c-1.33 0 -2.54 .54 -3.41 1.41L12 16
database-check	devices,development	storage,memory,bytes,server,check,success,valid,verified,confirmed,complete	M16 19l2 2 4 -4M21 13.127V5M3 12A9 3 0 0 0 21 12M3 5V19A9 3 0 0 0 13.318 21.968M3 5a9 3 0 1 0 18 0a9 3 0 1 0 -18 0z
database-minus	devices,development	storage,memory,bytes,server,minus,remove,delete,reduce	M21 15V5M22 19h-6M3 12A9 3 0 0 0 21 12M3 5V19A9 3 0 0 0 13.318 21.968M3 5a9 3 0 1 0 18 0a9 3 0 1 0 -18 0z
database-plus	devices,development	storage,memory,bytes,server,plus,add,create,insert,new,expand	M19 16v6M21 12.536V5M22 19h-6M3 12A9 3 0 0 0 15.182 14.806M3 5V19A9 3 0 0 0 13.318 21.968M3 5a9 3 0 1 0 18 0a9 3 0 1 0 -18 0z
database-search	devices,development	storage,memory,container,tin,pot,bytes,servers	M21 11.693V5M22 22l-1.875 -1.875M3 12a9 3 0 0 0 8.697 2.998M3 5v14a9 3 0 0 0 9.28 2.999M15 18a3 3 0 1 0 6 0a3 3 0 1 0 -6 0zM3 5a9 3 0 1 0 18 0a9 3 0 1 0 -18 0z
database-x	devices,development	storage,memory,bytes,server,x,error,failed,invalid,rejected,denied,clear,remove,disconnect	M17 17l5 5M19.323 13.744A9 3 0 0 0 21 12M21 13.127V5M22 17l-5 5M3 12A9 3 0 0 0 13.563 14.954M3 5V19A9 3 0 0 0 13 21.981M3 5a9 3 0 1 0 18 0a9 3 0 1 0 -18 0z
database-zap	devices,development	cache busting,storage,memory,bytes,servers,power,crash	M3 5a9 3 0 1 0 18 0a9 3 0 1 0 -18 0zM3 5V19A9 3 0 0 0 15 21.84M21 5V8M21 12L18 17H22L19 22M3 12A9 3 0 0 0 14.59 14.87
decimals-arrow-left	design,text,arrows,math	numerical,decimal,decrease,less,fewer,precision,rounding,digits,fraction,float,number	M13 21l-3 -3 3 -3M20 18H10M3 11h.01M8.5 3h0a2.5 2.5 0 0 1 2.5 2.5v3a2.5 2.5 0 0 1 -2.5 2.5h0a2.5 2.5 0 0 1 -2.5 -2.5v-3a2.5 2.5 0 0 1 2.5 -2.5z
decimals-arrow-right	design,text,arrows,math	numerical,decimal,increase,more,precision,rounding,digits,fraction,float,number	M10 18h10M17 21l3 -3 -3 -3M3 11h.01M17.5 3h0a2.5 2.5 0 0 1 2.5 2.5v3a2.5 2.5 0 0 1 -2.5 2.5h0a2.5 2.5 0 0 1 -2.5 -2.5v-3a2.5 2.5 0 0 1 2.5 -2.5zM8.5 3h0a2.5 2.5 0 0 1 2.5 2.5v3a2.5 2.5 0 0 1 -2.5 2.5h0a2.5 2.5 0 0 1 -2.5 -2.5v-3a2.5 2.5 0 0 1 2.5 -2.5z
delete	text,arrows	backspace,remove	M10 5a2 2 0 0 0 -1.344 .519l-6.328 5.74a1 1 0 0 0 0 1.481l6.328 5.741A2 2 0 0 0 10 19h10a2 2 0 0 0 2 -2V7a2 2 0 0 0 -2 -2zM12 9l6 6M18 9l-6 6
dessert	food-beverage	pudding,christmas,xmas,custard,iced bun,icing,fondant,cake,ice cream,gelato,sundae,scoop,dollop,sugar,food,sweet	M10.162 3.167A10 10 0 0 0 2 13a2 2 0 0 0 4 0v-1a2 2 0 0 1 4 0v4a2 2 0 0 0 4 0v-4a2 2 0 0 1 4 0v1a2 2 0 0 0 4 -.006 10 10 0 0 0 -8.161 -9.826M20.804 14.869a9 9 0 0 1 -17.608 0M10 4a2 2 0 1 0 4 0a2 2 0 1 0 -4 0z
diameter	shapes,math,design,tools	shape,circle,geometry,trigonometry,width,height,size,calculate,measure	M17 19a2 2 0 1 0 4 0a2 2 0 1 0 -4 0zM3 5a2 2 0 1 0 4 0a2 2 0 1 0 -4 0zM6.48 3.66a10 10 0 0 1 13.86 13.86M6.41 6.41l11.18 11.18M3.66 6.48a10 10 0 0 0 13.86 13.86
diamond	shapes,gaming	square,rectangle,oblique,rhombus,shape,suit,playing,cards	M2.7 10.3a2.41 2.41 0 0 0 0 3.41l7.59 7.59a2.41 2.41 0 0 0 3.41 0l7.59 -7.59a2.41 2.41 0 0 0 0 -3.41l-7.59 -7.59a2.41 2.41 0 0 0 -3.41 0Z
diamond-minus	multimedia,photography,tools,devices	keyframe,subtract,remove,decrease,reduce,calculator,button,keyboard,line,divider,separator,horizontal rule,hr,html,markup,markdown,---,toolbar,operator,code,coding,minimum,downgrade	M2.7 10.3a2.41 2.41 0 0 0 0 3.41l7.59 7.59a2.41 2.41 0 0 0 3.41 0l7.59 -7.59a2.41 2.41 0 0 0 0 -3.41L13.7 2.71a2.41 2.41 0 0 0 -3.41 0zM8 12h8
diamond-percent	social,finance,shopping,math	verified,unverified,sale,discount,offer,marketing,sticker,price tag	M2.7 10.3a2.41 2.41 0 0 0 0 3.41l7.59 7.59a2.41 2.41 0 0 0 3.41 0l7.59 -7.59a2.41 2.41 0 0 0 0 -3.41L13.7 2.71a2.41 2.41 0 0 0 -3.41 0ZM9.2 9.2h.01M14.5 9.5l-5 5M14.7 14.8h.01
diamond-plus	multimedia,photography,tools,devices	keyframe,add,new,increase,increment,positive,calculate,toolbar,crosshair,aim,target,scope,sight,reticule,maximum,upgrade,extra,+	M12 8v8M2.7 10.3a2.41 2.41 0 0 0 0 3.41l7.59 7.59a2.41 2.41 0 0 0 3.41 0l7.59 -7.59a2.41 2.41 0 0 0 0 -3.41L13.7 2.71a2.41 2.41 0 0 0 -3.41 0zM8 12h8
dice-1	gaming	dice,random,tabletop,1,board,game	M5 3h14a2 2 0 0 1 2 2v14a2 2 0 0 1 -2 2h-14a2 2 0 0 1 -2 -2v-14a2 2 0 0 1 2 -2zM12 12h.01
dice-2	gaming	dice,random,tabletop,2,board,game	M5 3h14a2 2 0 0 1 2 2v14a2 2 0 0 1 -2 2h-14a2 2 0 0 1 -2 -2v-14a2 2 0 0 1 2 -2zM15 9h.01M9 15h.01
dice-3	gaming	dice,random,tabletop,3,board,game	M5 3h14a2 2 0 0 1 2 2v14a2 2 0 0 1 -2 2h-14a2 2 0 0 1 -2 -2v-14a2 2 0 0 1 2 -2zM16 8h.01M12 12h.01M8 16h.01
dice-4	gaming	dice,random,tabletop,4,board,game	M5 3h14a2 2 0 0 1 2 2v14a2 2 0 0 1 -2 2h-14a2 2 0 0 1 -2 -2v-14a2 2 0 0 1 2 -2zM16 8h.01M8 8h.01M8 16h.01M16 16h.01
dice-5	gaming	dice,random,tabletop,5,board,game	M5 3h14a2 2 0 0 1 2 2v14a2 2 0 0 1 -2 2h-14a2 2 0 0 1 -2 -2v-14a2 2 0 0 1 2 -2zM16 8h.01M8 8h.01M8 16h.01M16 16h.01M12 12h.01
dice-6	gaming	dice,random,tabletop,6,board,game	M5 3h14a2 2 0 0 1 2 2v14a2 2 0 0 1 -2 2h-14a2 2 0 0 1 -2 -2v-14a2 2 0 0 1 2 -2zM16 8h.01M16 12h.01M16 16h.01M8 8h.01M8 12h.01M8 16h.01
dices	gaming	dice,random,tabletop,board,game	M4 10h8a2 2 0 0 1 2 2v8a2 2 0 0 1 -2 2h-8a2 2 0 0 1 -2 -2v-8a2 2 0 0 1 2 -2zM17.92 14l3.5 -3.5a2.24 2.24 0 0 0 0 -3l-5 -4.92a2.24 2.24 0 0 0 -3 0L10 6M6 18h.01M10 14h.01M15 6h.01M18 9h.01
diff	development,files	patch,difference,compare,plus,minus,plus-minus,math	M12 3v14M5 10h14M5 21h14
disc	devices,multimedia	album,music,songs,format,cd,dvd,vinyl,sleeve,cover,platinum,compilation,ep,recording,playback,spin,rotate,rpm,dj	M2 12a10 10 0 1 0 20 0a10 10 0 1 0 -20 0zM10 12a2 2 0 1 0 4 0a2 2 0 1 0 -4 0z
disc-2	devices,multimedia	album,music,vinyl,record,cd,dvd,format,dj,spin,rotate,rpm	M2 12a10 10 0 1 0 20 0a10 10 0 1 0 -20 0zM8 12a4 4 0 1 0 8 0a4 4 0 1 0 -8 0zM12 12h.01
disc-3	devices,multimedia	album,music,vinyl,record,cd,dvd,format,dj,spin,rotate,rpm	M2 12a10 10 0 1 0 20 0a10 10 0 1 0 -20 0zM6 12c0 -1.7 .7 -3.2 1.8 -4.2M10 12a2 2 0 1 0 4 0a2 2 0 1 0 -4 0zM18 12c0 1.7 -.7 3.2 -1.8 4.2
disc-album	devices,multimedia	album,music,songs,format,cd,dvd,vinyl,sleeve,cover,platinum,compilation,ep,recording,playback,spin,rotate,rpm,dj	M5 3h14a2 2 0 0 1 2 2v14a2 2 0 0 1 -2 2h-14a2 2 0 0 1 -2 -2v-14a2 2 0 0 1 2 -2zM7 12a5 5 0 1 0 10 0a5 5 0 1 0 -10 0zM12 12h.01
divide	math,development	calculate,math,division,operator,code,÷,/	M11 6a1 1 0 1 0 2 0a1 1 0 1 0 -2 0zM5 12L19 12M11 18a1 1 0 1 0 2 0a1 1 0 1 0 -2 0z
dna	medical	gene,gmo,helix,heredity,chromosome,nucleic acid	M10 16l1.5 1.5M14 8l-1.5 -1.5M15 2c-1.798 1.998 -2.518 3.995 -2.807 5.993M16.5 10.5l1 1M17 6l-2.891 -2.891M2 15c6.667 -6 13.333 0 20 -6M20 9l.891 .891M3.109 14.109L4 15M6.5 12.5l1 1M7 18l2.891 2.891M9 22c1.798 -1.998 2.518 -3.995 2.807 -5.993
dna-off	medical,food-beverage	gene,gmo free,helix,heredity,chromosome,nucleic acid	M15 2c-1.35 1.5 -2.092 3 -2.5 4.5L14 8M17 6l-2.891 -2.891M2 15c3.333 -3 6.667 -3 10 -3M2 2l20 20M20 9l.891 .891M22 9c-1.5 1.35 -3 2.092 -4.5 2.5l-1 -1M3.109 14.109L4 15M6.5 12.5l1 1M7 18l2.891 2.891M9 22c1.35 -1.5 2.092 -3 2.5 -4.5L10 16
dock	layout,design,development,files	desktop,applications,launch,home,menu bar,bottom,line,macos,osx	M2 8h20M4 4h16a2 2 0 0 1 2 2v12a2 2 0 0 1 -2 2h-16a2 2 0 0 1 -2 -2v-12a2 2 0 0 1 2 -2zM6 16h12
dog	animals	animal,pet,puppy,hound,canine	M11.25 16.25h1.5L12 17zM16 14v.5M4.42 11.247A13.152 13.152 0 0 0 4 14.556C4 18.728 7.582 21 12 21s8 -2.272 8 -6.444a11.702 11.702 0 0 0 -.493 -3.309M8 14v.5M8.5 8.5c-.384 1.05 -1.083 2.028 -2.344 2.5 -1.931 .722 -3.576 -.297 -3.656 -1 -.113 -.994 1.177 -6.53 4 -7 1.923 -.321 3.651 .845 3.651 2.235A7.497 7.497 0 0 1 14 5.277c0 -1.39 1.844 -2.598 3.767 -2.277 2.823 .47 4.113 6.006 4 7 -.08 .703 -1.725 1.722 -3.656 1 -1.261 -.472 -1.855 -1.45 -2.239 -2.5
dollar-sign	finance	currency,money,payment	M12 2L12 22M17 5H9.5a3.5 3.5 0 0 0 0 7h5a3.5 3.5 0 0 1 0 7H6
dome	buildings,navigation,travel	roof,cupola,rotunda,shelter,building,architecture,structure,church,christian,orthodox,byzantine,cathedral,basilica,chapel,monument,landmark,museum,observatory,heritage	M10 21v-3a2 2 0 0 1 4 0v3M12 2v2M18 12v9M22 19a2 2 0 0 1 -2 2H4a2 2 0 0 1 -2 -2v-6a1 1 0 0 1 1 -1h18a1 1 0 0 1 1 1zM4 12a8 8 0 0 1 16 0M6 12v9
donut	food-beverage	doughnut,sprinkles,topping,fast food,junk food,snack,treat,sweet,sugar,dessert,hollow,ring	M20.5 10a2.5 2.5 0 0 1 -2.4 -3H18a2.95 2.95 0 0 1 -2.6 -4.4 10 10 0 1 0 6.3 7.1c-.3 .2 -.8 .3 -1.2 .3M9 12a3 3 0 1 0 6 0a3 3 0 1 0 -6 0z
door-closed	home,travel,security	entrance,entry,exit,ingress,egress,gate,gateway,emergency exit	M19 21V5a2 2 0 0 0 -2 -2H7a2 2 0 0 0 -2 2v16M2 21h20M9 12h.01
door-closed-cog	home,security	room,entrance,entry,settings,gear,access,automation	M14.305 19.53l.923 -.382M15.229 16.852l-.924 -.383M16.852 15.228l-.383 -.923M16.852 20.773l-.383 .924M19 10.35V5a2 2 0 0 0 -2 -2H7a2 2 0 0 0 -2 2v16M19.148 15.228l.383 -.923M19.53 21.697l-.382 -.924M2 21h8.58M20.773 16.852l.922 -.383M20.773 19.148l.922 .383M9 12h.01M15 18a3 3 0 1 0 6 0a3 3 0 1 0 -6 0z
door-closed-locked	home,travel,security	entrance,entry,exit,ingress,egress,gate,gateway,emergency exit,lock	M19 8V5a2 2 0 0 0 -2 -2H7a2 2 0 0 0 -2 2v16M2 21h8M20 16v-2a2 2 0 0 0 -4 0v2M9 12h.01M15 16h6a1 1 0 0 1 1 1v3a1 1 0 0 1 -1 1h-6a1 1 0 0 1 -1 -1v-3a1 1 0 0 1 1 -1z
door-closed-package	home,food-beverage,transportation	delivery,parcel,doorstep,shipping,drop-off,courier	M18 13v3M19 9V5a2 2 0 0 0 -2 -2H7a2 2 0 0 0 -2 2v16M2 21h8M9 12h.01M15 13h6a1 1 0 0 1 1 1v6a1 1 0 0 1 -1 1h-6a1 1 0 0 1 -1 -1v-6a1 1 0 0 1 1 -1z
door-open	home,travel,security	entrance,entry,exit,ingress,egress,gate,gateway,emergency exit	M10 21H2M10 3H7a2 2 0 0 0 -2 2v16M14 12h.01M19 21V5a2 2 0 0 0 -1.675 -1.974l-6.163 -1.013A1 1 0 0 0 10 3v18a1 1 0 0 0 1.124 .992zM22 21h-3
door-stairwell	home,travel	staircase,stairway,stairs,steps,ladder,transition,access,structure,spiral,building,vertical,movement,floor,level,entrance,entry,exit,egress,route,indoor,emergency exit	M12 17v-3a1 1 0 0 1 1 -1h6M19 17h-9a1 1 0 0 0 -1 1v3M19 21V5a2 2 0 0 0 -2 -2H7a2 2 0 0 0 -2 2v16M19 9h-3a1 1 0 0 0 -1 1v3M22 21H2
dot	shapes,text	interpunct,interpoint,middot,step,punctuation,period,full stop,end,finish,final,characters,font,typography,type,center,.	M11 12a1 1 0 1 0 2 0a1 1 0 1 0 -2 0z
download	arrows,files	import,export,save	M12 15V3M21 15v4a2 2 0 0 1 -2 2H5a2 2 0 0 1 -2 -2v-4M7 10l5 5 5 -5
drafting-compass	math,design,tools	geometry,trigonometry,radius,diameter,circumference,calculate,measure,arc,curve,draw,sketch	M12.99 6.74l1.93 3.44M19.136 12a10 10 0 0 1 -14.271 0M21 21l-2.16 -3.84M3 21l8.02 -14.26M10 5a2 2 0 1 0 4 0a2 2 0 1 0 -4 0z
drama	multimedia	drama,masks,theater,theatre,entertainment,show	M10 11h.01M14 6h.01M18 6h.01M6.5 13.1h.01M22 5c0 9 -4 12 -6 12s-6 -3 -6 -12c0 -2 2 -3 6 -3s6 1 6 3M17.4 9.9c-.8 .8 -2 .8 -2.8 0M10.1 7.1C9 7.2 7.7 7.7 6 8.6c-3.5 2 -4.7 3.9 -3.7 5.6 4.5 7.8 9.5 8.4 11.2 7.4 .9 -.5 1.9 -2.1 1.9 -4.7M9.1 16.5c.3 -1.1 1.4 -1.7 2.4 -1.4
drill	tools,home,devices	power,bit,head,hole,diy,toolbox,build,construction	M10 18a1 1 0 0 1 1 1v2a1 1 0 0 1 -1 1H5a3 3 0 0 1 -3 -3 1 1 0 0 1 1 -1zM13 10H4a2 2 0 0 1 -2 -2V4a2 2 0 0 1 2 -2h9a1 1 0 0 1 1 1v6a1 1 0 0 1 -1 1l-.81 3.242a1 1 0 0 1 -.97 .758H8M14 4h3a1 1 0 0 1 1 1v2a1 1 0 0 1 -1 1h-3M18 6h4M5 10l-2 8M7 18l2 -8
drone	transportation,devices	quadcopter,uav,aerial,flight,flying,technology,airborne,robotics	M10 10L7 7M10 14l-3 3M14 10l3 -3M14 14l3 3M14.205 4.139a4 4 0 1 1 5.439 5.863M19.637 14a4 4 0 1 1 -5.432 5.868M4.367 10a4 4 0 1 1 5.438 -5.862M9.795 19.862a4 4 0 1 1 -5.429 -5.873M11 8h2a1 1 0 0 1 1 1v6a1 1 0 0 1 -1 1h-2a1 1 0 0 1 -1 -1v-6a1 1 0 0 1 1 -1z
droplet	weather,gaming	water,weather,liquid,fluid,wet,moisture,damp,bead,globule	M12 22a7 7 0 0 0 7 -7c0 -2 -1 -3.9 -3 -5.5s-3.5 -4 -4 -6.5c-.5 2.5 -2 4.9 -4 6.5C6 11.1 5 13 5 15a7 7 0 0 0 7 7z
droplet-off	weather,gaming	water,weather,liquid,fluid,wet,moisture,damp,bead,globule	M18.715 13.186C18.29 11.858 17.384 10.607 16 9.5c-2 -1.6 -3.5 -4 -4 -6.5a10.7 10.7 0 0 1 -.884 2.586M2 2l20 20M8.795 8.797A11 11 0 0 1 8 9.5C6 11.1 5 13 5 15a7 7 0 0 0 13.222 3.208
droplets	weather	water,weather,liquid,fluid,wet,moisture,damp,bead,globule	M7 16.3c2.2 0 4 -1.83 4 -4.05 0 -1.16 -.57 -2.26 -1.71 -3.19S7.29 6.75 7 5.3c-.29 1.45 -1.14 2.84 -2.29 3.76S3 11.1 3 12.25c0 2.22 1.8 4.05 4 4.05zM12.56 6.6A10.97 10.97 0 0 0 14 3.02c.5 2.5 2 4.9 4 6.5s3 3.5 3 5.5a6.98 6.98 0 0 1 -11.91 4.97
drum	multimedia,devices	drummer,kit,sticks,instrument,beat,bang,bass,backing track,band,play,performance,concert,march,music,audio,sound,noise,loud	M2 2l8 8M22 2l-8 8M2 9a10 5 0 1 0 20 0a10 5 0 1 0 -20 0zM7 13.4v7.9M12 14v8M17 13.4v7.9M2 9v8a10 5 0 0 0 20 0V9
drumstick	food-beverage	food,chicken,meat	M15.4 15.63a7.875 6 135 1 1 6.23 -6.23 4.5 3.43 135 0 0 -6.23 6.23M8.29 12.71l-2.6 2.6a2.5 2.5 0 1 0 -1.65 4.65A2.5 2.5 0 1 0 8.7 18.3l2.59 -2.59
dumbbell	navigation,sports	barbell,weight,workout,gym	M17.596 12.768a2 2 0 1 0 2.829 -2.829l-1.768 -1.767a2 2 0 0 0 2.828 -2.829l-2.828 -2.828a2 2 0 0 0 -2.829 2.828l-1.767 -1.768a2 2 0 1 0 -2.829 2.829zM2.5 21.5l1.4 -1.4M20.1 3.9l1.4 -1.4M5.343 21.485a2 2 0 1 0 2.829 -2.828l1.767 1.768a2 2 0 1 0 2.829 -2.829l-6.364 -6.364a2 2 0 1 0 -2.829 2.829l1.768 1.767a2 2 0 0 0 -2.828 2.829zM9.6 14.4l4.8 -4.8
ear	medical,accessibility	hearing,noise,audio,accessibility	M6 8.5a6.5 6.5 0 1 1 13 0c0 6 -6 6 -6 10a3.5 3.5 0 1 1 -7 0M15 8.5a2.5 2.5 0 0 0 -5 0v1a2 2 0 1 1 0 4
ear-off	medical,accessibility	hearing,hard of hearing,hearing loss,deafness,noise,silence,audio,accessibility	M6 18.5a3.5 3.5 0 1 0 7 0c0 -1.57 .92 -2.52 2.04 -3.46M6 8.5c0 -.75 .13 -1.47 .36 -2.14M8.8 3.15A6.5 6.5 0 0 1 19 8.5c0 1.63 -.44 2.81 -1.09 3.76M12.5 6A2.5 2.5 0 0 1 15 8.5M10 13a2 2 0 0 0 1.82 -1.18M2 2L22 22
earth	navigation	world,browser,language,translate,globe	M21.54 15H17a2 2 0 0 0 -2 2v4.54M7 3.34V5a3 3 0 0 0 3 3a2 2 0 0 1 2 2c0 1.1 .9 2 2 2a2 2 0 0 0 2 -2c0 -1.1 .9 -2 2 -2h3.17M11 21.95V18a2 2 0 0 0 -2 -2a2 2 0 0 1 -2 -2v-1a2 2 0 0 0 -2 -2H2.05M2 12a10 10 0 1 0 20 0a10 10 0 1 0 -20 0z
earth-lock	security,development,devices	vpn,private,privacy,network,world,browser,security,encryption,protection,connection	M7 3.34V5a3 3 0 0 0 3 3M11 21.95V18a2 2 0 0 0 -2 -2 2 2 0 0 1 -2 -2v-1a2 2 0 0 0 -2 -2H2.05M21.54 15H17a2 2 0 0 0 -2 2v4.54M12 2a10 10 0 1 0 9.54 13M20 6V4a2 2 0 1 0 -4 0v2M15 6h6a1 1 0 0 1 1 1v3a1 1 0 0 1 -1 1h-6a1 1 0 0 1 -1 -1v-3a1 1 0 0 1 1 -1z
eclipse	science,design,development,accessibility,photography	lunar,solar,crescent moon,sun,earth,day,night,planet,space,mode,dark,light,toggle,switch,color,css,styles,display,accessibility,contrast,brightness,blend,shade	M2 12a10 10 0 1 0 20 0a10 10 0 1 0 -20 0zM12 2a7 7 0 1 0 10 10
egg	food-beverage,animals	bird,chicken,nest,hatch,shell,incubate,soft boiled,hard,breakfast,brunch,morning,easter	M12 2C8 2 4 8 4 14a8 8 0 0 0 16 0c0 -6 -4 -12 -8 -12
egg-fried	food-beverage	food,breakfast	M8 12.5a3.5 3.5 0 1 0 7 0a3.5 3.5 0 1 0 -7 0zM3 8c0 -3.5 2.5 -6 6.5 -6 5 0 4.83 3 7.5 5s5 2 5 6c0 4.5 -2.5 6.5 -7 6.5 -2.5 0 -2.5 2.5 -6 2.5s-7 -2 -7 -5.5c0 -3 1.5 -3 1.5 -5C3.5 10 3 9 3 8Z
egg-off	food-beverage	egg free,vegan,hatched,bad egg	M2 2l20 20M20 14.347V14c0 -6 -4 -12 -8 -12 -1.078 0 -2.157 .436 -3.157 1.19M6.206 6.21C4.871 8.4 4 11.2 4 14a8 8 0 0 0 14.568 4.568
eject	devices,files,multimedia	disc,drive,dvd,blu-ray,cd,media,optical,optical drive,removable media,storage,tray,unmount,usb	M4 13a1 1 0 0 1 -.72 -1.695l7.257 -7.668a2 2 0 0 1 2.926 0l7.256 7.668A1 1 0 0 1 20 13zM4 17h16a1 1 0 0 1 1 1v2a1 1 0 0 1 -1 1h-16a1 1 0 0 1 -1 -1v-2a1 1 0 0 1 1 -1z
ellipse	shapes	shape,geometry,rounded,smooth,outline,form,boundary,curve,shapes,ellipse,oval	M2 12a10 6 0 1 0 20 0a10 6 0 1 0 -20 0z
ellipsis	layout,development	et cetera,etc,loader,loading,progress,pending,throbber,menu,options,operator,code,coding,spread,rest,more,further,extra,overflow,dots,…,...	M11 12a1 1 0 1 0 2 0a1 1 0 1 0 -2 0zM18 12a1 1 0 1 0 2 0a1 1 0 1 0 -2 0zM4 12a1 1 0 1 0 2 0a1 1 0 1 0 -2 0z
ellipsis-vertical	layout	menu,options,spread,more,further,extra,overflow,dots,…,...	M11 12a1 1 0 1 0 2 0a1 1 0 1 0 -2 0zM11 5a1 1 0 1 0 2 0a1 1 0 1 0 -2 0zM11 19a1 1 0 1 0 2 0a1 1 0 1 0 -2 0z
engine	transportation	vehicle,power,energy,drive,repair,car,motor,mechanical,diagnostics,maintenance,warning,dashboard,parts	M10 3h6M13 3v4M2 10v6M2 13h4M6 16a2 2 0 0 0 2 2h1a2 2 0 0 1 1.6 .8l.3 .4a2 2 0 0 0 1.6 .8h2.264a2 2 0 0 0 1.789 -1.106l1.67 -3.341a1 1 0 0 1 .895 -.553H21a1 1 0 0 0 1 -1v-4a1 1 0 0 0 -1 -1h-3.5a1 1 0 0 1 -.8 -.4l-.9 -1.2A1 1 0 0 0 15 7h-4a1 1 0 0 0 -.8 .4l-.9 1.2a1 1 0 0 1 -.8 .4H7a1 1 0 0 0 -1 1z
equal	math,development	calculate,math,operator,assignment,code,=	M5 9L19 9M5 15L19 15
equal-approximately	math	about,calculate,math,operator	M5 15a6.5 6.5 0 0 1 7 0 6.5 6.5 0 0 0 7 0M5 9a6.5 6.5 0 0 1 7 0 6.5 6.5 0 0 0 7 0
equal-approximately-not	math,development,charts,science	calculate,math,operator,not,approximately,unequal,code,≇,tolerance,threshold,mismatch,comparison,assertion,variance	M5 15a6.5 6.5 0 0 1 7 0 6.5 6.5 0 0 0 7 0M5 9a6.5 6.5 0 0 1 7 0 6.5 6.5 0 0 0 7 0M19 5L5 19
equal-not	math,development	calculate,off,math,operator,code,≠	M5 9L19 9M5 15L19 15M19 5L5 19
eraser	text	pencil,drawing,undo,delete,clear,trash,remove	M21 21H8a2 2 0 0 1 -1.42 -.587l-3.994 -3.999a2 2 0 0 1 0 -2.828l10 -10a2 2 0 0 1 2.829 0l5.999 6a2 2 0 0 1 0 2.828L12.834 21M5.082 11.09l8.828 8.828
ethernet-port	communication,devices,multimedia,gaming	internet,network,connection,cable,lan,port,router,switch,hub,modem,web,online,networking,communication,socket,plug,slot,controller,connector,interface,console,signal,data,input,output	M10 8v1M14 8v1M18 8v1M19 17a2 2 0 0 0 -1.765 1.059l-.47 .882A2 2 0 0 1 15 20H9a2 2 0 0 1 -1.765 -1.059l-.47 -.882A2 2 0 0 0 5 17H4a2 2 0 0 1 -2 -2V6a2 2 0 0 1 2 -2h16a2 2 0 0 1 2 2v9a2 2 0 0 1 -2 2zM6 8v1
euro	finance	currency,money,payment	M4 10h12M4 14h9M19 6a7.7 7.7 0 0 0 -5.2 -2A7.9 7.9 0 0 0 6 12c0 4.4 3.5 8 7.8 8 2 0 3.8 -.8 5.2 -2
ev-charger	transportation,navigation	electric,charger,station,vehicle,fast,plug,ev,power,electricity,energy,accumulator,charge	M14 13h2a2 2 0 0 1 2 2v2a2 2 0 0 0 4 0v-6.998a2 2 0 0 0 -.59 -1.42L18 5M14 21V5a2 2 0 0 0 -2 -2H5a2 2 0 0 0 -2 2v16M2 21h13M3 7h11M9 11l-2 3h3l-2 3
expand	text,arrows	scale,fullscreen,maximize,minimize,contract	M15 15l6 6M15 9l6 -6M21 16v5h-5M21 8V3h-5M3 16v5h5M3 21l6 -6M3 8V3h5M9 9L3 3
external-link	arrows,text,social	outbound,open,share	M15 3h6v6M10 14L21 3M18 13v6a2 2 0 0 1 -2 2H5a2 2 0 0 1 -2 -2V8a2 2 0 0 1 2 -2h6
eye	accessibility,photography,design,security	view,watch,see,show,expose,reveal,display,visible,visibility,vision,preview,read	M2.062 12.348a1 1 0 0 1 0 -.696 10.75 10.75 0 0 1 19.876 0 1 1 0 0 1 0 .696 10.75 10.75 0 0 1 -19.876 0M9 12a3 3 0 1 0 6 0a3 3 0 1 0 -6 0z
eye-closed	accessibility,photography,design,security	view,watch,see,hide,conceal,mask,hidden,visibility,vision	M15 18l-.722 -3.25M2 8a10.645 10.645 0 0 0 20 0M20 15l-1.726 -2.05M4 15l1.726 -2.05M9 18l.722 -3.25
eye-dashed	accessibility,photography,design,security	view,watch,see,hide,conceal,mask,hidden,invisible,visibility,vision	M13.054 18.946a11 11 0 0 1 -2.11 0M13.054 5.054a11 11 0 0 0 -2.11 -.001M17.072 6.274a11 11 0 0 1 1.753 1.173M18.825 16.552a11 11 0 0 1 -1.753 1.174M2.514 13.303a11 11 0 0 1 -.452 -.954 1 1 0 0 1 0 -.697 11 11 0 0 1 .45 -.955M21.485 10.697a11 11 0 0 1 .453 .955 1 1 0 0 1 0 .697 11 11 0 0 1 -.453 .954M5.173 7.448a11 11 0 0 1 1.753 -1.174M6.926 17.726a11 11 0 0 1 -1.753 -1.174M9 12a3 3 0 1 0 6 0a3 3 0 1 0 -6 0z
eye-off	accessibility,photography,design,security	view,watch,see,hide,conceal,mask,hidden,visibility,vision	M10.733 5.076a10.744 10.744 0 0 1 11.205 6.575 1 1 0 0 1 0 .696 10.747 10.747 0 0 1 -1.444 2.49M14.084 14.158a3 3 0 0 1 -4.242 -4.242M17.479 17.499a10.75 10.75 0 0 1 -15.417 -5.151 1 1 0 0 1 0 -.696 10.75 10.75 0 0 1 4.446 -5.143M2 2l20 20
face-angry	emoji	anger,rage,fury,resentment,irritation,disgust,emoji,emotion	M15 12v-1.584M17 10a5 5 0 0 0 -3 1M7 10a5 5 0 0 1 3 1M9 12v-1.584M9 17a5 5 0 0 1 6.001 0M2 12a10 10 0 1 0 20 0a10 10 0 1 0 -20 0z
face-expressionless	emoji	nuisance,annoyed,annoyance,frustration,emoji,emotion	M14 10h2M8 10h2M8 16h8M2 12a10 10 0 1 0 20 0a10 10 0 1 0 -20 0z
face-grinning	emoji	happy,happiness,good,laugh,broad smile,pleasure,good cheer,humour,funny,emoji,emotion	M15 10V9M7.084 14.302a5.12 5.12 0 0 0 9.833 0 .24 .24 0 0 0 -.235 -.302H7.32a.24 .24 0 0 0 -.235 .302M9 10V9M2 12a10 10 0 1 0 20 0a10 10 0 1 0 -20 0z
face-neutral	emoji	emoji,neutral,emotion,meh,blank stare,social masking,irritation,concern,deadpan	M15 10V9M8 16h8M9 10V9M2 12a10 10 0 1 0 20 0a10 10 0 1 0 -20 0z
face-slightly-frowning	emoji,account	emoji,bad,sadness,emotion,concern,disappointment	M15 10V9M9 10V9M9 16a5 5 0 0 1 6 0M2 12a10 10 0 1 0 20 0a10 10 0 1 0 -20 0z
face-slightly-smiling	emoji,account	smile,happy,happiness,good,positive,friendly,patronizing,passive aggressive,ironic,emoji,emotion	M15 10V9M16.472 15a6 6 0 0 1 -8.943 0M9 10V9M2 12a10 10 0 1 0 20 0a10 10 0 1 0 -20 0z
face-slightly-smiling-plus	emoji,social,notifications,communication	smile,happy,good,react,reaction,emoji,add,emotion	M13.267 2.08a10 10 0 1 0 8.653 8.653M15 10V9M16 5h6M16.472 15a6 6 0 0 1 -8.943 0M19 2v6M9 10V9
factory	buildings,navigation	building,business,energy,industry,manufacture,sector	M12 16h.01M16 16h.01M3 19a2 2 0 0 0 2 2h14a2 2 0 0 0 2 -2V8.5a.5 .5 0 0 0 -.769 -.422l-4.462 2.844A.5 .5 0 0 1 15 10.5v-2a.5 .5 0 0 0 -.769 -.422L9.77 10.922A.5 .5 0 0 1 9 10.5V5a2 2 0 0 0 -2 -2H5a2 2 0 0 0 -2 2zM8 16h.01
fan	home	air,cooler,ventilation,ventilator,blower	M10.827 16.379a6.082 6.082 0 0 1 -8.618 -7.002l5.412 1.45a6.082 6.082 0 0 1 7.002 -8.618l-1.45 5.412a6.082 6.082 0 0 1 8.618 7.002l-5.412 -1.45a6.082 6.082 0 0 1 -7.002 8.618l1.45 -5.412ZM12 12v.01
fast-forward	multimedia,arrows	music	M12 6a2 2 0 0 1 3.414 -1.414l6 6a2 2 0 0 1 0 2.828l-6 6A2 2 0 0 1 12 18zM2 6a2 2 0 0 1 3.414 -1.414l6 6a2 2 0 0 1 0 2.828l-6 6A2 2 0 0 1 2 18z
faucet	food-beverage,home,navigation,travel	tap,spigot,water,drinking,fresh,source,pipes,plumbing,plumber,sink,basin,kitchen,bathroom,washroom,fixture,valve,flow,drinkable,potable,amenities,utilities,hydration	M10.083 5.428L5.57 4.083a2 2 0 1 0 .001 3.834l4.512 -1.345M12 8v3M13.917 5.428l4.511 -1.345a2 2 0 1 1 0 3.834l-4.51 -1.345M18 17v-4.006M22 11v8M22 12h-3a1 1 0 0 0 -1 .994h-2.539a4 4 0 0 0 -6.915 -.012L7 13a5 5 0 0 0 -5 5v1a1 1 0 0 0 1 1h2a1 1 0 0 0 1 -1v-1a1 1 0 0 1 .995 -1l1.552 .018a4 4 0 0 0 6.907 0L18 17a1 1 0 0 0 1 1h3M10 6a2 2 0 1 0 4 0a2 2 0 1 0 -4 0z
feather	nature,animals,gaming,text	quill,plume,writing,author,literature,poetry,manuscript,bird,plumage,lightweight,soft	M14.086 18.412A2 2 0 0 1 12.67 19H5v-7.672a2 2 0 0 1 .586 -1.414L11.75 3.75a6 6 0 1 1 8.49 8.49zM16 8L2 22M17.488 15H9
fence	home,buildings	picket,panels,woodwork,diy,materials,suburban,garden,property,territory	M4 3L2 5v15c0 .6 .4 1 1 1h2c.6 0 1 -.4 1 -1V5ZM6 8h4M6 18h4M12 3l-2 2v15c0 .6 .4 1 1 1h2c.6 0 1 -.4 1 -1V5ZM14 8h4M14 18h4M20 3l-2 2v15c0 .6 .4 1 1 1h2c.6 0 1 -.4 1 -1V5Z
ferris-wheel	navigation	big wheel,daisy wheel,observation,attraction,entertainment,amusement park,theme park,funfair	M10 12a2 2 0 1 0 4 0a2 2 0 1 0 -4 0zM12 2v4M6.8 15l-3.5 2M20.7 7l-3.5 2M6.8 9L3.3 7M20.7 17l-3.5 -2M9 22l3 -8 3 8M8 22h8M18 18.7a9 9 0 1 0 -12 0
file	files	document	M6 22a2 2 0 0 1 -2 -2V4a2 2 0 0 1 2 -2h8a2.4 2.4 0 0 1 1.704 .706l3.588 3.588A2.4 2.4 0 0 1 20 8v12a2 2 0 0 1 -2 2zM14 2v5a1 1 0 0 0 1 1h5
file-archive	files	zip,package,archive	M13.659 22H18a2 2 0 0 0 2 -2V8a2.4 2.4 0 0 0 -.706 -1.706l-3.588 -3.588A2.4 2.4 0 0 0 14 2H6a2 2 0 0 0 -2 2v11.5M14 2v5a1 1 0 0 0 1 1h5M8 12v-1M8 18v-2M8 7V6M6 20a2 2 0 1 0 4 0a2 2 0 1 0 -4 0z
file-axis-3d	design,files	model,3d,axis,coordinates	M6 22a2 2 0 0 1 -2 -2V4a2 2 0 0 1 2 -2h8a2.4 2.4 0 0 1 1.704 .706l3.588 3.588A2.4 2.4 0 0 1 20 8v12a2 2 0 0 1 -2 2zM14 2v5a1 1 0 0 0 1 1h5M8 18l4 -4M8 10v8h8
file-badge	files	award,achievement,badge,rosette,prize,winner	M13 22h5a2 2 0 0 0 2 -2V8a2.4 2.4 0 0 0 -.706 -1.706l-3.588 -3.588A2.4 2.4 0 0 0 14 2H6a2 2 0 0 0 -2 2v3.3M14 2v5a1 1 0 0 0 1 1h5M7.69 16.479l1.29 4.88a.5 .5 0 0 1 -.698 .591l-1.843 -.849a1 1 0 0 0 -.879 .001l-1.846 .85a.5 .5 0 0 1 -.692 -.593l1.29 -4.88M3 14a3 3 0 1 0 6 0a3 3 0 1 0 -6 0z
file-box	files,design,development	document,page,sheet,cube,box,3d,model,asset,object,geometry,mesh,ar,augmented reality,cad,design,blueprint,draft,package,scene	M14 2v5a1 1 0 0 0 1 1h5M14.692 22H18a2 2 0 0 0 2 -2V8a2.4 2.4 0 0 0 -.706 -1.706l-3.588 -3.588A2.4 2.4 0 0 0 14 2H6a2 2 0 0 0 -2 2v3.804M2.264 13.752L7 16.5l4.737 -2.748M2.995 13.014A2 2 0 0 0 2 14.744v3.516a2 2 0 0 0 .996 1.73l3 1.74a2 2 0 0 0 2.008 0l3 -1.74A2 2 0 0 0 12 18.26v-3.517a2 2 0 0 0 -.995 -1.73l-3 -1.742a2 2 0 0 0 -1.892 -.064zM7 16.5V22
file-braces	files,development	code,json,curly braces,curly brackets	M6 22a2 2 0 0 1 -2 -2V4a2 2 0 0 1 2 -2h8a2.4 2.4 0 0 1 1.704 .706l3.588 3.588A2.4 2.4 0 0 1 20 8v12a2 2 0 0 1 -2 2zM14 2v5a1 1 0 0 0 1 1h5M10 12a1 1 0 0 0 -1 1v1a1 1 0 0 1 -1 1 1 1 0 0 1 1 1v1a1 1 0 0 0 1 1M14 18a1 1 0 0 0 1 -1v-1a1 1 0 0 1 1 -1 1 1 0 0 1 -1 -1v-1a1 1 0 0 0 -1 -1
file-braces-corner	files,development	code,json,curly braces,curly brackets	M14 22h4a2 2 0 0 0 2 -2V8a2.4 2.4 0 0 0 -.706 -1.706l-3.588 -3.588A2.4 2.4 0 0 0 14 2H6a2 2 0 0 0 -2 2v6M14 2v5a1 1 0 0 0 1 1h5M5 14a1 1 0 0 0 -1 1v2a1 1 0 0 1 -1 1 1 1 0 0 1 1 1v2a1 1 0 0 0 1 1M9 22a1 1 0 0 0 1 -1v-2a1 1 0 0 1 1 -1 1 1 0 0 1 -1 -1v-2a1 1 0 0 0 -1 -1
file-chart-column	files	statistics,analytics,diagram,graph,presentation	M6 22a2 2 0 0 1 -2 -2V4a2 2 0 0 1 2 -2h8a2.4 2.4 0 0 1 1.704 .706l3.588 3.588A2.4 2.4 0 0 1 20 8v12a2 2 0 0 1 -2 2zM14 2v5a1 1 0 0 0 1 1h5M8 18v-1M12 18v-6M16 18v-3
file-chart-column-increasing	files	statistics,analytics,diagram,graph,presentation,trending up	M6 22a2 2 0 0 1 -2 -2V4a2 2 0 0 1 2 -2h8a2.4 2.4 0 0 1 1.704 .706l3.588 3.588A2.4 2.4 0 0 1 20 8v12a2 2 0 0 1 -2 2zM14 2v5a1 1 0 0 0 1 1h5M8 18v-2M12 18v-4M16 18v-6
file-chart-line	files	statistics,analytics,diagram,graph,presentation	M6 22a2 2 0 0 1 -2 -2V4a2 2 0 0 1 2 -2h8a2.4 2.4 0 0 1 1.704 .706l3.588 3.588A2.4 2.4 0 0 1 20 8v12a2 2 0 0 1 -2 2zM14 2v5a1 1 0 0 0 1 1h5M16 13l-3.5 3.5 -2 -2L8 17
file-chart-pie	files	statistics,analytics,diagram,graph,presentation	M15.941 22H18a2 2 0 0 0 2 -2V8a2.4 2.4 0 0 0 -.706 -1.704l-3.588 -3.588A2.4 2.4 0 0 0 14 2H6a2 2 0 0 0 -2 2v3.512M14 2v5a1 1 0 0 0 1 1h5M4.017 11.512a6 6 0 1 0 8.466 8.475M9 16a1 1 0 0 1 -1 -1v-4c0 -.552 .45 -1.008 .995 -.917a6 6 0 0 1 4.922 4.922c.091 .544 -.365 .995 -.917 .995z
file-check	files	done,document,todo,tick,complete,task	M6 22a2 2 0 0 1 -2 -2V4a2 2 0 0 1 2 -2h8a2.4 2.4 0 0 1 1.704 .706l3.588 3.588A2.4 2.4 0 0 1 20 8v12a2 2 0 0 1 -2 2zM14 2v5a1 1 0 0 0 1 1h5M9 15l2 2 4 -4
file-check-corner	files	done,document,todo,tick,complete,task	M10.5 22H6a2 2 0 0 1 -2 -2V4a2 2 0 0 1 2 -2h8a2.4 2.4 0 0 1 1.706 .706l3.588 3.588A2.4 2.4 0 0 1 20 8v6M14 2v5a1 1 0 0 0 1 1h5M14 20l2 2 4 -4
file-clock	files,time	history,log,clock	M16 22h2a2 2 0 0 0 2 -2V8a2.4 2.4 0 0 0 -.706 -1.706l-3.588 -3.588A2.4 2.4 0 0 0 14 2H6a2 2 0 0 0 -2 2v2.85M14 2v5a1 1 0 0 0 1 1h5M8 14v2.2l1.6 1M2 16a6 6 0 1 0 12 0a6 6 0 1 0 -12 0z
file-code	files,development	script,document,gist,html,xml,property list,plist	M6 22a2 2 0 0 1 -2 -2V4a2 2 0 0 1 2 -2h8a2.4 2.4 0 0 1 1.704 .706l3.588 3.588A2.4 2.4 0 0 1 20 8v12a2 2 0 0 1 -2 2zM14 2v5a1 1 0 0 0 1 1h5M10 12.5L8 15l2 2.5M14 12.5l2 2.5 -2 2.5
file-code-corner	files,development	script,document,html,xml,property list,plist	M4 12.15V4a2 2 0 0 1 2 -2h8a2.4 2.4 0 0 1 1.706 .706l3.588 3.588A2.4 2.4 0 0 1 20 8v12a2 2 0 0 1 -2 2h-3.35M14 2v5a1 1 0 0 0 1 1h5M5 16l-3 3 3 3M9 22l3 -3 -3 -3
file-cog	files	executable,settings,cog,edit,gear	M15 8a1 1 0 0 1 -1 -1V2a2.4 2.4 0 0 1 1.704 .706l3.588 3.588A2.4 2.4 0 0 1 20 8zM20 8v12a2 2 0 0 1 -2 2h-4.182M3.305 19.53l.923 -.382M4 10.592V4a2 2 0 0 1 2 -2h8M4.228 16.852l-.924 -.383M5.852 15.228l-.383 -.923M5.852 20.772l-.383 .924M8.148 15.228l.383 -.923M8.53 21.696l-.382 -.924M9.773 16.852l.922 -.383M9.773 19.148l.922 .383M4 18a3 3 0 1 0 6 0a3 3 0 1 0 -6 0z
file-diff	files,development	diff,patch	M6 22a2 2 0 0 1 -2 -2V4a2 2 0 0 1 2 -2h8a2.4 2.4 0 0 1 1.704 .706l3.588 3.588A2.4 2.4 0 0 1 20 8v12a2 2 0 0 1 -2 2zM9 10h6M12 13V7M9 17h6
file-digit	files,development	number,document	M4 12V4a2 2 0 0 1 2 -2h8a2.4 2.4 0 0 1 1.706 .706l3.588 3.588A2.4 2.4 0 0 1 20 8v12a2 2 0 0 1 -2 2M14 2v5a1 1 0 0 0 1 1h5M10 16h2v6M10 22h4M4 16h0a2 2 0 0 1 2 2v2a2 2 0 0 1 -2 2h0a2 2 0 0 1 -2 -2v-2a2 2 0 0 1 2 -2z
file-down	files,arrows	download,import,export	M6 22a2 2 0 0 1 -2 -2V4a2 2 0 0 1 2 -2h8a2.4 2.4 0 0 1 1.704 .706l3.588 3.588A2.4 2.4 0 0 1 20 8v12a2 2 0 0 1 -2 2zM14 2v5a1 1 0 0 0 1 1h5M12 18v-6M9 15l3 3 3 -3
file-exclamation-point	files,notifications	hidden,warning,alert,danger,protected,exclamation mark	M6 22a2 2 0 0 1 -2 -2V4a2 2 0 0 1 2 -2h8a2.4 2.4 0 0 1 1.704 .706l3.588 3.588A2.4 2.4 0 0 1 20 8v12a2 2 0 0 1 -2 2zM12 9v4M12 17h.01
file-headphone	files	music,audio,sound,headphones	M4 6.835V4a2 2 0 0 1 2 -2h8a2.4 2.4 0 0 1 1.706 .706l3.588 3.588A2.4 2.4 0 0 1 20 8v12a2 2 0 0 1 -2 2h-.343M14 2v5a1 1 0 0 0 1 1h5M2 19a2 2 0 0 1 4 0v1a2 2 0 0 1 -4 0v-4a6 6 0 0 1 12 0v4a2 2 0 0 1 -4 0v-1a2 2 0 0 1 4 0
file-heart	files	heart,favourite,bookmark,quick link	M13 22h5a2 2 0 0 0 2 -2V8a2.4 2.4 0 0 0 -.706 -1.706l-3.588 -3.588A2.4 2.4 0 0 0 14 2H6a2 2 0 0 0 -2 2v7M14 2v5a1 1 0 0 0 1 1h5M3.62 18.8A2.25 2.25 0 1 1 7 15.836a2.25 2.25 0 1 1 3.38 2.966l-2.626 2.856a1 1 0 0 1 -1.507 0z
file-image	files	image,graphics,photo,picture	M6 22a2 2 0 0 1 -2 -2V4a2 2 0 0 1 2 -2h8a2.4 2.4 0 0 1 1.704 .706l3.588 3.588A2.4 2.4 0 0 1 20 8v12a2 2 0 0 1 -2 2zM14 2v5a1 1 0 0 0 1 1h5M8 12a2 2 0 1 0 4 0a2 2 0 1 0 -4 0zM20 17l-1.296 -1.296a2.41 2.41 0 0 0 -3.408 0L9 22
file-input	files,arrows	document	M4 11V4a2 2 0 0 1 2 -2h8a2.4 2.4 0 0 1 1.706 .706l3.588 3.588A2.4 2.4 0 0 1 20 8v12a2 2 0 0 1 -2 2H6a2 2 0 0 1 -2 -2v-1M14 2v5a1 1 0 0 0 1 1h5M2 15h10M9 18l3 -3 -3 -3
file-key	files,security	key,private,public,security	M14 2v5a1 1 0 0 0 1 1h5M4 12v6M4 14h2M9.65 22H18a2 2 0 0 0 2 -2V8a2.4 2.4 0 0 0 -.706 -1.706l-3.588 -3.588A2.4 2.4 0 0 0 14 2H6a2 2 0 0 0 -2 2v4M2 20a2 2 0 1 0 4 0a2 2 0 1 0 -4 0z
file-lock	files,security	lock,password,security	M4 9.8V4a2 2 0 0 1 2 -2h8a2.4 2.4 0 0 1 1.706 .706l3.588 3.588A2.4 2.4 0 0 1 20 8v12a2 2 0 0 1 -2 2h-3M14 2v5a1 1 0 0 0 1 1h5M9 17v-2a2 2 0 0 0 -4 0v2M4 17h6a1 1 0 0 1 1 1v3a1 1 0 0 1 -1 1h-6a1 1 0 0 1 -1 -1v-3a1 1 0 0 1 1 -1z
file-minus	files	delete,remove,erase,document	M6 22a2 2 0 0 1 -2 -2V4a2 2 0 0 1 2 -2h8a2.4 2.4 0 0 1 1.704 .706l3.588 3.588A2.4 2.4 0 0 1 20 8v12a2 2 0 0 1 -2 2zM14 2v5a1 1 0 0 0 1 1h5M9 15h6
file-minus-corner	files	document	M20 14V8a2.4 2.4 0 0 0 -.706 -1.706l-3.588 -3.588A2.4 2.4 0 0 0 14 2H6a2 2 0 0 0 -2 2v16a2 2 0 0 0 2 2h12M14 2v5a1 1 0 0 0 1 1h5M14 18h6
file-music	files,multimedia	audio,sound,noise,track,digital,recording,playback,piano,keyboard,keys,notes,chord,midi,octave	M11.65 22H18a2 2 0 0 0 2 -2V8a2.4 2.4 0 0 0 -.706 -1.706l-3.588 -3.588A2.4 2.4 0 0 0 14 2H6a2 2 0 0 0 -2 2v10.35M14 2v5a1 1 0 0 0 1 1h5M8 20v-7l3 1.474M4 20a2 2 0 1 0 4 0a2 2 0 1 0 -4 0z
file-output	files,arrows	document	M4.226 20.925A2 2 0 0 0 6 22h12a2 2 0 0 0 2 -2V8a2.4 2.4 0 0 0 -.706 -1.706l-3.588 -3.588A2.4 2.4 0 0 0 14 2H6a2 2 0 0 0 -2 2v3.127M14 2v5a1 1 0 0 0 1 1h5M5 11l-3 3M5 17l-3 -3h10
file-pen	files	signature	M12.659 22H18a2 2 0 0 0 2 -2V8a2.4 2.4 0 0 0 -.706 -1.706l-3.588 -3.588A2.4 2.4 0 0 0 14 2H6a2 2 0 0 0 -2 2v9.34M14 2v5a1 1 0 0 0 1 1h5M10.378 12.622a1 1 0 0 1 3 3.003L8.36 20.637a2 2 0 0 1 -.854 .506l-2.867 .837a.5 .5 0 0 1 -.62 -.62l.836 -2.869a2 2 0 0 1 .506 -.853z
file-pen-line	files	edit	M14.364 13.634a2 2 0 0 0 -.506 .854l-.837 2.87a.5 .5 0 0 0 .62 .62l2.87 -.837a2 2 0 0 0 .854 -.506l4.013 -4.009a1 1 0 0 0 -3.004 -3.004zM14.487 7.858A1 1 0 0 1 14 7V2M20 19.645V20a2 2 0 0 1 -2 2H6a2 2 0 0 1 -2 -2V4a2 2 0 0 1 2 -2h8a2.4 2.4 0 0 1 1.704 .706l2.516 2.516M8 18h1
file-play	files	movie,video,film	M6 22a2 2 0 0 1 -2 -2V4a2 2 0 0 1 2 -2h8a2.4 2.4 0 0 1 1.704 .706l3.588 3.588A2.4 2.4 0 0 1 20 8v12a2 2 0 0 1 -2 2zM14 2v5a1 1 0 0 0 1 1h5M15.033 13.44a.647 .647 0 0 1 0 1.12l-4.065 2.352a.645 .645 0 0 1 -.968 -.56v-4.704a.645 .645 0 0 1 .967 -.56z
file-plus	files	add,create,new,document	M6 22a2 2 0 0 1 -2 -2V4a2 2 0 0 1 2 -2h8a2.4 2.4 0 0 1 1.704 .706l3.588 3.588A2.4 2.4 0 0 1 20 8v12a2 2 0 0 1 -2 2zM14 2v5a1 1 0 0 0 1 1h5M9 15h6M12 18v-6
file-plus-corner	files	add,create,new,document	M11.35 22H6a2 2 0 0 1 -2 -2V4a2 2 0 0 1 2 -2h8a2.4 2.4 0 0 1 1.706 .706l3.588 3.588A2.4 2.4 0 0 1 20 8v5.35M14 2v5a1 1 0 0 0 1 1h5M14 19h6M17 16v6
file-question-mark	files	readme,help,question	M6 22a2 2 0 0 1 -2 -2V4a2 2 0 0 1 2 -2h8a2.4 2.4 0 0 1 1.704 .706l3.588 3.588A2.4 2.4 0 0 1 20 8v12a2 2 0 0 1 -2 2zM12 17h.01M9.1 9a3 3 0 0 1 5.82 1c0 2 -3 3 -3 3
file-scan	files	scan,code,qr-code	M20 10V8a2.4 2.4 0 0 0 -.706 -1.704l-3.588 -3.588A2.4 2.4 0 0 0 14 2H6a2 2 0 0 0 -2 2v16a2 2 0 0 0 2 2h4.35M14 2v5a1 1 0 0 0 1 1h5M16 14a2 2 0 0 0 -2 2M16 22a2 2 0 0 1 -2 -2M20 14a2 2 0 0 1 2 2M20 22a2 2 0 0 0 2 -2
file-search	files	lost,document,find,browser,lens	M6 22a2 2 0 0 1 -2 -2V4a2 2 0 0 1 2 -2h8a2.4 2.4 0 0 1 1.704 .706l3.588 3.588A2.4 2.4 0 0 1 20 8v12a2 2 0 0 1 -2 2zM14 2v5a1 1 0 0 0 1 1h5M9 14.5a2.5 2.5 0 1 0 5 0a2.5 2.5 0 1 0 -5 0zM13.3 16.3L15 18
file-search-corner	files	lost,document,find,browser,lens	M11.1 22H6a2 2 0 0 1 -2 -2V4a2 2 0 0 1 2 -2h8a2.4 2.4 0 0 1 1.706 .706l3.589 3.588A2.4 2.4 0 0 1 20 8v3.25M14 2v5a1 1 0 0 0 1 1h5M21 22l-2.88 -2.88M13 17a3 3 0 1 0 6 0a3 3 0 1 0 -6 0z
file-signal	files	audio,music,volume	M6 22a2 2 0 0 1 -2 -2V4a2 2 0 0 1 2 -2h8a2.4 2.4 0 0 1 1.704 .706l3.588 3.588A2.4 2.4 0 0 1 20 8v12a2 2 0 0 1 -2 2zM14 2v5a1 1 0 0 0 1 1h5M8 15h.01M11.5 13.5a2.5 2.5 0 0 1 0 3M15 12a5 5 0 0 1 0 6
file-sliders	files,development	cogged,gear,mechanical,machinery,configuration,controls,preferences,settings,system,admin,edit,executable	M6 22a2 2 0 0 1 -2 -2V4a2 2 0 0 1 2 -2h8a2.4 2.4 0 0 1 1.704 .706l3.588 3.588A2.4 2.4 0 0 1 20 8v12a2 2 0 0 1 -2 2zM14 2v5a1 1 0 0 0 1 1h5M8 12h8M10 11v2M8 17h8M14 16v2
file-spreadsheet	files	spreadsheet,sheet,table	M6 22a2 2 0 0 1 -2 -2V4a2 2 0 0 1 2 -2h8a2.4 2.4 0 0 1 1.704 .706l3.588 3.588A2.4 2.4 0 0 1 20 8v12a2 2 0 0 1 -2 2zM14 2v5a1 1 0 0 0 1 1h5M8 13h2M14 13h2M8 17h2M14 17h2
file-stack	files,development	versions,multiple,copy,documents,revisions,version control,history	M11 21a1 1 0 0 1 -1 1H4a1 1 0 0 1 -1 -1v-8a1 1 0 0 1 1 -1M16 16a1 1 0 0 1 -1 1H9a1 1 0 0 1 -1 -1V8a1 1 0 0 1 1 -1M21 6a2 2 0 0 0 -.586 -1.414l-2 -2A2 2 0 0 0 17 2h-3a1 1 0 0 0 -1 1v8a1 1 0 0 0 1 1h6a1 1 0 0 0 1 -1z
file-symlink	files	symlink,symbolic,link	M4 11V4a2 2 0 0 1 2 -2h8a2.4 2.4 0 0 1 1.706 .706l3.588 3.588A2.4 2.4 0 0 1 20 8v12a2 2 0 0 1 -2 2H6a2 2 0 0 1 -2 -2v-3a2 2 0 0 1 2 -2h7M14 2v5a1 1 0 0 0 1 1h5M10 18l3 -3 -3 -3
file-terminal	files,development	terminal,bash,script,executable	M6 22a2 2 0 0 1 -2 -2V4a2 2 0 0 1 2 -2h8a2.4 2.4 0 0 1 1.704 .706l3.588 3.588A2.4 2.4 0 0 1 20 8v12a2 2 0 0 1 -2 2zM14 2v5a1 1 0 0 0 1 1h5M8 16l2 -2 -2 -2M12 18h4
file-text	files,text	data,txt,pdf,document	M6 22a2 2 0 0 1 -2 -2V4a2 2 0 0 1 2 -2h8a2.4 2.4 0 0 1 1.704 .706l3.588 3.588A2.4 2.4 0 0 1 20 8v12a2 2 0 0 1 -2 2zM14 2v5a1 1 0 0 0 1 1h5M10 9H8M16 13H8M16 17H8
file-type	files,text	font,text,typography,type	M6 22a2 2 0 0 1 -2 -2V4a2 2 0 0 1 2 -2h8a2.4 2.4 0 0 1 1.704 .706l3.588 3.588A2.4 2.4 0 0 1 20 8v12a2 2 0 0 1 -2 2zM14 2v5a1 1 0 0 0 1 1h5M11 18h2M12 12v6M9 13v-.5a.5 .5 0 0 1 .5 -.5h5a.5 .5 0 0 1 .5 .5v.5
file-type-corner	files,text	font,text,typography,type	M12 22h6a2 2 0 0 0 2 -2V8a2.4 2.4 0 0 0 -.706 -1.706l-3.588 -3.588A2.4 2.4 0 0 0 14 2H6a2 2 0 0 0 -2 2v6M14 2v5a1 1 0 0 0 1 1h5M3 16v-1.5a.5 .5 0 0 1 .5 -.5h7a.5 .5 0 0 1 .5 .5V16M6 22h2M7 14v8
file-up	files,arrows	upload,import,export	M6 22a2 2 0 0 1 -2 -2V4a2 2 0 0 1 2 -2h8a2.4 2.4 0 0 1 1.704 .706l3.588 3.588A2.4 2.4 0 0 1 20 8v12a2 2 0 0 1 -2 2zM14 2v5a1 1 0 0 0 1 1h5M12 12v6M15 15l-3 -3 -3 3
file-user	account,files	person,personal information,people,listing,networking,document,contact,cover letter,resume,cv,curriculum vitae,application form	M6 22a2 2 0 0 1 -2 -2V4a2 2 0 0 1 2 -2h8a2.4 2.4 0 0 1 1.704 .706l3.588 3.588A2.4 2.4 0 0 1 20 8v12a2 2 0 0 1 -2 2zM14 2v5a1 1 0 0 0 1 1h5M16 22a4 4 0 0 0 -8 0M9 15a3 3 0 1 0 6 0a3 3 0 1 0 -6 0z
file-video-camera	files	movie,video,film	M4 12V4a2 2 0 0 1 2 -2h8a2.4 2.4 0 0 1 1.706 .706l3.588 3.588A2.4 2.4 0 0 1 20 8v12a2 2 0 0 1 -2 2M14 2v5a1 1 0 0 0 1 1h5M10 17.843l3.033 -1.755a.64 .64 0 0 1 .967 .56v4.704a.65 .65 0 0 1 -.967 .56L10 20.157M4 16h5a1 1 0 0 1 1 1v4a1 1 0 0 1 -1 1h-5a1 1 0 0 1 -1 -1v-4a1 1 0 0 1 1 -1z
file-volume	files	audio,music,volume	M4 11.55V4a2 2 0 0 1 2 -2h8a2.4 2.4 0 0 1 1.706 .706l3.588 3.588A2.4 2.4 0 0 1 20 8v12a2 2 0 0 1 -2 2h-1.95M14 2v5a1 1 0 0 0 1 1h5M12 15a5 5 0 0 1 0 6M8 14.502a.5 .5 0 0 0 -.826 -.381l-1.893 1.631a1 1 0 0 1 -.651 .243H3.5a.5 .5 0 0 0 -.5 .501v3.006a.5 .5 0 0 0 .5 .501h1.129a1 1 0 0 1 .652 .243l1.893 1.633a.5 .5 0 0 0 .826 -.38z
file-x	files	lost,delete,remove,document	M6 22a2 2 0 0 1 -2 -2V4a2 2 0 0 1 2 -2h8a2.4 2.4 0 0 1 1.704 .706l3.588 3.588A2.4 2.4 0 0 1 20 8v12a2 2 0 0 1 -2 2zM14 2v5a1 1 0 0 0 1 1h5M14.5 12.5l-5 5M9.5 12.5l5 5
file-x-corner	files	lost,delete,remove,document	M11 22H6a2 2 0 0 1 -2 -2V4a2 2 0 0 1 2 -2h8a2.4 2.4 0 0 1 1.706 .706l3.588 3.588A2.4 2.4 0 0 1 20 8v5M14 2v5a1 1 0 0 0 1 1h5M15 17l5 5M20 17l-5 5
files	files	multiple,copy,documents	M15 2h-4a2 2 0 0 0 -2 2v11a2 2 0 0 0 2 2h8a2 2 0 0 0 2 -2V8M16.706 2.706A2.4 2.4 0 0 0 15 2v5a1 1 0 0 0 1 1h5a2.4 2.4 0 0 0 -.706 -1.706zM5 7a2 2 0 0 0 -2 2v11a2 2 0 0 0 2 2h8a2 2 0 0 0 1.732 -1
film	photography,multimedia	movie,video,reel,camera,cinema,entertainment	M5 3h14a2 2 0 0 1 2 2v14a2 2 0 0 1 -2 2h-14a2 2 0 0 1 -2 -2v-14a2 2 0 0 1 2 -2zM7 3v18M3 7.5h4M3 12h18M3 16.5h4M17 3v18M17 7.5h4M17 16.5h4
fingerprint-pattern	account,security,medical,devices	2fa,authentication,biometric,identity,security	M12 10a2 2 0 0 0 -2 2c0 1.02 -.1 2.51 -.26 4M14 13.12c0 2.38 0 6.38 -1 8.88M17.29 21.02c.12 -.6 .43 -2.3 .5 -3.02M2 12a10 10 0 0 1 18 -6M2 16h.01M21.8 16c.2 -2 .131 -5.354 0 -6M5 19.5C5.5 18 6 15 6 12a6 6 0 0 1 .34 -2M8.65 22c.21 -.66 .45 -1.32 .57 -2M9 6.8a6 6 0 0 1 9 5.2v2
fire-extinguisher	home,tools,travel	flames,smoke,foam,water,spray,hose,firefighter,fireman,department,brigade,station,emergency,suppress,compressed,tank,cylinder,safety,equipment,amenities	M15 6.5V3a1 1 0 0 0 -1 -1h-2a1 1 0 0 0 -1 1v3.5M9 18h8M18 3h-3M11 3a6 6 0 0 0 -6 6v11M5 13h4M17 10a4 4 0 0 0 -8 0v10a2 2 0 0 0 2 2h4a2 2 0 0 0 2 -2Z
fish	food-beverage,animals	dish,restaurant,course,meal,seafood,pet,sea,marine	M6.5 12c.94 -3.46 4.94 -6 8.5 -6 3.56 0 6.06 2.54 7 6 -.94 3.47 -3.44 6 -7 6s-7.56 -2.53 -8.5 -6ZM18 12v.5M16 17.93a9.77 9.77 0 0 1 0 -11.86M7 10.67C7 8 5.58 5.97 2.73 5.5c-1 1.5 -1 5 .23 6.5 -1.24 1.5 -1.24 5 -.23 6.5C5.58 18.03 7 16 7 13.33M10.46 7.26C10.2 5.88 9.17 4.24 8 3h5.8a2 2 0 0 1 1.98 1.67l.23 1.4M16.01 17.93l-.23 1.4A2 2 0 0 1 13.8 21H9.5a5.96 5.96 0 0 0 1.49 -3.98
fish-off	food-beverage,animals	food,dish,restaurant,course,meal,seafood,animal,pet,sea,marine,allergy,intolerance,diet	M18 12.47v.03m0 -.5v.47m-.475 5.056A6.744 6.744 0 0 1 15 18c-3.56 0 -7.56 -2.53 -8.5 -6 .348 -1.28 1.114 -2.433 2.121 -3.38m3.444 -2.088A8.802 8.802 0 0 1 15 6c3.56 0 6.06 2.54 7 6 -.309 1.14 -.786 2.177 -1.413 3.058M7 10.67C7 8 5.58 5.97 2.73 5.5c-1 1.5 -1 5 .23 6.5 -1.24 1.5 -1.24 5 -.23 6.5C5.58 18.03 7 16 7 13.33m7.48 -4.372A9.77 9.77 0 0 1 16 6.07m0 11.86a9.77 9.77 0 0 1 -1.728 -3.618M16.01 17.93l-.23 1.4A2 2 0 0 1 13.8 21H9.5a5.96 5.96 0 0 0 1.49 -3.98M8.53 3h5.27a2 2 0 0 1 1.98 1.67l.23 1.4M2 2l20 20
fish-symbol	food-beverage,animals	dish,restaurant,course,meal,seafood,pet,sea,marine	M2 16s9 -15 20 -4C11 23 2 8 2 8
fishing-hook	sports,travel	sea,boating,angler,bait,reel,tackle,marine,outdoors,fish,fishing,hook,sports,travel	M17.586 11.414l-5.93 5.93a1 1 0 0 1 -8 -8l3.137 -3.137a.707 .707 0 0 1 1.207 .5V10M20.414 8.586L22 7M17 10a2 2 0 1 0 4 0a2 2 0 1 0 -4 0z
fishing-rod	sports,travel	fishing,rod,hobby,equipment,reel	M4 11h1M8 15a2 2 0 0 1 -4 0V3a1 1 0 0 1 1 -1h.5C14 2 20 9 20 18v4M16 18a2 2 0 1 0 4 0a2 2 0 1 0 -4 0z
flag	account,social	report,marker,notification,warning,milestone,goal,notice,signal,attention,banner	M4 22V4a1 1 0 0 1 .4 -.8A6 6 0 0 1 8 2c3 0 5 2 7.333 2q2 0 3.067 -.8A1 1 0 0 1 20 4v10a1 1 0 0 1 -.4 .8A6 6 0 0 1 16 16c-3 0 -5 -2 -8 -2a6 6 0 0 0 -4 1.528
flag-off	account,social	unflag,unmark,report,marker,notification,warning,milestone,goal,notice,signal,attention,banner	M16 16c-3 0 -5 -2 -8 -2a6 6 0 0 0 -4 1.528M2 2l20 20M4 22V4M7.656 2H8c3 0 5 2 7.333 2q2 0 3.067 -.8A1 1 0 0 1 20 4v10.347
flag-triangle-left	development,navigation	report,timeline,marker,pin	M18 22V2.8a.8 .8 0 0 0 -1.17 -.71L5.45 7.78a.8 .8 0 0 0 0 1.44L18 15.5
flag-triangle-right	development,navigation	report,timeline,marker,pin	M6 22V2.8a.8 .8 0 0 1 1.17 -.71l11.38 5.69a.8 .8 0 0 1 0 1.44L6 15.5
flame	weather,social,gaming	heat,burn,light,glow,ignite,passion,ember,fire,lit,burning,spark,embers,smoke,firefighter,fireman,department,brigade,station,emergency	M12 3q1 4 4 6.5t3 5.5a1 1 0 0 1 -14 0 5 5 0 0 1 1 -3 1 1 0 0 0 5 0c0 -2 -1.5 -3 -1.5 -5q0 -2 2.5 -4
flame-kindling	nature,social,gaming	campfire,camping,wilderness,outdoors,lit,warmth,wood,twigs,sticks	M12 2c1 3 2.5 3.5 3.5 4.5A5 5 0 0 1 17 10a5 5 0 1 1 -10 0c0 -.3 0 -.6 .1 -.9a2 2 0 1 0 3.3 -2C8 4.5 11 2 12 2ZM5 22l14 -4M5 18l14 4
flashlight	photography,devices	torch,light,beam,emergency,safety,tool,bright	M12 13v1M17 2a1 1 0 0 1 1 1v4a3 3 0 0 1 -.6 1.8l-.6 .8A4 4 0 0 0 16 12v8a2 2 0 0 1 -2 2H10a2 2 0 0 1 -2 -2v-8a4 4 0 0 0 -.8 -2.4l-.6 -.8A3 3 0 0 1 6 7V3a1 1 0 0 1 1 -1zM6 6h12
flashlight-off	photography,devices	torch,light,beam,emergency,safety,tool,bright	M11.652 6H18M12 13v1M16 16v4a2 2 0 0 1 -2 2h-4a2 2 0 0 1 -2 -2v-8a4 4 0 0 0 -.8 -2.4l-.6 -.8A3 3 0 0 1 6 7V6M2 2l20 20M7.649 2H17a1 1 0 0 1 1 1v4a3 3 0 0 1 -.6 1.8l-.6 .8a4 4 0 0 0 -.55 1.007
flask-conical	science,gaming	beaker,erlenmeyer,lab,chemistry,experiment,test	M14 2v6a2 2 0 0 0 .245 .96l5.51 10.08A2 2 0 0 1 18 22H6a2 2 0 0 1 -1.755 -2.96l5.51 -10.08A2 2 0 0 0 10 8V2M6.453 15h11.094M8.5 2h7
flask-conical-off	science,gaming	beaker,erlenmeyer,non toxic,lab,chemistry,experiment,test	M10 2v2.343M14 2v6.343M2 2l20 20M20 20a2 2 0 0 1 -2 2H6a2 2 0 0 1 -1.755 -2.96l5.227 -9.563M6.453 15H15M8.5 2h7
flask-round	science,gaming	beaker,lab,chemistry,experiment,test	M10 2v6.292a7 7 0 1 0 4 0V2M5 15h14M8.5 2h7
flower	nature,gaming,sustainability	sustainability,nature,plant,spring	M9 12a3 3 0 1 0 6 0a3 3 0 1 0 -6 0zM12 16.5A4.5 4.5 0 1 1 7.5 12 4.5 4.5 0 1 1 12 7.5a4.5 4.5 0 1 1 4.5 4.5 4.5 4.5 0 1 1 -4.5 4.5M12 7.5V9M7.5 12H9M16.5 12H15M12 16.5V15M8 8l1.88 1.88M14.12 9.88L16 8M8 16l1.88 -1.88M14.12 14.12L16 16
flower-2	nature,sustainability,seasons	sustainability,nature,plant	M12 5a3 3 0 1 1 3 3m-3 -3a3 3 0 1 0 -3 3m3 -3v1M9 8a3 3 0 1 0 3 3M9 8h1m5 0a3 3 0 1 1 -3 3m3 -3h-1m-2 3v-1M10 8a2 2 0 1 0 4 0a2 2 0 1 0 -4 0zM12 10v12M12 22c4.2 0 7 -1.667 7 -5 -4.2 0 -7 1.667 -7 5ZM12 22c-4.2 0 -7 -1.667 -7 -5 4.2 0 7 1.667 7 5Z
focus	photography	camera,lens,photo,dashed	M9 12a3 3 0 1 0 6 0a3 3 0 1 0 -6 0zM3 7V5a2 2 0 0 1 2 -2h2M17 3h2a2 2 0 0 1 2 2v2M21 17v2a2 2 0 0 1 -2 2h-2M7 21H5a2 2 0 0 1 -2 -2v-2
fold-horizontal	arrows,layout	arrow,collapse,fold,vertical,dashed	M2 12h6M22 12h-6M12 2v2M12 8v2M12 14v2M12 20v2M19 9l-3 3 3 3M5 15l3 -3 -3 -3
fold-vertical	arrows,layout	arrow,collapse,fold,vertical,dashed	M12 22v-6M12 8V2M4 12H2M10 12H8M16 12h-2M22 12h-2M15 19l-3 -3 -3 3M15 5l-3 3 -3 -3
folder	files	directory	M20 20a2 2 0 0 0 2 -2V8a2 2 0 0 0 -2 -2h-7.9a2 2 0 0 1 -1.69 -.9L9.6 3.9A2 2 0 0 0 7.93 3H4a2 2 0 0 0 -2 2v13a2 2 0 0 0 2 2Z
folder-archive	files	archive,zip,package	M13 19a2 2 0 1 0 4 0a2 2 0 1 0 -4 0zM20.9 19.8A2 2 0 0 0 22 18V8a2 2 0 0 0 -2 -2h-7.9a2 2 0 0 1 -1.69 -.9L9.6 3.9A2 2 0 0 0 7.93 3H4a2 2 0 0 0 -2 2v13a2 2 0 0 0 2 2h5.1M15 11v-1M15 17v-2
folder-bookmark	files	folder,bookmark,file,mark,storage,archive,directory,project,favorite,save,read later	M12 6v7.751a.25 .25 0 0 0 .407 .195l2.28 -1.834a.5 .5 0 0 1 .627 0l2.28 1.834a.25 .25 0 0 0 .406 -.195V6M20 20a2 2 0 0 0 2 -2V8a2 2 0 0 0 -2 -2h-7.9a2 2 0 0 1 -1.69 -.9L9.6 3.9A2 2 0 0 0 7.93 3H4a2 2 0 0 0 -2 2v13a2 2 0 0 0 2 2z
folder-check	files	done,directory,todo,tick,complete,task	M20 20a2 2 0 0 0 2 -2V8a2 2 0 0 0 -2 -2h-7.9a2 2 0 0 1 -1.69 -.9L9.6 3.9A2 2 0 0 0 7.93 3H4a2 2 0 0 0 -2 2v13a2 2 0 0 0 2 2ZM9 13l2 2 4 -4
folder-clock	files,time	history,directory,clock	M16 14v2.2l1.6 1M7 20H4a2 2 0 0 1 -2 -2V5a2 2 0 0 1 2 -2h3.9a2 2 0 0 1 1.69 .9l.81 1.2a2 2 0 0 0 1.67 .9H20a2 2 0 0 1 2 2M10 16a6 6 0 1 0 12 0a6 6 0 1 0 -12 0z
folder-closed	files	directory,closed	M20 20a2 2 0 0 0 2 -2V8a2 2 0 0 0 -2 -2h-7.9a2 2 0 0 1 -1.69 -.9L9.6 3.9A2 2 0 0 0 7.93 3H4a2 2 0 0 0 -2 2v13a2 2 0 0 0 2 2ZM2 10h20
folder-code	files,development	directory,coding,develop,software	M10 10.5L8 13l2 2.5M14 10.5l2 2.5 -2 2.5M20 20a2 2 0 0 0 2 -2V8a2 2 0 0 0 -2 -2h-7.9a2 2 0 0 1 -1.69 -.9L9.6 3.9A2 2 0 0 0 7.93 3H4a2 2 0 0 0 -2 2v13a2 2 0 0 0 2 2z
folder-cog	files	directory,settings,control,preferences,cog,edit,gear	M10.3 20H4a2 2 0 0 1 -2 -2V5a2 2 0 0 1 2 -2h3.98a2 2 0 0 1 1.69 .9l.66 1.2A2 2 0 0 0 12 6h8a2 2 0 0 1 2 2v3.3M14.305 19.53l.923 -.382M15.228 16.852l-.923 -.383M16.852 15.228l-.383 -.923M16.852 20.772l-.383 .924M19.148 15.228l.383 -.923M19.53 21.696l-.382 -.924M20.772 16.852l.924 -.383M20.772 19.148l.924 .383M15 18a3 3 0 1 0 6 0a3 3 0 1 0 -6 0z
folder-dot	files,development	directory,root,project,pinned,active,current,cogged,gear,mechanical,machinery,configuration,controls,preferences,settings,system,admin,edit	M4 20h16a2 2 0 0 0 2 -2V8a2 2 0 0 0 -2 -2h-7.93a2 2 0 0 1 -1.66 -.9l-.82 -1.2A2 2 0 0 0 7.93 3H4a2 2 0 0 0 -2 2v13c0 1.1 .9 2 2 2ZM11 13a1 1 0 1 0 2 0a1 1 0 1 0 -2 0z
folder-down	files,arrows	directory,download,import,export	M20 20a2 2 0 0 0 2 -2V8a2 2 0 0 0 -2 -2h-7.9a2 2 0 0 1 -1.69 -.9L9.6 3.9A2 2 0 0 0 7.93 3H4a2 2 0 0 0 -2 2v13a2 2 0 0 0 2 2ZM12 10v6M15 13l-3 3 -3 -3
folder-git	files	directory,root,project,git,repo	M10 13a2 2 0 1 0 4 0a2 2 0 1 0 -4 0zM20 20a2 2 0 0 0 2 -2V8a2 2 0 0 0 -2 -2h-7.9a2 2 0 0 1 -1.69 -.9L9.6 3.9A2 2 0 0 0 7.93 3H4a2 2 0 0 0 -2 2v13a2 2 0 0 0 2 2ZM14 13h3M7 13h3
folder-git-2	files	directory,root,project,git,repo	M18 19a5 5 0 0 1 -5 -5v8M9 20H4a2 2 0 0 1 -2 -2V5a2 2 0 0 1 2 -2h3.9a2 2 0 0 1 1.69 .9l.81 1.2a2 2 0 0 0 1.67 .9H20a2 2 0 0 1 2 2v5M11 12a2 2 0 1 0 4 0a2 2 0 1 0 -4 0zM18 19a2 2 0 1 0 4 0a2 2 0 1 0 -4 0z
folder-heart	files	directory,heart,favourite,bookmark,quick link	M10.638 20H4a2 2 0 0 1 -2 -2V5a2 2 0 0 1 2 -2h3.9a2 2 0 0 1 1.69 .9l.81 1.2a2 2 0 0 0 1.67 .9H20a2 2 0 0 1 2 2v3.417M14.62 18.8A2.25 2.25 0 1 1 18 15.836a2.25 2.25 0 1 1 3.38 2.966l-2.626 2.856a.998 .998 0 0 1 -1.507 0z
folder-input	files,arrows	directory,import,export	M2 9V5a2 2 0 0 1 2 -2h3.9a2 2 0 0 1 1.69 .9l.81 1.2a2 2 0 0 0 1.67 .9H20a2 2 0 0 1 2 2v10a2 2 0 0 1 -2 2H4a2 2 0 0 1 -2 -2v-1M2 13h10M9 16l3 -3 -3 -3
folder-kanban	charts,development,design,files	projects,manage,overview,board,tickets,issues,roadmap,plan,intentions,productivity,work,agile,code,coding,directory,project,root	M4 20h16a2 2 0 0 0 2 -2V8a2 2 0 0 0 -2 -2h-7.93a2 2 0 0 1 -1.66 -.9l-.82 -1.2A2 2 0 0 0 7.93 3H4a2 2 0 0 0 -2 2v13c0 1.1 .9 2 2 2ZM8 10v4M12 10v2M16 10v6
folder-key	files,security	directory,key,private,security,protected	M13 20H4a2 2 0 0 1 -2 -2V5a2 2 0 0 1 2 -2h3.9a2 2 0 0 1 1.69 .9l.81 1.2a2 2 0 0 0 1.67 .9H20a2 2 0 0 1 2 2v1.36M19 12v6M19 14h2M17 20a2 2 0 1 0 4 0a2 2 0 1 0 -4 0z
folder-lock	files,security	directory,lock,private,security,protected	M15 17h6a1 1 0 0 1 1 1v3a1 1 0 0 1 -1 1h-6a1 1 0 0 1 -1 -1v-3a1 1 0 0 1 1 -1zM10 20H4a2 2 0 0 1 -2 -2V5a2 2 0 0 1 2 -2h3.9a2 2 0 0 1 1.69 .9l.81 1.2a2 2 0 0 0 1.67 .9H20a2 2 0 0 1 2 2v2.5M20 17v-2a2 2 0 1 0 -4 0v2
folder-minus	files	directory,remove,delete	M9 13h6M20 20a2 2 0 0 0 2 -2V8a2 2 0 0 0 -2 -2h-7.9a2 2 0 0 1 -1.69 -.9L9.6 3.9A2 2 0 0 0 7.93 3H4a2 2 0 0 0 -2 2v13a2 2 0 0 0 2 2Z
folder-open	files	directory	M6 14l1.5 -2.9A2 2 0 0 1 9.24 10H20a2 2 0 0 1 1.94 2.5l-1.54 6a2 2 0 0 1 -1.95 1.5H4a2 2 0 0 1 -2 -2V5a2 2 0 0 1 2 -2h3.9a2 2 0 0 1 1.69 .9l.81 1.2a2 2 0 0 0 1.67 .9H18a2 2 0 0 1 2 2v2
folder-open-dot	files,development	directory,root,project,active,current,pinned	M6 14l1.45 -2.9A2 2 0 0 1 9.24 10H20a2 2 0 0 1 1.94 2.5l-1.55 6a2 2 0 0 1 -1.94 1.5H4a2 2 0 0 1 -2 -2V5c0 -1.1 .9 -2 2 -2h3.93a2 2 0 0 1 1.66 .9l.82 1.2a2 2 0 0 0 1.66 .9H18a2 2 0 0 1 2 2v2M13 15a1 1 0 1 0 2 0a1 1 0 1 0 -2 0z
folder-output	files,arrows	directory,import,export	M2 7.5V5a2 2 0 0 1 2 -2h3.9a2 2 0 0 1 1.69 .9l.81 1.2a2 2 0 0 0 1.67 .9H20a2 2 0 0 1 2 2v10a2 2 0 0 1 -2 2H4a2 2 0 0 1 -2 -1.5M2 13h10M5 10l-3 3 3 3
folder-pen	files	directory,rename	M2 11.5V5a2 2 0 0 1 2 -2h3.9c.7 0 1.3 .3 1.7 .9l.8 1.2c.4 .6 1 .9 1.7 .9H20a2 2 0 0 1 2 2v10a2 2 0 0 1 -2 2h-9.5M11.378 13.626a1 1 0 1 0 -3.004 -3.004l-5.01 5.012a2 2 0 0 0 -.506 .854l-.837 2.87a.5 .5 0 0 0 .62 .62l2.87 -.837a2 2 0 0 0 .854 -.506z
folder-plus	files	directory,add,create,new	M12 10v6M9 13h6M20 20a2 2 0 0 0 2 -2V8a2 2 0 0 0 -2 -2h-7.9a2 2 0 0 1 -1.69 -.9L9.6 3.9A2 2 0 0 0 7.93 3H4a2 2 0 0 0 -2 2v13a2 2 0 0 0 2 2Z
folder-root	files,development	directory,root,project,git,repo	M4 20h16a2 2 0 0 0 2 -2V8a2 2 0 0 0 -2 -2h-7.93a2 2 0 0 1 -1.66 -.9l-.82 -1.2A2 2 0 0 0 7.93 3H4a2 2 0 0 0 -2 2v13c0 1.1 .9 2 2 2ZM10 13a2 2 0 1 0 4 0a2 2 0 1 0 -4 0zM12 15v5
folder-search	files	directory,search,find,lost,browser,lens	M10.7 20H4a2 2 0 0 1 -2 -2V5a2 2 0 0 1 2 -2h3.9a2 2 0 0 1 1.69 .9l.81 1.2a2 2 0 0 0 1.67 .9H20a2 2 0 0 1 2 2v4.1M21 21l-1.9 -1.9M14 17a3 3 0 1 0 6 0a3 3 0 1 0 -6 0z
folder-search-2	files	directory,search,find,lost,browser,lens	M9 12.5a2.5 2.5 0 1 0 5 0a2.5 2.5 0 1 0 -5 0zM20 20a2 2 0 0 0 2 -2V8a2 2 0 0 0 -2 -2h-7.9a2 2 0 0 1 -1.69 -.9L9.6 3.9A2 2 0 0 0 7.93 3H4a2 2 0 0 0 -2 2v13a2 2 0 0 0 2 2ZM13.3 14.3L15 16
folder-symlink	files	directory,symlink,symbolic,link	M2 9.35V5a2 2 0 0 1 2 -2h3.9a2 2 0 0 1 1.69 .9l.81 1.2a2 2 0 0 0 1.67 .9H20a2 2 0 0 1 2 2v10a2 2 0 0 1 -2 2H4a2 2 0 0 1 -2 -2v-3a2 2 0 0 1 2 -2h7M8 16l3 -3 -3 -3
folder-sync	files,arrows	directory,synchronize,synchronise,refresh,reconnect,transfer,backup	M9 20H4a2 2 0 0 1 -2 -2V5a2 2 0 0 1 2 -2h3.9a2 2 0 0 1 1.69 .9l.81 1.2a2 2 0 0 0 1.67 .9H20a2 2 0 0 1 2 2v.5M12 10v4h4M12 14l1.535 -1.605a5 5 0 0 1 8 1.5M22 22v-4h-4M22 18l-1.535 1.605a5 5 0 0 1 -8 -1.5
folder-tree	files	directory,tree,browser	M20 10a1 1 0 0 0 1 -1V6a1 1 0 0 0 -1 -1h-2.5a1 1 0 0 1 -.8 -.4l-.9 -1.2A1 1 0 0 0 15 3h-2a1 1 0 0 0 -1 1v5a1 1 0 0 0 1 1ZM20 21a1 1 0 0 0 1 -1v-3a1 1 0 0 0 -1 -1h-2.9a1 1 0 0 1 -.88 -.55l-.42 -.85a1 1 0 0 0 -.92 -.6H13a1 1 0 0 0 -1 1v5a1 1 0 0 0 1 1ZM3 5a2 2 0 0 0 2 2h3M3 3v13a2 2 0 0 0 2 2h3
folder-up	files,arrows	directory,upload,import,export	M20 20a2 2 0 0 0 2 -2V8a2 2 0 0 0 -2 -2h-7.9a2 2 0 0 1 -1.69 -.9L9.6 3.9A2 2 0 0 0 7.93 3H4a2 2 0 0 0 -2 2v13a2 2 0 0 0 2 2ZM12 10v6M9 13l3 -3 3 3
folder-x	files	directory,remove,delete	M20 20a2 2 0 0 0 2 -2V8a2 2 0 0 0 -2 -2h-7.9a2 2 0 0 1 -1.69 -.9L9.6 3.9A2 2 0 0 0 7.93 3H4a2 2 0 0 0 -2 2v13a2 2 0 0 0 2 2ZM9.5 10.5l5 5M14.5 10.5l-5 5
folders	files	multiple,copy,directories	M20 5a2 2 0 0 1 2 2v7a2 2 0 0 1 -2 2H9a2 2 0 0 1 -2 -2V5a2 2 0 0 1 2 -2h2.5a1.5 1.5 0 0 1 1.2 .6l.6 .8a1.5 1.5 0 0 0 1.2 .6zM3 8.268a2 2 0 0 0 -1 1.738V19a2 2 0 0 0 2 2h11a2 2 0 0 0 1.732 -1
footprints	navigation	steps,walking,foot,feet,trail,shoe	M4 16v-2.38C4 11.5 2.97 10.5 3 8c.03 -2.72 1.49 -6 4.5 -6C9.37 2 10 3.8 10 5.5c0 3.11 -2 5.66 -2 8.68V16a2 2 0 1 1 -4 0ZM20 20v-2.38c0 -2.12 1.03 -3.12 1 -5.62 -.03 -2.72 -1.49 -6 -4.5 -6C14.63 6 14 7.8 14 9.5c0 3.11 2 5.66 2 8.68V20a2 2 0 1 0 4 0ZM16 17h4M4 13h4
forklift	transportation	machinery,industrial,warehouse,lifting,storage,equipment,heavy-duty,moving,vehicle,transport,logistics	M12 12H5a2 2 0 0 0 -2 2v5M15 19h7M16 19V2M6 12V7a2 2 0 0 1 2 -2h2.172a2 2 0 0 1 1.414 .586l3.828 3.828A2 2 0 0 1 16 10.828M7 19h4M11 19a2 2 0 1 0 4 0a2 2 0 1 0 -4 0zM3 19a2 2 0 1 0 4 0a2 2 0 1 0 -4 0z
form	development	document,page,file,layout,paper,stub,formality,structure,template,inputs,design,components	M4 14h6M4 2h10M5 18h14a1 1 0 0 1 1 1v2a1 1 0 0 1 -1 1h-14a1 1 0 0 1 -1 -1v-2a1 1 0 0 1 1 -1zM5 6h14a1 1 0 0 1 1 1v2a1 1 0 0 1 -1 1h-14a1 1 0 0 1 -1 -1v-2a1 1 0 0 1 1 -1z
forward	mail	send,share,email	M15 17l5 -5 -5 -5M4 18v-2a4 4 0 0 1 4 -4h12
frame	design,photography	logo,design,tool	M22 6L2 6M22 18L2 18M6 2L6 22M18 2L18 22
fuel	transportation,navigation	filling-station,gas,petrol,tank	M14 13h2a2 2 0 0 1 2 2v2a2 2 0 0 0 4 0v-6.998a2 2 0 0 0 -.59 -1.42L18 5M14 21V5a2 2 0 0 0 -2 -2H5a2 2 0 0 0 -2 2v16M2 21h13M3 9h11
fullscreen	layout,multimedia,design,photography	expand,zoom,preview,focus,camera,lens,image	M3 7V5a2 2 0 0 1 2 -2h2M17 3h2a2 2 0 0 1 2 2v2M21 17v2a2 2 0 0 1 -2 2h-2M7 21H5a2 2 0 0 1 -2 -2v-2M8 8h8a1 1 0 0 1 1 1v6a1 1 0 0 1 -1 1h-8a1 1 0 0 1 -1 -1v-6a1 1 0 0 1 1 -1z
funnel	layout	filter,hopper	M10 20a1 1 0 0 0 .553 .895l2 1A1 1 0 0 0 14 21v-7a2 2 0 0 1 .517 -1.341L21.74 4.67A1 1 0 0 0 21 3H3a1 1 0 0 0 -.742 1.67l7.225 7.989A2 2 0 0 1 10 14z
funnel-plus	layout	filter,hopper,add,create,new	M13.354 3H3a1 1 0 0 0 -.742 1.67l7.225 7.989A2 2 0 0 1 10 14v6a1 1 0 0 0 .553 .895l2 1A1 1 0 0 0 14 21v-7a2 2 0 0 1 .517 -1.341l1.218 -1.348M16 6h6M19 3v6
funnel-x	layout	filter,hopper,remove,delete	M12.531 3H3a1 1 0 0 0 -.742 1.67l7.225 7.989A2 2 0 0 1 10 14v6a1 1 0 0 0 .553 .895l2 1A1 1 0 0 0 14 21v-7a2 2 0 0 1 .517 -1.341l.427 -.473M16.5 3.5l5 5M21.5 3.5l-5 5
galaxy	science	astronomy,space,stars,cosmos,universe,spiral,milky way,nebula,cosmology,interstellar,celestial,constellation,stargazing,spaceflight	M16.005 15.108a5.041 6.52 28.25 0 0 -8.008 -6.217 5.041 6.52 28.25 0 0 8.008 6.217A11.884 7.288 -60.76 0 1 4.029 7.001M17 21h.01M7 3h.01M7.997 8.891a11.885 7.288 -60.756 0 1 11.977 8.107M11 12a1 1 0 1 0 2 0a1 1 0 1 0 -2 0z
gallery-horizontal	layout,design,development,photography,multimedia	carousel,pictures,images,scroll,swipe,album,portfolio	M2 3v18M8 3h8a2 2 0 0 1 2 2v14a2 2 0 0 1 -2 2h-8a2 2 0 0 1 -2 -2v-14a2 2 0 0 1 2 -2zM22 3v18
gallery-horizontal-end	layout,design,development,photography,multimedia,files	carousel,pictures,images,scroll,swipe,album,portfolio,history,versions,backup,time machine	M2 7v10M6 5v14M12 3h8a2 2 0 0 1 2 2v14a2 2 0 0 1 -2 2h-8a2 2 0 0 1 -2 -2v-14a2 2 0 0 1 2 -2z
gallery-thumbnails	layout,design,development,photography,multimedia	carousel,pictures,images,album,portfolio,preview	M5 3h14a2 2 0 0 1 2 2v10a2 2 0 0 1 -2 2h-14a2 2 0 0 1 -2 -2v-10a2 2 0 0 1 2 -2zM4 21h1M9 21h1M14 21h1M19 21h1
gallery-vertical	layout,design,development,photography,multimedia	carousel,pictures,images,scroll,swipe,album,portfolio	M3 2h18M5 6h14a2 2 0 0 1 2 2v8a2 2 0 0 1 -2 2h-14a2 2 0 0 1 -2 -2v-8a2 2 0 0 1 2 -2zM3 22h18
gallery-vertical-end	layout,design,development,photography,multimedia,files	carousel,pictures,images,scroll,swipe,album,portfolio,history,versions,backup,time machine	M7 2h10M5 6h14M5 10h14a2 2 0 0 1 2 2v8a2 2 0 0 1 -2 2h-14a2 2 0 0 1 -2 -2v-8a2 2 0 0 1 2 -2z
gamepad	gaming,devices	console	M6 12L10 12M8 10L8 14M15 13L15.01 13M18 11L18.01 11M4 6h16a2 2 0 0 1 2 2v8a2 2 0 0 1 -2 2h-16a2 2 0 0 1 -2 -2v-8a2 2 0 0 1 2 -2z
gamepad-2	gaming,devices	console	M6 11L10 11M8 9L8 13M15 12L15.01 12M18 10L18.01 10M17.32 5H6.68a4 4 0 0 0 -3.978 3.59c-.006 .052 -.01 .101 -.017 .152C2.604 9.416 2 14.456 2 16a3 3 0 0 0 3 3c1 0 1.5 -.5 2 -1l1.414 -1.414A2 2 0 0 1 9.828 16h4.344a2 2 0 0 1 1.414 .586L17 18c.5 .5 1 1 2 1a3 3 0 0 0 3 -3c0 -1.545 -.604 -6.584 -.685 -7.258 -.007 -.05 -.011 -.1 -.017 -.151A4 4 0 0 0 17.32 5z
gamepad-directional	gaming,devices	direction,arrow,controller,navigation,button,move,pointer,arrowhead,console,game,gaming	M11.146 15.854a1.207 1.207 0 0 1 1.708 0l1.56 1.56A2 2 0 0 1 15 18.828V21a1 1 0 0 1 -1 1h-4a1 1 0 0 1 -1 -1v-2.172a2 2 0 0 1 .586 -1.414zM18.828 15a2 2 0 0 1 -1.414 -.586l-1.56 -1.56a1.207 1.207 0 0 1 0 -1.708l1.56 -1.56A2 2 0 0 1 18.828 9H21a1 1 0 0 1 1 1v4a1 1 0 0 1 -1 1zM6.586 14.414A2 2 0 0 1 5.172 15H3a1 1 0 0 1 -1 -1v-4a1 1 0 0 1 1 -1h2.172a2 2 0 0 1 1.414 .586l1.56 1.56a1.207 1.207 0 0 1 0 1.708zM9 3a1 1 0 0 1 1 -1h4a1 1 0 0 1 1 1v2.172a2 2 0 0 1 -.586 1.414l-1.56 1.56a1.207 1.207 0 0 1 -1.708 0l-1.56 -1.56A2 2 0 0 1 9 5.172z
gap-horizontal	design,layout	gap,spacing,space,between,padding,margin,horizontal,auto layout,layout,distance,frame,distribute	M12 2v2M12 8v2M12 14v2M12 20v2M21 3h-3a2 2 0 0 0 -2 2v14a2 2 0 0 0 2 2h3M3 3h3a2 2 0 0 1 2 2v14a2 2 0 0 1 -2 2H3
gap-vertical	design,layout	gap,spacing,space,between,padding,margin,vertical,auto layout,layout,distance,frame,distribute	M2 12h2M8 12h2M14 12h2M20 12h2M3 21v-3a2 2 0 0 1 2 -2h14a2 2 0 0 1 2 2v3M3 3v3a2 2 0 0 0 2 2h14a2 2 0 0 0 2 -2V3
gauge	transportation,sports,science	dashboard,dial,meter,speed,pressure,measure,level	M12 14l4 -4M3.34 19a10 10 0 1 1 17.32 0
gavel	navigation,tools	justice,law,court,judgment,legal,hands,penalty,decision,authority,hammer,mallet	M14 13l-8.381 8.38a1 1 0 0 1 -3.001 -3l8.384 -8.381M16 16l6 -6M21.5 10.5l-8 -8M8 8l6 -6M8.5 7.5l8 8
gem	gaming,development,finance	diamond,crystal,ruby,jewellery,price,special,present,gift,ring,wedding,proposal,marriage,rubygems	M10.5 3L8 9l4 13 4 -13 -2.5 -6M17 3a2 2 0 0 1 1.6 .8l3 4a2 2 0 0 1 .013 2.382l-7.99 10.986a2 2 0 0 1 -3.247 0l-7.99 -10.986A2 2 0 0 1 2.4 7.8l2.998 -3.997A2 2 0 0 1 7 3zM2 9h20
georgian-lari	finance	currency,money,payment	M11.5 21a7.5 7.5 0 1 1 7.35 -9M13 12V3M4 21h16M9 12V3
germ	medical,science,security	virus,microbe,bacterium,bacteria,germ,organism,cilia,pathogen,infection,disease,contagion,contamination,microbiology,health,medicine,biology,science,microorganism,pandemic,epidemic,outbreak,amoeba,flu,security,single cell,unicellular,vaccine,immunity,quarantine	M11 2l.925 1.848M13 15h.01M16 21l-1 -2.472M19 2l-1 1.804M2 19l2.746 -1.373M22 16l-2.474 -2.13M22 5l-1.804 1M3 10l2 2M9 16h.01M9 20v2M9.33 7.035c-.51 1.478 -1.786 2.93 -3.09 3.794A5 5 0 0 0 9 20a12.1 12.1 0 0 0 11.902 -9.916A6 6 0 0 0 9.33 7.035M13 9a2 2 0 1 0 4 0a2 2 0 1 0 -4 0z
germ-off	medical,science,security	virus,microbe,bacterium,bacteria,germ,organism,cilia,pathogen,infection,disease,contagion,contamination,microbiology,health,medicine,biology,science,microorganism,pandemic,epidemic,outbreak,amoeba,flu,security,single cell,unicellular,vaccine,immunity,quarantine	M11 2l.925 1.848M13 15h.01M13.424 7.768a2 2 0 1 1 2.808 2.808M16 21l-1 -2.472M16.988 16.988A12 12 0 0 1 9 20a5 5 0 0 1 -2.759 -9.171 8.8 8.8 0 0 0 2.307 -2.28M19 2l-1 1.804M2 19l2.746 -1.373M2 2l20 20M22 16l-2.474 -2.13a12 12 0 0 0 1.376 -3.786 6 6 0 0 0 -10.313 -5.151M22 5l-1.804 1M3 10l2 2M9 16h.01M9 20v2
ghost	gaming	spirit,haunt,specter,apparition,wraith,shade,phantom,entity,shadow,silhouette,pac-man,spooky,halloween,haunted,invisible,hidden,empty,dead,obsolete,outdated	M15 10v1M7.528 20.472a1.6 1.6 0 0 1 2.277 0l1.057 1.056a1.6 1.6 0 0 0 2.276 0l1.057 -1.056a1.6 1.6 0 0 1 2.277 0l1.114 1.114a1.4 1.4 0 0 0 2.414 -1V10a8 8 0 0 0 -16 0v10.586a1.4 1.4 0 0 0 2.414 1zM9 10v1
gift	gaming,account	present,box,birthday,party	M12 7v14M20 11v8a2 2 0 0 1 -2 2H6a2 2 0 0 1 -2 -2v-8M7.5 7a1 1 0 0 1 0 -5A4.8 8 0 0 1 12 7a4.8 8 0 0 1 4.5 -5 1 1 0 0 1 0 5M4 7h16a1 1 0 0 1 1 1v2a1 1 0 0 1 -1 1h-16a1 1 0 0 1 -1 -1v-2a1 1 0 0 1 1 -1z
git-branch	development	code,version control,vcs,repository	M15 6a9 9 0 0 0 -9 9V3M15 6a3 3 0 1 0 6 0a3 3 0 1 0 -6 0zM3 18a3 3 0 1 0 6 0a3 3 0 1 0 -6 0z
git-branch-minus	development	code,version control,vcs,repository,delete,remove,-	M15 6a9 9 0 0 0 -9 9V3M21 18h-6M15 6a3 3 0 1 0 6 0a3 3 0 1 0 -6 0zM3 18a3 3 0 1 0 6 0a3 3 0 1 0 -6 0z
git-branch-plus	development	code,version control,vcs,repository,add,create,+	M6 3v12M18 9a3 3 0 1 0 0 -6 3 3 0 0 0 0 6zM6 21a3 3 0 1 0 0 -6 3 3 0 0 0 0 6zM15 6a9 9 0 0 0 -9 9M18 15v6M21 18h-6
git-commit-horizontal	development,navigation	code,version control,waypoint,stop,station	M9 12a3 3 0 1 0 6 0a3 3 0 1 0 -6 0zM3 12L9 12M15 12L21 12
git-commit-vertical	development,navigation	code,version control,waypoint,stop,station	M12 3v6M9 12a3 3 0 1 0 6 0a3 3 0 1 0 -6 0zM12 15v6
git-compare	development	code,version control,diff	M15 18a3 3 0 1 0 6 0a3 3 0 1 0 -6 0zM3 6a3 3 0 1 0 6 0a3 3 0 1 0 -6 0zM13 6h3a2 2 0 0 1 2 2v7M11 18H8a2 2 0 0 1 -2 -2V9
git-compare-arrows	development,arrows	code,version control,diff	M2 6a3 3 0 1 0 6 0a3 3 0 1 0 -6 0zM12 6h5a2 2 0 0 1 2 2v7M15 9l-3 -3 3 -3M16 18a3 3 0 1 0 6 0a3 3 0 1 0 -6 0zM12 18H7a2 2 0 0 1 -2 -2V9M9 15l3 3 -3 3
git-fork	development	code,version control	M9 18a3 3 0 1 0 6 0a3 3 0 1 0 -6 0zM3 6a3 3 0 1 0 6 0a3 3 0 1 0 -6 0zM15 6a3 3 0 1 0 6 0a3 3 0 1 0 -6 0zM18 9v2c0 .6 -.4 1 -1 1H7c-.6 0 -1 -.4 -1 -1V9M12 12v3
git-graph	development	code,version control,commit graph,commits,gitlens	M2 6a3 3 0 1 0 6 0a3 3 0 1 0 -6 0zM5 9v6M2 18a3 3 0 1 0 6 0a3 3 0 1 0 -6 0zM12 3v18M16 6a3 3 0 1 0 6 0a3 3 0 1 0 -6 0zM16 15.7A9 9 0 0 0 19 9
git-merge	development	code,version control	M15 18a3 3 0 1 0 6 0a3 3 0 1 0 -6 0zM3 6a3 3 0 1 0 6 0a3 3 0 1 0 -6 0zM6 21V9a9 9 0 0 0 9 9
git-merge-conflict	development	code,version control,commits,diff,error,conflict	M12 6h4a2 2 0 0 1 2 2v7M6 12v9M8.5 3.5l-5 5M8.5 8.5l-5 -5M15 18a3 3 0 1 0 6 0a3 3 0 1 0 -6 0z
git-pull-request	development	code,version control,open	M15 18a3 3 0 1 0 6 0a3 3 0 1 0 -6 0zM3 6a3 3 0 1 0 6 0a3 3 0 1 0 -6 0zM13 6h3a2 2 0 0 1 2 2v7M6 9L6 21
git-pull-request-arrow	development,arrows	code,version control,open	M2 6a3 3 0 1 0 6 0a3 3 0 1 0 -6 0zM5 9v12M16 18a3 3 0 1 0 6 0a3 3 0 1 0 -6 0zM15 9l-3 -3 3 -3M12 6h5a2 2 0 0 1 2 2v7
git-pull-request-closed	development	code,version control,rejected,closed,cancelled,x	M15.5 3.5l5 5M15.5 8.5l5 -5M18 11.62V15M6 9v12M15 18a3 3 0 1 0 6 0a3 3 0 1 0 -6 0zM3 6a3 3 0 1 0 6 0a3 3 0 1 0 -6 0z
git-pull-request-create	development	code,version control,open,plus,add,+	M3 6a3 3 0 1 0 6 0a3 3 0 1 0 -6 0zM6 9v12M13 6h3a2 2 0 0 1 2 2v3M18 15v6M21 18h-6
git-pull-request-create-arrow	development,arrows	code,version control,open,plus,add,+	M2 6a3 3 0 1 0 6 0a3 3 0 1 0 -6 0zM5 9v12M15 9l-3 -3 3 -3M12 6h5a2 2 0 0 1 2 2v3M19 15v6M22 18h-6
git-pull-request-draft	development	code,version control,open,draft,dashed	M15 18a3 3 0 1 0 6 0a3 3 0 1 0 -6 0zM3 6a3 3 0 1 0 6 0a3 3 0 1 0 -6 0zM18 6V5M18 11v-1M6 9L6 21
glass-water	food-beverage	beverage,drink,glass,water	M5.116 4.104A1 1 0 0 1 6.11 3h11.78a1 1 0 0 1 .994 1.105L17.19 20.21A2 2 0 0 1 15.2 22H8.8a2 2 0 0 1 -2 -1.79zM6 12a5 5 0 0 1 6 0 5 5 0 0 0 6 0
glasses	accessibility	glasses,spectacles	M2 15a4 4 0 1 0 8 0a4 4 0 1 0 -8 0zM14 15a4 4 0 1 0 8 0a4 4 0 1 0 -8 0zM14 15a2 2 0 0 0 -2 -2 2 2 0 0 0 -2 2M2.5 13L5 7c.7 -1.3 1.4 -2 3 -2M21.5 13L19 7c-.7 -1.3 -1.5 -2 -3 -2
globe	navigation	world,browser,language,translate	M2 12a10 10 0 1 0 20 0a10 10 0 1 0 -20 0zM12 2a14.5 14.5 0 0 0 0 20 14.5 14.5 0 0 0 0 -20M2 12h20
globe-check	navigation	world,browser,language,translate,internet,web,check,verified,success,valid,available,online,status	M15 6l2 2 4 -4M2 12h20A10 10 0 1 1 12 2a14.5 14.5 0 0 0 0 20 14.5 14.5 0 0 0 4 -10
globe-code	navigation,development	website,internet,globe,connection,network,digital,access,global,link,world,browser,language,translate	M15.5 10L13 7.5 15.5 5M15.861 14A14.5 14.5 0 0 1 12 22a14.48 14.48 0 0 1 0 -20 10 10 0 1 0 9.888 11.5M19.5 5L22 7.5 19.5 10M2 12h8.5
globe-lock	security,development,devices	vpn,private,privacy,network,world,browser,security,encryption,protection,connection	M15.686 15A14.5 14.5 0 0 1 12 22a14.5 14.5 0 0 1 0 -20 10 10 0 1 0 9.542 13M2 12h8.5M20 6V4a2 2 0 1 0 -4 0v2M15 6h6a1 1 0 0 1 1 1v3a1 1 0 0 1 -1 1h-6a1 1 0 0 1 -1 -1v-3a1 1 0 0 1 1 -1z
globe-off	navigation,connectivity,devices	globe,earth,planet,disable,mute,off,hide,avoid,world,browser,language,translate,internet,offline,disconnected,network,connection,no connection,network failure,signal off	M10.114 4.462A14.5 14.5 0 0 1 12 2a10 10 0 0 1 9.313 13.643M15.557 15.556A14.5 14.5 0 0 1 12 22 10 10 0 0 1 4.929 4.929M15.892 10.234A14.5 14.5 0 0 0 12 2a10 10 0 0 0 -3.643 .687M17.656 12H22M19.071 19.071A10 10 0 0 1 12 22 14.5 14.5 0 0 1 8.44 8.45M2 12h10M2 2l20 20
globe-x	connectivity,devices,navigation	globe,internet,offline,disconnected,network,connection,world,no connection,network failure,signal off	M16 3l5 5M2 12h20A10 10 0 1 1 12 2a14.5 14.5 0 0 0 0 20 14.5 14.5 0 0 0 4 -10M21 3l-5 5
goal	gaming	flag,bullseye	M12 13V2l8 4 -8 4M20.561 10.222a9 9 0 1 1 -12.55 -5.29M8.002 9.997a5 5 0 1 0 8.9 2.02
gpu	devices,gaming	processor,cores,technology,computer,chip,circuit,specs,graphics processing unit,video card,display adapter,gddr,rendering,digital image processing,crypto mining	M2 17h18a2 2 0 0 0 2 -2V7a2 2 0 0 0 -2 -2H2M2 21V3M7 17v3a1 1 0 0 0 1 1h5a1 1 0 0 0 1 -1v-3M14 11a2 2 0 1 0 4 0a2 2 0 1 0 -4 0zM6 11a2 2 0 1 0 4 0a2 2 0 1 0 -4 0z
graduation-cap	buildings	school,university,learn,study,mortarboard,education,ceremony,academic,hat,diploma,bachelor's,master's,doctorate	M21.42 10.922a1 1 0 0 0 -.019 -1.838L12.83 5.18a2 2 0 0 0 -1.66 0L2.6 9.08a1 1 0 0 0 0 1.832l8.57 3.908a2 2 0 0 0 1.66 0zM22 10v6M6 12.5V16a6 3 0 0 0 12 0v-3.5
grape	food-beverage	fruit,wine,food	M22 5V2l-5.89 5.89M13.6 15.89a3 3 0 1 0 6 0a3 3 0 1 0 -6 0zM5.11 7.4a3 3 0 1 0 6 0a3 3 0 1 0 -6 0zM9.35 11.65a3 3 0 1 0 6 0a3 3 0 1 0 -6 0zM10.91 5.85a3 3 0 1 0 6 0a3 3 0 1 0 -6 0zM15.15 10.09a3 3 0 1 0 6 0a3 3 0 1 0 -6 0zM3.56 13.2a3 3 0 1 0 6 0a3 3 0 1 0 -6 0zM7.8 17.44a3 3 0 1 0 6 0a3 3 0 1 0 -6 0zM2 19a3 3 0 1 0 6 0a3 3 0 1 0 -6 0z
grid-2x2	text,layout,design,math	table,rows,columns,blocks,plot,land,geometry,measure,size,width,height,distance,surface area,square meter,acre,window,skylight	M12 3v18M3 12h18M5 3h14a2 2 0 0 1 2 2v14a2 2 0 0 1 -2 2h-14a2 2 0 0 1 -2 -2v-14a2 2 0 0 1 2 -2z
grid-2x2-check	text,layout,math	table,rows,columns,blocks,plot,land,geometry,measure,data,size,width,height,distance,surface area,square meter,acre	M12 3v17a1 1 0 0 1 -1 1H5a2 2 0 0 1 -2 -2V5a2 2 0 0 1 2 -2h14a2 2 0 0 1 2 2v6a1 1 0 0 1 -1 1H3M16 19l2 2 4 -4
grid-2x2-plus	text,layout,math	table,rows,columns,blocks,plot,land,geometry,measure,data,size,width,height,distance,surface area,square meter,acre	M12 3v17a1 1 0 0 1 -1 1H5a2 2 0 0 1 -2 -2V5a2 2 0 0 1 2 -2h14a2 2 0 0 1 2 2v6a1 1 0 0 1 -1 1H3M16 19h6M19 22v-6
grid-2x2-x	text,layout,math	table,rows,columns,data,blocks,plot,land,geometry,measure,size,width,height,distance,surface area,square meter,acre	M12 3v17a1 1 0 0 1 -1 1H5a2 2 0 0 1 -2 -2V5a2 2 0 0 1 2 -2h14a2 2 0 0 1 2 2v6a1 1 0 0 1 -1 1H3M16.5 16.5l5 5M16.5 21.5l5 -5
grid-3x2	text,math,layout,design	table,rows,columns,blocks,plot,land,geometry,measure,size,width,height,distance,surface area,square meter,acre,window	M15 3v18M3 12h18M9 3v18M5 3h14a2 2 0 0 1 2 2v14a2 2 0 0 1 -2 2h-14a2 2 0 0 1 -2 -2v-14a2 2 0 0 1 2 -2z
grid-3x3	text,layout,design	table,rows,columns	M5 3h14a2 2 0 0 1 2 2v14a2 2 0 0 1 -2 2h-14a2 2 0 0 1 -2 -2v-14a2 2 0 0 1 2 -2zM3 9h18M3 15h18M9 3v18M15 3v18
grip	layout	grab,dots,handle,move,drag	M11 5a1 1 0 1 0 2 0a1 1 0 1 0 -2 0zM18 5a1 1 0 1 0 2 0a1 1 0 1 0 -2 0zM4 5a1 1 0 1 0 2 0a1 1 0 1 0 -2 0zM11 12a1 1 0 1 0 2 0a1 1 0 1 0 -2 0zM18 12a1 1 0 1 0 2 0a1 1 0 1 0 -2 0zM4 12a1 1 0 1 0 2 0a1 1 0 1 0 -2 0zM11 19a1 1 0 1 0 2 0a1 1 0 1 0 -2 0zM18 19a1 1 0 1 0 2 0a1 1 0 1 0 -2 0zM4 19a1 1 0 1 0 2 0a1 1 0 1 0 -2 0z
grip-horizontal	layout	grab,dots,handle,move,drag	M11 9a1 1 0 1 0 2 0a1 1 0 1 0 -2 0zM18 9a1 1 0 1 0 2 0a1 1 0 1 0 -2 0zM4 9a1 1 0 1 0 2 0a1 1 0 1 0 -2 0zM11 15a1 1 0 1 0 2 0a1 1 0 1 0 -2 0zM18 15a1 1 0 1 0 2 0a1 1 0 1 0 -2 0zM4 15a1 1 0 1 0 2 0a1 1 0 1 0 -2 0z
grip-vertical	layout	grab,dots,handle,move,drag	M8 12a1 1 0 1 0 2 0a1 1 0 1 0 -2 0zM8 5a1 1 0 1 0 2 0a1 1 0 1 0 -2 0zM8 19a1 1 0 1 0 2 0a1 1 0 1 0 -2 0zM14 12a1 1 0 1 0 2 0a1 1 0 1 0 -2 0zM14 5a1 1 0 1 0 2 0a1 1 0 1 0 -2 0zM14 19a1 1 0 1 0 2 0a1 1 0 1 0 -2 0z
group	files	cubes,packages,parts,units,collection,cluster,gather,dashed	M3 7V5c0 -1.1 .9 -2 2 -2h2M17 3h2c1.1 0 2 .9 2 2v2M21 17v2c0 1.1 -.9 2 -2 2h-2M7 21H5c-1.1 0 -2 -.9 -2 -2v-2M8 7h5a1 1 0 0 1 1 1v3a1 1 0 0 1 -1 1h-5a1 1 0 0 1 -1 -1v-3a1 1 0 0 1 1 -1zM11 12h5a1 1 0 0 1 1 1v3a1 1 0 0 1 -1 1h-5a1 1 0 0 1 -1 -1v-3a1 1 0 0 1 1 -1z
guitar	multimedia	acoustic,instrument,strings,riff,rock,band,country,concert,performance,play,lead,loud,music,audio,sound,noise	M11.9 12.1l4.514 -4.514M20.1 2.3a1 1 0 0 0 -1.4 0l-1.114 1.114A2 2 0 0 0 17 4.828v1.344a2 2 0 0 1 -.586 1.414A2 2 0 0 1 17.828 7h1.344a2 2 0 0 0 1.414 -.586L21.7 5.3a1 1 0 0 0 0 -1.4zM6 16l2 2M8.23 9.85A3 3 0 0 1 11 8a5 5 0 0 1 5 5 3 3 0 0 1 -1.85 2.77l-.92 .38A2 2 0 0 0 12 18a4 4 0 0 1 -4 4 6 6 0 0 1 -6 -6 4 4 0 0 1 4 -4 2 2 0 0 0 1.85 -1.23z
ham	food-beverage	food,pork,pig,meat,bone,hock,knuckle,gammon,cured	M13.144 21.144A7.274 10.445 45 1 0 2.856 10.856M13.144 21.144A7.274 4.365 45 0 0 2.856 10.856a7.274 4.365 45 0 0 10.288 10.288M16.565 10.435L18.6 8.4a2.501 2.501 0 1 0 1.65 -4.65 2.5 2.5 0 1 0 -4.66 1.66l-2.024 2.025M8.5 16.5l-1 -1
hamburger	food-beverage	burger,cheeseburger,meat,beef,patty,bun,fast food,junk food,takeaway,takeout,snack,dish,restaurant,lunch,meal,savory,savoury,cookery,cooking,grilled,barbecue,barbeque,bbq,lettuce,tomato,relish,pickles,onions,ketchup,mustard,mayonnaise	M12 16H4a2 2 0 1 1 0 -4h16a2 2 0 1 1 0 4h-4.25M5 12a2 2 0 0 1 -2 -2 9 7 0 0 1 18 0 2 2 0 0 1 -2 2M5 16a2 2 0 0 0 -2 2 3 3 0 0 0 3 3h12a3 3 0 0 0 3 -3 2 2 0 0 0 -2 -2q0 0 0 0M6.67 12l6.13 4.6a2 2 0 0 0 2.8 -.4l3.15 -4.2
hammer	tools,home	mallet,nails,diy,toolbox,build,construction	M15 12l-9.373 9.373a1 1 0 0 1 -3.001 -3L12 9M18 15l4 -4M21.5 11.5l-1.914 -1.914A2 2 0 0 1 19 8.172v-.344a2 2 0 0 0 -.586 -1.414l-1.657 -1.657A6 6 0 0 0 12.516 3H9l1.243 1.243A6 6 0 0 1 12 8.485V10l2 2h1.172a2 2 0 0 1 1.414 .586L18.5 14.5
hand	cursors,accessibility	wave,move,mouse,grab	M18 11V6a2 2 0 0 0 -2 -2a2 2 0 0 0 -2 2M14 10V4a2 2 0 0 0 -2 -2a2 2 0 0 0 -2 2v2M10 10.5V6a2 2 0 0 0 -2 -2a2 2 0 0 0 -2 2v8M18 8a2 2 0 1 1 4 0v6a8 8 0 0 1 -8 8h-2c-2.8 0 -4.5 -.86 -5.99 -2.34l-3.6 -3.6a2 2 0 0 1 2.83 -2.82L7 15
hand-coins	finance,account	savings,banking,money,finance,offers,mortgage,payment,received,wage,payroll,allowance,pocket money,handout,pennies	M11 15h2a2 2 0 1 0 0 -4h-3c-.6 0 -1.1 .2 -1.4 .6L3 17M7 21l1.6 -1.4c.3 -.4 .8 -.6 1.4 -.6h4c1.1 0 2.1 -.4 2.8 -1.2l4.6 -4.4a2 2 0 0 0 -2.75 -2.91l-4.2 3.9M2 16l6 6M13.1 9a2.9 2.9 0 1 0 5.8 0a2.9 2.9 0 1 0 -5.8 0zM3 5a3 3 0 1 0 6 0a3 3 0 1 0 -6 0z
hand-fist	social,emoji,communication,sports	clench,strength,power,unity,solidarity,rebellion,victory,triumph,support,fight,combat,brawl	M12.035 17.012a3 3 0 0 0 -3 -3l-.311 -.002a.72 .72 0 0 1 -.505 -1.229l1.195 -1.195A2 2 0 0 1 10.828 11H12a2 2 0 0 0 0 -4H9.243a3 3 0 0 0 -2.122 .879l-2.707 2.707A4.83 4.83 0 0 0 3 14a8 8 0 0 0 8 8h2a8 8 0 0 0 8 -8V7a2 2 0 1 0 -4 0v2a2 2 0 1 0 4 0M13.888 9.662A2 2 0 0 0 17 8V5A2 2 0 1 0 13 5M9 5A2 2 0 1 0 5 5V10M9 7V4A2 2 0 1 1 13 4V7.268
hand-grab	cursors,design,layout	hand	M18 11.5V9a2 2 0 0 0 -2 -2a2 2 0 0 0 -2 2v1.4M14 10V8a2 2 0 0 0 -2 -2a2 2 0 0 0 -2 2v2M10 9.9V9a2 2 0 0 0 -2 -2a2 2 0 0 0 -2 2v5M6 14a2 2 0 0 0 -2 -2a2 2 0 0 0 -2 2M18 11a2 2 0 1 1 4 0v3a8 8 0 0 1 -8 8h-4a8 8 0 0 1 -8 -8 2 2 0 1 1 4 0
hand-heart	social	love,like,emotion	M11 14h2a2 2 0 0 0 0 -4h-3c-.6 0 -1.1 .2 -1.4 .6L3 16M14.45 13.39l5.05 -4.694C20.196 8 21 6.85 21 5.75a2.75 2.75 0 0 0 -4.797 -1.837 .276 .276 0 0 1 -.406 0A2.75 2.75 0 0 0 11 5.75c0 1.2 .802 2.248 1.5 2.946L16 11.95M2 15l6 6M7 20l1.6 -1.4c.3 -.4 .8 -.6 1.4 -.6h4c1.1 0 2.1 -.4 2.8 -1.2l4.6 -4.4a1 1 0 0 0 -2.75 -2.91
hand-helping	emoji	agreement,help,proposal,charity,begging,terms	M11 12h2a2 2 0 1 0 0 -4h-3c-.6 0 -1.1 .2 -1.4 .6L3 14M7 18l1.6 -1.4c.3 -.4 .8 -.6 1.4 -.6h4c1.1 0 2.1 -.4 2.8 -1.2l4.6 -4.4a2 2 0 0 0 -2.75 -2.91l-4.2 3.9M2 13l6 6
hand-metal	emoji,multimedia	rock	M18 12.5V10a2 2 0 0 0 -2 -2a2 2 0 0 0 -2 2v1.4M14 11V9a2 2 0 1 0 -4 0v2M10 10.5V5a2 2 0 1 0 -4 0v9M7 15l-1.76 -1.76a2 2 0 0 0 -2.83 2.82l3.6 3.6C7.5 21.14 9.2 22 12 22h2a8 8 0 0 0 8 -8V7a2 2 0 1 0 -4 0v5
hand-platter	food-beverage,people	waiter,waitress,restaurant,table service,served,dinner,dining,meal,course,luxury	M12 3V2M15.4 17.4l3.2 -2.8a2 2 0 1 1 2.8 2.9l-3.6 3.3c-.7 .8 -1.7 1.2 -2.8 1.2h-4c-1.1 0 -2.1 -.4 -2.8 -1.2l-1.302 -1.464A1 1 0 0 0 6.151 19H5M2 14h12a2 2 0 0 1 0 4h-2M4 10h16M5 10a7 7 0 0 1 14 0M5 14v6a1 1 0 0 1 -1 1H2
handbag	shopping,transportation	bag,baggage,carry,clutch,fashion,luggage,purse,tote,travel	M2.048 18.566A2 2 0 0 0 4 21h16a2 2 0 0 0 1.952 -2.434l-2 -9A2 2 0 0 0 18 8H6a2 2 0 0 0 -1.952 1.566zM8 11V6a4 4 0 0 1 8 0v5
handshake	account,social,communication,finance,security	agreement,partnership,deal,business,assistance,cooperation,friendship,union,terms	M11 17l2 2a1 1 0 1 0 3 -3M14 14l2.5 2.5a1 1 0 1 0 3 -3l-3.88 -3.88a3 3 0 0 0 -4.24 0l-.88 .88a1 1 0 1 1 -3 -3l2.81 -2.81a5.79 5.79 0 0 1 7.06 -.87l.47 .28a2 2 0 0 0 1.42 .25L21 4M21 3l1 11h-2M3 3L2 14l6.5 6.5a1 1 0 1 0 3 -3M3 4h8
hard-drive	development,devices	computer,server,memory,data,ssd,disk,hard disk,storage,hardware,backup,media	M10 16h.01M2.212 11.577a2 2 0 0 0 -.212 .896V18a2 2 0 0 0 2 2h16a2 2 0 0 0 2 -2v-5.527a2 2 0 0 0 -.212 -.896L18.55 5.11A2 2 0 0 0 16.76 4H7.24a2 2 0 0 0 -1.79 1.11zM21.946 12.013H2.054M6 16h.01
hard-drive-download	development,devices,arrows,files	computer,server,memory,data,ssd,disk,hard disk,save	M12 2v8M16 6l-4 4 -4 -4M4 14h16a2 2 0 0 1 2 2v4a2 2 0 0 1 -2 2h-16a2 2 0 0 1 -2 -2v-4a2 2 0 0 1 2 -2zM6 18h.01M10 18h.01
hard-drive-upload	development,devices,arrows,files	computer,server,memory,data,ssd,disk,hard disk,save	M16 6l-4 -4 -4 4M12 2v8M4 14h16a2 2 0 0 1 2 2v4a2 2 0 0 1 -2 2h-16a2 2 0 0 1 -2 -2v-4a2 2 0 0 1 2 -2zM6 18h.01M10 18h.01
hard-hat	tools	helmet,construction,safety	M10 10V5a1 1 0 0 1 1 -1h2a1 1 0 0 1 1 1v5M14 6a6 6 0 0 1 6 6v3M4 15v-3a6 6 0 0 1 6 -6M3 15h18a1 1 0 0 1 1 1v2a1 1 0 0 1 -1 1h-18a1 1 0 0 1 -1 -1v-2a1 1 0 0 1 1 -1z
hash	text,social	hashtag,number,pound	M4 9L20 9M4 15L20 15M10 3L8 21M16 3L14 21
hat-glasses	social,account,security	incognito,disguise,costume,masked,anonymous,anonymity,privacy,private browsing,stealth,hidden,undercover,cloak,invisible,ghost,spy,agent,detective,identity,cap,fedora,spectacles,shades,sunglasses,eyewear	M14 18a2 2 0 0 0 -4 0M19 11l-2.11 -6.657a2 2 0 0 0 -2.752 -1.148l-1.276 .61A2 2 0 0 1 12 4H8.5a2 2 0 0 0 -1.925 1.456L5 11M2 11h20M14 18a3 3 0 1 0 6 0a3 3 0 1 0 -6 0zM4 18a3 3 0 1 0 6 0a3 3 0 1 0 -6 0z
haze	weather	mist,fog	M5.2 6.2l1.4 1.4M2 13h2M20 13h2M17.4 7.6l1.4 -1.4M22 17H2M22 21H2M16 13a4 4 0 0 0 -8 0M12 5V2.5
hd	devices,multimedia	tv,resolution,video,high definition,720p,1080p	M10 12H6M10 15V9M14 14.5a.5 .5 0 0 0 .5 .5h1a2.5 2.5 0 0 0 2.5 -2.5v-1A2.5 2.5 0 0 0 15.5 9h-1a.5 .5 0 0 0 -.5 .5zM6 15V9M4 5h16a2 2 0 0 1 2 2v10a2 2 0 0 1 -2 2h-16a2 2 0 0 1 -2 -2v-10a2 2 0 0 1 2 -2z
hdmi-port	devices,multimedia,gaming	socket,plug,slot,controller,connector,interface,console,signal,audio,video,visual,av,data,input,output	M22 9a1 1 0 0 0 -1 -1H3a1 1 0 0 0 -1 1v4a1 1 0 0 0 1 1h.5a2 2 0 0 1 1.6 .8l.3 .4A2 2 0 0 0 7 16h10a2 2 0 0 0 1.6 -.8l.3 -.4a2 2 0 0 1 1.6 -.8h.5a1 1 0 0 0 1 -1zM8 12h8
heading	text	h1,html,markup,markdown	M6 12h12M6 20V4M18 20V4
heading-1	text	h1,html,markup,markdown	M4 12h8M4 18V6M12 18V6M17 12l3 -2v8
heading-2	text	h2,html,markup,markdown	M4 12h8M4 18V6M12 18V6M21 18h-4c0 -4 4 -3 4 -6 0 -1.5 -2 -2.5 -4 -1
heading-3	text	h3,html,markup,markdown	M4 12h8M4 18V6M12 18V6M17.5 10.5c1.7 -1 3.5 0 3.5 1.5a2 2 0 0 1 -2 2M17 17.5c2 1.5 4 .3 4 -1.5a2 2 0 0 0 -2 -2
heading-4	text	h4,html,markup,markdown	M12 18V6M17 10v3a1 1 0 0 0 1 1h3M21 10v8M4 12h8M4 18V6
heading-5	text	h5,html,markup,markdown	M4 12h8M4 18V6M12 18V6M17 13v-3h4M17 17.7c.4 .2 .8 .3 1.3 .3 1.5 0 2.7 -1.1 2.7 -2.5S19.8 13 18.3 13H17
heading-6	text	h6,html,markup,markdown	M4 12h8M4 18V6M12 18V6M17 16a2 2 0 1 0 4 0a2 2 0 1 0 -4 0zM20 10c-2 2 -3 3.5 -3 6
headphone-off	multimedia,connectivity,communication,devices,gaming	music,audio,sound,mute,off	M21 14h-1.343M9.128 3.47A9 9 0 0 1 21 12v3.343M2 2l20 20M20.414 20.414A2 2 0 0 1 19 21h-1a2 2 0 0 1 -2 -2v-3M3 14h3a2 2 0 0 1 2 2v3a2 2 0 0 1 -2 2H5a2 2 0 0 1 -2 -2v-7a9 9 0 0 1 2.636 -6.364
headphones	multimedia,connectivity,devices,files,gaming	music,audio,sound	M3 14h3a2 2 0 0 1 2 2v3a2 2 0 0 1 -2 2H5a2 2 0 0 1 -2 -2v-7a9 9 0 0 1 18 0v7a2 2 0 0 1 -2 2h-1a2 2 0 0 1 -2 -2v-3a2 2 0 0 1 2 -2h3
headset	multimedia,connectivity,devices,files,gaming	music,audio,sound,gaming,headphones,headset,call,center,phone,telephone,voip,video	M3 11h3a2 2 0 0 1 2 2v3a2 2 0 0 1 -2 2H5a2 2 0 0 1 -2 -2v-5Zm0 0a9 9 0 1 1 18 0m0 0v5a2 2 0 0 1 -2 2h-1a2 2 0 0 1 -2 -2v-3a2 2 0 0 1 2 -2h3ZM21 16v2a4 4 0 0 1 -4 4h-5
heart	medical,social,multimedia,emoji,gaming,shapes	like,love,emotion,suit,playing,cards	M2 9.5a5.5 5.5 0 0 1 9.591 -3.676 .56 .56 0 0 0 .818 0A5.49 5.49 0 0 1 22 9.5c0 2.29 -1.5 4 -3 5.5l-5.492 5.313a2 2 0 0 1 -3 .019L5 15c-1.5 -1.5 -3 -3.2 -3 -5.5
heart-crack	emoji	heartbreak,sadness,emotion	M12.409 5.824c-.702 .792 -1.15 1.496 -1.415 2.166l2.153 2.156a.5 .5 0 0 1 0 .707l-2.293 2.293a.5 .5 0 0 0 0 .707L12 15M13.508 20.313a2 2 0 0 1 -3 .019L5 15c-1.5 -1.5 -3 -3.2 -3 -5.5a5.5 5.5 0 0 1 9.591 -3.677 .6 .6 0 0 0 .818 .001A5.5 5.5 0 0 1 22 9.5c0 2.29 -1.5 4 -3 5.5z
heart-handshake	emoji,account,security	agreement,charity,help,deal,terms,emotion,together,handshake	M19.414 14.414C21 12.828 22 11.5 22 9.5a5.5 5.5 0 0 0 -9.591 -3.676 .6 .6 0 0 1 -.818 .001A5.5 5.5 0 0 0 2 9.5c0 2.3 1.5 4 3 5.5l5.535 5.362a2 2 0 0 0 2.879 .052 2.12 2.12 0 0 0 -.004 -3 2.124 2.124 0 1 0 3 -3 2.124 2.124 0 0 0 3.004 0 2 2 0 0 0 0 -2.828l-1.881 -1.882a2.41 2.41 0 0 0 -3.409 0l-1.71 1.71a2 2 0 0 1 -2.828 0 2 2 0 0 1 0 -2.828l2.823 -2.762
heart-minus	medical,account,multimedia,gaming,social	unlike,unfavorite,remove,delete,damage	M14.876 18.99l-1.368 1.323a2 2 0 0 1 -3 .019L5 15c-1.5 -1.5 -3 -3.2 -3 -5.5a5.5 5.5 0 0 1 9.591 -3.676 .56 .56 0 0 0 .818 0A5.49 5.49 0 0 1 22 9.5a5.2 5.2 0 0 1 -.244 1.572M15 15h6
heart-off	social,multimedia	unlike,dislike,hate,emotion	M10.5 4.893a5.5 5.5 0 0 1 1.091 .931 .56 .56 0 0 0 .818 0A5.49 5.49 0 0 1 22 9.5c0 1.872 -1.002 3.356 -2.187 4.655M16.967 16.967l-3.459 3.346a2 2 0 0 1 -3 .019L5 15c-1.5 -1.5 -3 -3.2 -3 -5.5a5.5 5.5 0 0 1 2.747 -4.761M2 2l20 20
heart-plus	medical,account,multimedia,gaming,social	plus,like,favorite,add,health,support	M14.479 19.374l-.971 .939a2 2 0 0 1 -3 .019L5 15c-1.5 -1.5 -3 -3.2 -3 -5.5a5.5 5.5 0 0 1 9.591 -3.676 .56 .56 0 0 0 .818 0A5.49 5.49 0 0 1 22 9.5a5.2 5.2 0 0 1 -.219 1.49M15 15h6M18 12v6
heart-pulse	medical	heartbeat,pulse,health,medical,blood pressure,cardiac,systole,diastole	M2 9.5a5.5 5.5 0 0 1 9.591 -3.676 .56 .56 0 0 0 .818 0A5.49 5.49 0 0 1 22 9.5c0 2.29 -1.5 4 -3 5.5l-5.492 5.313a2 2 0 0 1 -3 .019L5 15c-1.5 -1.5 -3 -3.2 -3 -5.5M3.22 13H9.5l.5 -1 2 4.5 2 -7 1.5 3.5h5.27
heart-x	social,multimedia,design,shapes	unlike,unfavorite,remove,reject,dismiss,delete,clear	M15.5 12.5l5 5M20.5 12.5l-5 5M21.955 8.774a5.5 5.5 0 0 0 -9.546 -2.95 .6 .6 0 0 1 -.818 0A5.5 5.5 0 0 0 2 9.5c0 2.3 1.5 4 3 5.5l5.508 5.332a2 2 0 0 0 2.57 .352
heater	home,devices,travel	heating,warmth,comfort,fire,stove,electric,electronics,amenities	M11 8c2 -3 -2 -3 0 -6M15.5 8c2 -3 -2 -3 0 -6M6 10h.01M6 14h.01M10 16v-4M14 16v-4M18 16v-4M20 6a2 2 0 0 1 2 2v10a2 2 0 0 1 -2 2H4a2 2 0 0 1 -2 -2V8a2 2 0 0 1 2 -2h3M5 20v2M19 20v2
helicopter	transportation,travel	transport,flying,rotor,aviation,helipad,gear,flyer,technology,helicopter,aircraft,vehicle	M11 17v4M14 3v8a2 2 0 0 0 2 2h5.865M17 17v4M18 17a4 4 0 0 0 4 -4 8 6 0 0 0 -8 -6 6 5 0 0 0 -6 5v3a2 2 0 0 0 2 2zM2 10v5M6 3h16M7 21h14M8 13H2
hexagon	shapes,development	shape,node.js,logo	M21 16V8a2 2 0 0 0 -1 -1.73l-7 -4a2 2 0 0 0 -2 0l-7 4A2 2 0 0 0 3 8v8a2 2 0 0 0 1 1.73l7 4a2 2 0 0 0 2 0l7 -4A2 2 0 0 0 21 16z
highlighter	text,design	mark,text	M9 11l-6 6v3h9l3 -3M22 12l-4.6 4.6a2 2 0 0 1 -2.8 0l-5.2 -5.2a2 2 0 0 1 0 -2.8L14 4
hop	food-beverage	beer,brewery,drink	M10.82 16.12c1.69 .6 3.91 .79 5.18 .85 .55 .03 1 -.42 .97 -.97 -.06 -1.27 -.26 -3.5 -.85 -5.18M11.5 6.5c1.64 0 5 -.38 6.71 -1.07 .52 -.2 .55 -.82 .12 -1.17A10 10 0 0 0 4.26 18.33c.35 .43 .96 .4 1.17 -.12 .69 -1.71 1.07 -5.07 1.07 -6.71 1.34 .45 3.1 .9 4.88 .62a.88 .88 0 0 0 .73 -.74c.3 -2.14 -.15 -3.5 -.61 -4.88M15.62 16.95c.2 .85 .62 2.76 .5 4.28a.77 .77 0 0 1 -.9 .7 16.64 16.64 0 0 1 -4.08 -1.36M16.13 21.05c1.65 .63 3.68 .84 4.87 .91a.9 .9 0 0 0 .96 -.96 17.68 17.68 0 0 0 -.9 -4.87M16.94 15.62c.86 .2 2.77 .62 4.29 .5a.77 .77 0 0 0 .7 -.9 16.64 16.64 0 0 0 -1.36 -4.08M17.99 5.52a20.82 20.82 0 0 1 3.15 4.5 .8 .8 0 0 1 -.68 1.13c-2.33 .2 -5.3 -.32 -8.27 -1.57M4.93 4.93L3 3a.7 .7 0 0 1 0 -1M9.58 12.18c1.24 2.98 1.77 5.95 1.57 8.28a.8 .8 0 0 1 -1.13 .68 20.82 20.82 0 0 1 -4.5 -3.15
hop-off	food-beverage	beer,brewery,drink,hop free,allergy,intolerance,diet	M10.82 16.12c1.69 .6 3.91 .79 5.18 .85 .28 .01 .53 -.09 .7 -.27M11.14 20.57c.52 .24 2.44 1.12 4.08 1.37 .46 .06 .86 -.25 .9 -.71 .12 -1.52 -.3 -3.43 -.5 -4.28M16.13 21.05c1.65 .63 3.68 .84 4.87 .91a.9 .9 0 0 0 .7 -.26M17.99 5.52a20.83 20.83 0 0 1 3.15 4.5 .8 .8 0 0 1 -.68 1.13c-1.17 .1 -2.5 .02 -3.9 -.25M20.57 11.14c.24 .52 1.12 2.44 1.37 4.08 .04 .3 -.08 .59 -.31 .75M4.93 4.93a10 10 0 0 0 -.67 13.4c.35 .43 .96 .4 1.17 -.12 .69 -1.71 1.07 -5.07 1.07 -6.71 1.34 .45 3.1 .9 4.88 .62a.85 .85 0 0 0 .48 -.24M5.52 17.99c1.05 .95 2.91 2.42 4.5 3.15a.8 .8 0 0 0 1.13 -.68c.2 -2.34 -.33 -5.3 -1.57 -8.28M8.35 2.68a10 10 0 0 1 9.98 1.58c.43 .35 .4 .96 -.12 1.17 -1.5 .6 -4.3 .98 -6.07 1.05M2 2l20 20
hospital	medical,buildings,navigation,travel	infirmary,sanatorium,healthcare,doctor,hospice,clinic,emergency room,ward,building,medical,vet	M12 7v4M14 21v-3a2 2 0 0 0 -4 0v3M14 9h-4M18 11h2a2 2 0 0 1 2 2v6a2 2 0 0 1 -2 2H4a2 2 0 0 1 -2 -2v-9a2 2 0 0 1 2 -2h2M18 21V5a2 2 0 0 0 -2 -2H8a2 2 0 0 0 -2 2v16
hotel	buildings,navigation,travel	building,hostel,motel,inn	M10 22v-6.57M12 11h.01M12 7h.01M14 15.43V22M15 16a5 5 0 0 0 -6 0M16 11h.01M16 7h.01M8 11h.01M8 7h.01M6 2h12a2 2 0 0 1 2 2v16a2 2 0 0 1 -2 2h-12a2 2 0 0 1 -2 -2v-16a2 2 0 0 1 2 -2z
hourglass	time,gaming	timer,time,sandglass	M5 22h14M5 2h14M17 22v-4.172a2 2 0 0 0 -.586 -1.414L12 12l-4.414 4.414A2 2 0 0 0 7 17.828V22M7 2v4.172a2 2 0 0 0 .586 1.414L12 12l4.414 -4.414A2 2 0 0 0 17 6.172V2
hourglass-cog	time,tools	timer,time,sandglass,duration,settings,gear,cog,edit,configuration,countdown,timeout,expiration	M14.305 19.53l.923 -.382M15.228 16.852l-.923 -.383M16.852 15.228l-.383 -.923M16.852 20.772l-.383 .924M17 2v4.172a2 2 0 0 1 -.586 1.414l-8.828 8.828A2 2 0 0 0 7 17.828V22M19.148 15.228l.383 -.923M19.53 21.696l-.382 -.924M20.772 16.852l.924 -.383M20.772 19.148l.924 .383M5 22h6.159M5 2h14M7 2v4.172a2 2 0 0 0 .586 1.414l5.188 5.188M15 18a3 3 0 1 0 6 0a3 3 0 1 0 -6 0z
house	buildings,home,navigation	home,living,building,residence,architecture	M15 21v-8a1 1 0 0 0 -1 -1h-4a1 1 0 0 0 -1 1v8M3 10a2 2 0 0 1 .709 -1.528l7 -6a2 2 0 0 1 2.582 0l7 6A2 2 0 0 1 21 10v9a2 2 0 0 1 -2 2H5a2 2 0 0 1 -2 -2z
house-cog	buildings,home	home,building,residence,settings,gear,configuration,property,automation	M10.584 21H5a2 2 0 0 1 -2 -2v-9a2 2 0 0 1 .709 -1.527l7 -6a2 2 0 0 1 2.582 0l7 6A2 2 0 0 1 21 10.001v.583M14 12H10a1 1 0 0 0 -1 1v8M14.305 19.53l.923 -.382M15.229 16.852l-.924 -.383M16.852 15.228l-.383 -.923M16.852 20.773l-.383 .924M19.148 15.228l.383 -.923M19.53 21.697l-.382 -.924M20.773 16.852l.922 -.383M20.773 19.148l.922 .383M15 18a3 3 0 1 0 6 0a3 3 0 1 0 -6 0z
house-heart	home,buildings,medical	home sweet home,abode,building,residence,healthy living,lifestyle	M8.62 13.8A2.25 2.25 0 1 1 12 10.836a2.25 2.25 0 1 1 3.38 2.966l-2.626 2.856a.998 .998 0 0 1 -1.507 0zM3 10a2 2 0 0 1 .709 -1.528l7 -6a2 2 0 0 1 2.582 0l7 6A2 2 0 0 1 21 10v9a2 2 0 0 1 -2 2H5a2 2 0 0 1 -2 -2z
house-plug	buildings,home,sustainability	home,living,building,residence,architecture,autarky,energy	M10 12V8.964M14 12V8.964M15 12a1 1 0 0 1 1 1v2a2 2 0 0 1 -2 2h-4a2 2 0 0 1 -2 -2v-2a1 1 0 0 1 1 -1zM8.5 21H5a2 2 0 0 1 -2 -2v-9a2 2 0 0 1 .709 -1.528l7 -6a2 2 0 0 1 2.582 0l7 6A2 2 0 0 1 21 10v9a2 2 0 0 1 -2 2h-5a2 2 0 0 1 -2 -2v-2
house-plus	buildings,medical	home,living,medical,new,addition,building,residence,architecture	M12.35 21H5a2 2 0 0 1 -2 -2v-9a2 2 0 0 1 .71 -1.53l7 -6a2 2 0 0 1 2.58 0l7 6A2 2 0 0 1 21 10v2.35M14.8 12.4A1 1 0 0 0 14 12h-4a1 1 0 0 0 -1 1v8M15 18h6M18 15v6
house-wifi	home,buildings,connectivity	home,living,building,wifi,connectivity	M9.5 13.866a4 4 0 0 1 5 .01M12 17h.01M3 10a2 2 0 0 1 .709 -1.528l7 -6a2 2 0 0 1 2.582 0l7 6A2 2 0 0 1 21 10v9a2 2 0 0 1 -2 2H5a2 2 0 0 1 -2 -2zM7 10.754a8 8 0 0 1 10 0
houses	buildings,home	homes,housing,estate,living,buildings,development,residences,residential,village,neighbourhood,accommodation,community,dwellings,architecture	M12.681 4.24l.834 -.715a1.45 1.45 0 0 1 1.88 0l5.09 4.364A1.45 1.45 0 0 1 21 9v6.546a1.45 1.45 0 0 1 -1 1.381M15.485 11.889A1.45 1.45 0 0 1 16 13v6.546A1.454 1.454 0 0 1 14.546 21H4.364a1.454 1.454 0 0 1 -1.454 -1.454V13a1.45 1.45 0 0 1 .515 -1.111l5.09 -4.364a1.45 1.45 0 0 1 1.88 0zM7.41 20.546v-4a1 1 0 0 1 1 -1h2a1 1 0 0 1 1 1v4
ice-cream-bowl	food-beverage	gelato,food,dessert,dish,restaurant,course,meal	M12 17c5 0 8 -2.69 8 -6H4c0 3.31 3 6 8 6m-4 4h8m-4 -3v3M5.14 11a3.5 3.5 0 1 1 6.71 0M12.14 11a3.5 3.5 0 1 1 6.71 0M15.5 6.5a3.5 3.5 0 1 0 -7 0
ice-cream-cone	food-beverage	gelato,food	M7 11l4.08 10.35a1 1 0 0 0 1.84 0L17 11M17 7A5 5 0 0 0 7 7M17 7a2 2 0 0 1 0 4H7a2 2 0 0 1 0 -4
id-card	security,account	card,badge,identity,authentication,secure	M13 19a4 4 0 0 0 -8 0M16 10h2M16 14h2M6 12a3 3 0 1 0 6 0a3 3 0 1 0 -6 0zM4 5h16a2 2 0 0 1 2 2v10a2 2 0 0 1 -2 2h-16a2 2 0 0 1 -2 -2v-10a2 2 0 0 1 2 -2z
id-card-lanyard	security,account	id-card,id-card-lanyard,identity,employee,gate-pass,badge	M13.5 8h-3M15 2l-1 2h3a2 2 0 0 1 2 2v14a2 2 0 0 1 -2 2H7a2 2 0 0 1 -2 -2V6a2 2 0 0 1 2 -2h3M16 22a4 4 0 0 0 -8 0M9 2l3 6M9 15a3 3 0 1 0 6 0a3 3 0 1 0 -6 0z
image	photography,text,multimedia,files	picture,photo	M5 3h14a2 2 0 0 1 2 2v14a2 2 0 0 1 -2 2h-14a2 2 0 0 1 -2 -2v-14a2 2 0 0 1 2 -2zM7 9a2 2 0 1 0 4 0a2 2 0 1 0 -4 0zM21 15l-3.086 -3.086a2 2 0 0 0 -2.828 0L6 21
image-down	photography,text,multimedia,files	picture,photo,download,save,export	M10.3 21H5a2 2 0 0 1 -2 -2V5a2 2 0 0 1 2 -2h14a2 2 0 0 1 2 2v10l-3.1 -3.1a2 2 0 0 0 -2.814 .014L6 21M14 19l3 3v-5.5M17 22l3 -3M7 9a2 2 0 1 0 4 0a2 2 0 1 0 -4 0z
image-minus	photography,multimedia,files	remove,delete	M21 9v10a2 2 0 0 1 -2 2H5a2 2 0 0 1 -2 -2V5a2 2 0 0 1 2 -2h7M16 5L22 5M7 9a2 2 0 1 0 4 0a2 2 0 1 0 -4 0zM21 15l-3.086 -3.086a2 2 0 0 0 -2.828 0L6 21
image-off	photography,multimedia,files	picture,photo	M2 2L22 22M10.41 10.41a2 2 0 1 1 -2.83 -2.83M13.5 13.5L6 21M18 12L21 15M3.59 3.59A1.99 1.99 0 0 0 3 5v14a2 2 0 0 0 2 2h14c.55 0 1.052 -.22 1.41 -.59M21 15V5a2 2 0 0 0 -2 -2H9
image-play	photography,text,multimedia,files	picture,gif,photo	M15 15.003a1 1 0 0 1 1.517 -.859l4.997 2.997a1 1 0 0 1 0 1.718l-4.997 2.997a1 1 0 0 1 -1.517 -.86zM21 12.17V5a2 2 0 0 0 -2 -2H5a2 2 0 0 0 -2 2v14a2 2 0 0 0 2 2h6M6 21l5 -5M7 9a2 2 0 1 0 4 0a2 2 0 1 0 -4 0z
image-plus	photography,multimedia,files	add,create,picture	M16 5h6M19 2v6M21 11.5V19a2 2 0 0 1 -2 2H5a2 2 0 0 1 -2 -2V5a2 2 0 0 1 2 -2h7.5M21 15l-3.086 -3.086a2 2 0 0 0 -2.828 0L6 21M7 9a2 2 0 1 0 4 0a2 2 0 1 0 -4 0z
image-up	photography,text,multimedia,files	picture,photo,upload,import	M10.3 21H5a2 2 0 0 1 -2 -2V5a2 2 0 0 1 2 -2h14a2 2 0 0 1 2 2v10l-3.1 -3.1a2 2 0 0 0 -2.814 .014L6 21M14 19.5l3 -3 3 3M17 22v-5.5M7 9a2 2 0 1 0 4 0a2 2 0 1 0 -4 0z
image-upscale	photography,multimedia	resize,picture,sharpen,increase	M16 3h5v5M17 21h2a2 2 0 0 0 2 -2M21 12v3M21 3l-5 5M3 7V5a2 2 0 0 1 2 -2M5 21l4.144 -4.144a1.21 1.21 0 0 1 1.712 0L13 19M9 3h3M4 11h8a1 1 0 0 1 1 1v8a1 1 0 0 1 -1 1h-8a1 1 0 0 1 -1 -1v-8a1 1 0 0 1 1 -1z
images	photography,text,multimedia,files	picture,photo,multiple,copy,gallery,album,collection,slideshow,showcase	M22 11l-1.296 -1.296a2.4 2.4 0 0 0 -3.408 0L11 16M4 8a2 2 0 0 0 -2 2v10a2 2 0 0 0 2 2h10a2 2 0 0 0 2 -2M12 7a1 1 0 1 0 2 0a1 1 0 1 0 -2 0zM10 2h10a2 2 0 0 1 2 2v10a2 2 0 0 1 -2 2h-10a2 2 0 0 1 -2 -2v-10a2 2 0 0 1 2 -2z
import	arrows,files	save	M12 3v12M8 11l4 4 4 -4M8 5H4a2 2 0 0 0 -2 2v10a2 2 0 0 0 2 2h16a2 2 0 0 0 2 -2V7a2 2 0 0 0 -2 -2h-4
inbox	account,mail	email	M22 12L16 12L14 15L10 15L8 12L2 12M5.45 5.11L2 12v6a2 2 0 0 0 2 2h16a2 2 0 0 0 2 -2v-6l-3.45 -6.89A2 2 0 0 0 16.76 4H7.24a2 2 0 0 0 -1.79 1.11z
indian-rupee	finance	currency,money,payment	M6 3h12M6 8h12M6 13l8.5 8M6 13h3M9 13c6.667 0 6.667 -10 0 -10
infinity	multimedia	unlimited,forever,loop,math	M6 16c5 0 7 -8 12 -8a4 4 0 0 1 0 8c-5 0 -7 -8 -12 -8a4 4 0 1 0 0 8
info	accessibility,notifications	about,advice,clue,details,help,hint,indicator,information,knowledge,notice,status,support,tooltip	M2 12a10 10 0 1 0 20 0a10 10 0 1 0 -20 0zM12 16v-4M12 8h.01
inspection-panel	tools	access,cover,tile,metal,materials,screws	M5 3h14a2 2 0 0 1 2 2v14a2 2 0 0 1 -2 2h-14a2 2 0 0 1 -2 -2v-14a2 2 0 0 1 2 -2zM7 7h.01M17 7h.01M7 17h.01M17 17h.01
italic	text	oblique,text,format	M19 4L10 4M14 20L5 20M15 4L9 20
iteration-ccw	arrows,design	arrow,right	M16 14l4 4 -4 4M20 10a8 8 0 1 0 -8 8h8
iteration-cw	arrows,design	arrow,left	M4 10a8 8 0 1 1 8 8H4M8 22l-4 -4 4 -4
iv-bag	medical	intravenous,therapy,infusion,medicine,medication,treatment,healthcare,hydration,vitamin,supplement,blood,donation,chemotherapy,clinic,feeding tube,administration,health,regeneration	M12 18v2a2 2 0 0 0 2 2h6M6 11c.72 .5 1.44 1 3 1 3 0 3 -2 6 -2 1.56 0 2.28 .5 3 1M9.293 3c.453 0 .887 -.18 1.207 -.5s.754 -.5 1.207 -.5h.586c.453 0 .887 .18 1.207 .5s.754 .5 1.207 .5H16a2 2 0 0 1 2 2v11a2 2 0 0 1 -2 2H8a2 2 0 0 1 -2 -2V5a2 2 0 0 1 2 -2z
japanese-yen	finance	currency,money,payment	M12 9.5V21m0 -11.5L6 3m6 6.5L18 3M6 15h12M6 11h12
joystick	gaming,devices	game,console,control stick	M21 17a2 2 0 0 0 -2 -2H5a2 2 0 0 0 -2 2v2a2 2 0 0 0 2 2h14a2 2 0 0 0 2 -2v-2ZM6 15v-2M12 15V9M9 6a3 3 0 1 0 6 0a3 3 0 1 0 -6 0z
kanban	charts,development,design	projects,manage,overview,board,tickets,issues,roadmap,plan,intentions,productivity,work,agile,code,coding	M5 3v14M12 3v8M19 3v18
kayak	transportation	kayak,boat,paddle,water,sport,recreation,adventure,outdoors,equipment,lake,ocean	M18 17a1 1 0 0 0 -1 1v1a2 2 0 1 0 2 -2zM20.97 3.61a.45 .45 0 0 0 -.58 -.58C10.2 6.6 6.6 10.2 3.03 20.39a.45 .45 0 0 0 .58 .58C13.8 17.4 17.4 13.8 20.97 3.61M6.707 6.707l10.586 10.586M7 5a2 2 0 1 0 -2 2h1a1 1 0 0 0 1 -1z
kazakh-tenge	finance	currency,money,payment,kazakhstan,currency-symbol,exchange,cash	M12 8v12M6 4h12M6 8h12
key	security,account	password,login,authentication,secure,unlock,keychain,key ring,fob	M2 21l9.6 -9.6M7.5 15.5l2.3 2.3a1 1 0 0 1 0 1.4l-2.1 2.1a1 1 0 0 1 -1.4 0L4 19M10 7.5a5.5 5.5 0 1 0 11 0a5.5 5.5 0 1 0 -11 0z
key-round	security,account	password,login,authentication,secure,unlock	M2.586 17.414A2 2 0 0 0 2 18.828V21a1 1 0 0 0 1 1h3a1 1 0 0 0 1 -1v-1a1 1 0 0 1 1 -1h1a1 1 0 0 0 1 -1v-1a1 1 0 0 1 1 -1h.172a2 2 0 0 0 1.414 -.586l.814 -.814a6.5 6.5 0 1 0 -4 -4zM16 7.5a.5 .5 0 1 0 1 0a.5 .5 0 1 0 -1 0z
key-square	security,account	password,login,authentication,secure,unlock,car key	M12.4 2.7a2.5 2.5 0 0 1 3.4 0l5.5 5.5a2.5 2.5 0 0 1 0 3.4l-3.7 3.7a2.5 2.5 0 0 1 -3.4 0L8.7 9.8a2.5 2.5 0 0 1 0 -3.4zM14 7l3 3M9.4 10.6l-6.814 6.814A2 2 0 0 0 2 18.828V21a1 1 0 0 0 1 1h3a1 1 0 0 0 1 -1v-1a1 1 0 0 1 1 -1h1a1 1 0 0 0 1 -1v-1a1 1 0 0 1 1 -1h.172a2 2 0 0 0 1.414 -.586l.814 -.814
keyboard	text,devices,development	layout,spell,settings,mouse	M10 8h.01M12 12h.01M14 8h.01M16 12h.01M18 8h.01M6 8h.01M7 16h10M8 12h.01M4 4h16a2 2 0 0 1 2 2v12a2 2 0 0 1 -2 2h-16a2 2 0 0 1 -2 -2v-12a2 2 0 0 1 2 -2z
keyboard-music	multimedia,devices	music,audio,sound,noise,notes,keys,chord,octave,midi,controller,instrument,electric,signal,digital,studio,production,producer,pianist,piano,play,performance,concert	M4 4h16a2 2 0 0 1 2 2v12a2 2 0 0 1 -2 2h-16a2 2 0 0 1 -2 -2v-12a2 2 0 0 1 2 -2zM6 8h4M14 8h.01M18 8h.01M2 12h20M6 12v4M10 12v4M14 12v4M18 12v4
keyboard-off	devices,text,development	unkeys,layout,spell,settings,mouse	M20 4A2 2 0 0 1 22 6M22 6L22 16.41M7 16L16 16M9.69 4L20 4M14 8h.01M18 8h.01M2 2l20 20M20 20H4a2 2 0 0 1 -2 -2V6a2 2 0 0 1 2 -2M6 8h.01M8 12h.01
lambda	development,math,science,text	greek,symbol,math,function,programming,serverless,anonymous,functional,cloud,wavelength,calculus,linear algebra	M11.38 10L5 20M19 18a2 2 0 0 1 -2 2c-4.87 -.003 -5.052 -16 -10 -16a2 2 0 0 0 -2 2
lamp	home	lighting,household,home,furniture	M12 12v6M4.077 10.615A1 1 0 0 0 5 12h14a1 1 0 0 0 .923 -1.385l-3.077 -7.384A2 2 0 0 0 15 2H9a2 2 0 0 0 -1.846 1.23ZM8 20a2 2 0 0 1 2 -2h4a2 2 0 0 1 2 2v1a1 1 0 0 1 -1 1H9a1 1 0 0 1 -1 -1z
lamp-ceiling	home	lighting,household,home,furniture	M12 2v5M14.829 15.998a3 3 0 1 1 -5.658 0M20.92 14.606A1 1 0 0 1 20 16H4a1 1 0 0 1 -.92 -1.394l3 -7A1 1 0 0 1 7 7h10a1 1 0 0 1 .92 .606z
lamp-desk	home	lighting,household,office,desk,home,furniture	M10.293 2.293a1 1 0 0 1 1.414 0l2.5 2.5 5.994 1.227a1 1 0 0 1 .506 1.687l-7 7a1 1 0 0 1 -1.687 -.506l-1.227 -5.994 -2.5 -2.5a1 1 0 0 1 0 -1.414zM14.207 4.793l-3.414 3.414M3 20a2 2 0 0 1 2 -2h4a2 2 0 0 1 2 2v1a1 1 0 0 1 -1 1H4a1 1 0 0 1 -1 -1zM9.086 6.5l-4.793 4.793a1 1 0 0 0 -.18 1.17L7 18
lamp-floor	home	lighting,household,floor,home,furniture	M12 10v12M17.929 7.629A1 1 0 0 1 17 9H7a1 1 0 0 1 -.928 -1.371l2 -5A1 1 0 0 1 9 2h6a1 1 0 0 1 .928 .629zM9 22h6
lamp-wall-down	home	lighting,household,wall,home,furniture	M19.929 18.629A1 1 0 0 1 19 20H9a1 1 0 0 1 -.928 -1.371l2 -5A1 1 0 0 1 11 13h6a1 1 0 0 1 .928 .629zM6 3a2 2 0 0 1 2 2v2a2 2 0 0 1 -2 2H5a1 1 0 0 1 -1 -1V4a1 1 0 0 1 1 -1zM8 6h4a2 2 0 0 1 2 2v5
lamp-wall-up	home	lighting,household,wall,home,furniture	M19.929 9.629A1 1 0 0 1 19 11H9a1 1 0 0 1 -.928 -1.371l2 -5A1 1 0 0 1 11 4h6a1 1 0 0 1 .928 .629zM6 15a2 2 0 0 1 2 2v2a2 2 0 0 1 -2 2H5a1 1 0 0 1 -1 -1v-4a1 1 0 0 1 1 -1zM8 18h4a2 2 0 0 0 2 -2v-5
land-plot	design,tools,math,sports,gaming	area,surface,square metres,allotment,parcel,property,plane,acres,measure,distance,isometric,flag,golf course,hole	M12 8l6 -3 -6 -3v10M8 11.99l-5.5 3.14a1 1 0 0 0 0 1.74l8.5 4.86a2 2 0 0 0 2 0l8.5 -4.86a1 1 0 0 0 0 -1.74L16 12M6.49 12.85l11.02 6.3M17.51 12.85L6.5 19.15
landmark	finance,navigation,buildings	bank,building,capitol,finance,money,museum,art gallery,hall,institute,pediment,portico,doric,columns,pillars,classical,architecture,government,institution,monument,site,history,historic,library,temple,ancient,structure	M10 18v-7M11.119 2.205a2 2 0 0 1 1.762 0l7.84 3.846A.5 .5 0 0 1 20.5 7h-17a.5 .5 0 0 1 -.22 -.949zM14 18v-7M18 18v-7M3 22h18M6 18v-7
languages	text	translate	M5 8l6 6M4 14l6 -6 2 -3M2 5h12M7 2h1M22 22l-5 -10 -5 10M14 18h6
laptop	devices	computer,screen,remote	M18 5a2 2 0 0 1 2 2v8.526a2 2 0 0 0 .212 .897l1.068 2.127a1 1 0 0 1 -.9 1.45H3.62a1 1 0 0 1 -.9 -1.45l1.068 -2.127A2 2 0 0 0 4 15.526V7a2 2 0 0 1 2 -2zM20.054 15.987H3.946
laptop-minimal	devices	computer,screen,remote	M5 4h14a2 2 0 0 1 2 2v8a2 2 0 0 1 -2 2h-14a2 2 0 0 1 -2 -2v-8a2 2 0 0 1 2 -2zM2 20L22 20
laptop-minimal-check	devices,notifications	computer,screen,remote,success,done,todo,tick,complete,task	M2 20h20M9 10l2 2 4 -4M5 4h14a2 2 0 0 1 2 2v8a2 2 0 0 1 -2 2h-14a2 2 0 0 1 -2 -2v-8a2 2 0 0 1 2 -2z
lasso	design,cursors	select,cursor	M3.704 14.467a10 8 0 1 1 3.115 2.375M7 22a5 5 0 0 1 -2 -3.994M3 16a2 2 0 1 0 4 0a2 2 0 1 0 -4 0z
lasso-select	arrows,design,cursors	select,cursor	M7 22a5 5 0 0 1 -2 -4M7 16.93c.96 .43 1.96 .74 2.99 .91M3.34 14A6.8 6.8 0 0 1 2 10c0 -4.42 4.48 -8 10 -8s10 3.58 10 8a7.19 7.19 0 0 1 -.33 2M5 18a2 2 0 1 0 0 -4 2 2 0 0 0 0 4zM14.33 22h-.09a.35 .35 0 0 1 -.24 -.32v-10a.34 .34 0 0 1 .33 -.34c.08 0 .15 .03 .21 .08l7.34 6a.33 .33 0 0 1 -.21 .59h-4.49l-2.57 3.85a.35 .35 0 0 1 -.28 .14z
layer-arrow-down	design,layout	move back,backward,lower,demote,step back,behind,reorder,arrange,layer,layers,stack,stacking,z-index,depth,graphics,design	M12 10v10M22 10a1 1 0 0 1 -.59 .92l-5.077 2.308M22.017 10.005a1 1 0 0 0 -.597 -.916l-8.59 -3.91a2 2 0 0 0 -1.66 .001L2.6 9.08a1 1 0 0 0 -.02 1.831l5.093 2.316M9 17l3 3 3 -3
layer-arrow-up	design,layout	move forward,forward,raise,lift,promote,advance,step forward,reorder,arrange,stack,stacking,z-index,depth,graphics,design	M12 14V4M7.674 10.774L2.58 13.09a1 1 0 0 0 0 1.822l8.6 3.91a2 2 0 0 0 1.65 0l8.58 -3.9a1 1 0 0 0 .59 -.92 1 1 0 0 0 -.59 -.922l-5.078 -2.308M9 7l3 -3 3 3
layers	design,layout	stack,pile,pages,sheets,paperwork,copies,copy	M12.83 2.18a2 2 0 0 0 -1.66 0L2.6 6.08a1 1 0 0 0 0 1.83l8.58 3.91a2 2 0 0 0 1.66 0l8.58 -3.9a1 1 0 0 0 0 -1.83zM2 12a1 1 0 0 0 .58 .91l8.6 3.91a2 2 0 0 0 1.65 0l8.58 -3.9A1 1 0 0 0 22 12M2 17a1 1 0 0 0 .58 .91l8.6 3.91a2 2 0 0 0 1.65 0l8.58 -3.9A1 1 0 0 0 22 17
layers-2	design,layout	stack,pile,pages,sheets,paperwork,copies,copy,duplicate,double,shortcuts	M13 13.74a2 2 0 0 1 -2 0L2.5 8.87a1 1 0 0 1 0 -1.74L11 2.26a2 2 0 0 1 2 0l8.5 4.87a1 1 0 0 1 0 1.74zM20 14.285l1.5 .845a1 1 0 0 1 0 1.74L13 21.74a2 2 0 0 1 -2 0l-8.5 -4.87a1 1 0 0 1 0 -1.74l1.5 -.845
layers-arrow-down	design,layout	send to back,send backward,back,background,bottom,bottommost,lower,demote,behind,reorder,arrange,stack,stacking,z-index,depth,graphics,design	M12 7v15M2 12a1 1 0 0 0 .58 .91l5.093 2.316M22 12a1 1 0 0 1 -.59 .92l-5.077 2.308M8 10.37L2.6 7.91a1 1 0 0 1 0 -1.831l8.57 -3.9a2 2 0 0 1 1.66 .001l8.59 3.91a1 1 0 0 1 0 1.831l-5.392 2.45M9 19l3 3 3 -3
layers-arrow-up	design,layout,arrows	bring to front,bring forward,front,foreground,top,topmost,raise,lift,promote,reorder,arrange,stack,stacking,z-index,depth,graphics,design	M12 12V2M2 17.002a1 1 0 0 0 .58 .91l8.6 3.91a2 2 0 0 0 1.65 0l8.58 -3.9a1 1 0 0 0 .59 -.92M7.674 8.774L2.58 11.09a1 1 0 0 0 0 1.822l8.6 3.91a2 2 0 0 0 1.65 0l8.58 -3.9a1 1 0 0 0 .59 -.92 1 1 0 0 0 -.59 -.922l-5.078 -2.308M9 5l3 -3 3 3
layers-minus	design,layout	stack,pile,pages,sheets,paperwork,copies,copy,layers,remove,delete	M12.83 2.18a2 2 0 0 0 -1.66 0L2.6 6.08a1 1 0 0 0 0 1.83l8.58 3.91a2 2 0 0 0 .83 .18 2 2 0 0 0 .83 -.18l8.58 -3.9a1 1 0 0 0 0 -1.832zM16 17h6M2.003 11.995a1 1 0 0 0 .597 .915l8.58 3.91a2 2 0 0 0 .83 .18M2.003 16.995a1 1 0 0 0 .597 .915l8.58 3.91a2 2 0 0 0 .83 .18 2 2 0 0 0 .83 -.18l2.11 -.96M22.018 12.004a1 1 0 0 1 -.598 .916l-.177 .08
layers-plus	design,layout	stack,layers,add,new,increase,create,positive,copy,upgrade	M12.83 2.18a2 2 0 0 0 -1.66 0L2.6 6.08a1 1 0 0 0 0 1.83l8.58 3.91a2 2 0 0 0 .83 .18 2 2 0 0 0 .83 -.18l8.58 -3.9a1 1 0 0 0 0 -1.831zM16 17h6M19 14v6M2 12a1 1 0 0 0 .58 .91l8.6 3.91a2 2 0 0 0 .825 .178M2 17a1 1 0 0 0 .58 .91l8.6 3.91a2 2 0 0 0 1.65 0l2.116 -.962
layout-arrow-down	design,layout	layout,direction,flex,flexbox,flex-direction,column,auto layout,vertical,arrange,order,flow,stack	M4 3h5a1 1 0 0 1 1 1v5a1 1 0 0 1 -1 1h-5a1 1 0 0 1 -1 -1v-5a1 1 0 0 1 1 -1zM4 14h5a1 1 0 0 1 1 1v5a1 1 0 0 1 -1 1h-5a1 1 0 0 1 -1 -1v-5a1 1 0 0 1 1 -1zM18 3v18M21 18l-3 3 -3 -3
layout-arrow-right	design,layout	layout,direction,flex,flexbox,flex-direction,row,auto layout,horizontal,arrange,order,flow,stack	M4 3h5a1 1 0 0 1 1 1v5a1 1 0 0 1 -1 1h-5a1 1 0 0 1 -1 -1v-5a1 1 0 0 1 1 -1zM15 3h5a1 1 0 0 1 1 1v5a1 1 0 0 1 -1 1h-5a1 1 0 0 1 -1 -1v-5a1 1 0 0 1 1 -1zM3 18h18M18 21l3 -3 -3 -3
layout-dashboard	design,layout	masonry,brick	M4 3h5a1 1 0 0 1 1 1v7a1 1 0 0 1 -1 1h-5a1 1 0 0 1 -1 -1v-7a1 1 0 0 1 1 -1zM15 3h5a1 1 0 0 1 1 1v3a1 1 0 0 1 -1 1h-5a1 1 0 0 1 -1 -1v-3a1 1 0 0 1 1 -1zM15 12h5a1 1 0 0 1 1 1v7a1 1 0 0 1 -1 1h-5a1 1 0 0 1 -1 -1v-7a1 1 0 0 1 1 -1zM4 16h5a1 1 0 0 1 1 1v3a1 1 0 0 1 -1 1h-5a1 1 0 0 1 -1 -1v-3a1 1 0 0 1 1 -1z
layout-freeform	design,layout	layout,freeform,free,absolute,position,auto layout,unaligned,scattered,arrange,blocks,canvas,frame	M4 3h5a1 1 0 0 1 1 1v5a1 1 0 0 1 -1 1h-5a1 1 0 0 1 -1 -1v-5a1 1 0 0 1 1 -1zM15 4h5a1 1 0 0 1 1 1v5a1 1 0 0 1 -1 1h-5a1 1 0 0 1 -1 -1v-5a1 1 0 0 1 1 -1zM5 14h5a1 1 0 0 1 1 1v5a1 1 0 0 1 -1 1h-5a1 1 0 0 1 -1 -1v-5a1 1 0 0 1 1 -1z
layout-grid	design,layout	app,home,start	M4 3h5a1 1 0 0 1 1 1v5a1 1 0 0 1 -1 1h-5a1 1 0 0 1 -1 -1v-5a1 1 0 0 1 1 -1zM15 3h5a1 1 0 0 1 1 1v5a1 1 0 0 1 -1 1h-5a1 1 0 0 1 -1 -1v-5a1 1 0 0 1 1 -1zM15 14h5a1 1 0 0 1 1 1v5a1 1 0 0 1 -1 1h-5a1 1 0 0 1 -1 -1v-5a1 1 0 0 1 1 -1zM4 14h5a1 1 0 0 1 1 1v5a1 1 0 0 1 -1 1h-5a1 1 0 0 1 -1 -1v-5a1 1 0 0 1 1 -1z
layout-grid-circles	design,layout	app,home,start,dot matrix,dots,menu,dashboard,collection,overview,tiles,grid,matrix,launcher,apps,widgets,ui,circles,shortcuts	M14 17.5a3.5 3.5 0 1 0 7 0a3.5 3.5 0 1 0 -7 0zM14 6.5a3.5 3.5 0 1 0 7 0a3.5 3.5 0 1 0 -7 0zM3 17.5a3.5 3.5 0 1 0 7 0a3.5 3.5 0 1 0 -7 0zM3 6.5a3.5 3.5 0 1 0 7 0a3.5 3.5 0 1 0 -7 0z
layout-list	design,layout,photography,text	todo,tasks,items,pending,image,photo	M4 3h5a1 1 0 0 1 1 1v5a1 1 0 0 1 -1 1h-5a1 1 0 0 1 -1 -1v-5a1 1 0 0 1 1 -1zM4 14h5a1 1 0 0 1 1 1v5a1 1 0 0 1 -1 1h-5a1 1 0 0 1 -1 -1v-5a1 1 0 0 1 1 -1zM14 4h7M14 9h7M14 15h7M14 20h7
layout-panel-left	design,layout	app,home,start,grid	M4 3h5a1 1 0 0 1 1 1v16a1 1 0 0 1 -1 1h-5a1 1 0 0 1 -1 -1v-16a1 1 0 0 1 1 -1zM15 3h5a1 1 0 0 1 1 1v5a1 1 0 0 1 -1 1h-5a1 1 0 0 1 -1 -1v-5a1 1 0 0 1 1 -1zM15 14h5a1 1 0 0 1 1 1v5a1 1 0 0 1 -1 1h-5a1 1 0 0 1 -1 -1v-5a1 1 0 0 1 1 -1z
layout-panel-top	layout	window,webpage,block,section,grid,template,structure	M4 3h16a1 1 0 0 1 1 1v5a1 1 0 0 1 -1 1h-16a1 1 0 0 1 -1 -1v-5a1 1 0 0 1 1 -1zM4 14h5a1 1 0 0 1 1 1v5a1 1 0 0 1 -1 1h-5a1 1 0 0 1 -1 -1v-5a1 1 0 0 1 1 -1zM15 14h5a1 1 0 0 1 1 1v5a1 1 0 0 1 -1 1h-5a1 1 0 0 1 -1 -1v-5a1 1 0 0 1 1 -1z
layout-template	layout	window,webpage,block,section	M4 3h16a1 1 0 0 1 1 1v5a1 1 0 0 1 -1 1h-16a1 1 0 0 1 -1 -1v-5a1 1 0 0 1 1 -1zM4 14h7a1 1 0 0 1 1 1v5a1 1 0 0 1 -1 1h-7a1 1 0 0 1 -1 -1v-5a1 1 0 0 1 1 -1zM17 14h3a1 1 0 0 1 1 1v5a1 1 0 0 1 -1 1h-3a1 1 0 0 1 -1 -1v-5a1 1 0 0 1 1 -1z
leaf	nature,sustainability,seasons	sustainability,nature,energy,plant,autumn	M11 20a10 10 0 0 0 10 -10 25.9 25.9 0 0 0 -1.04 -7.281 1 1 0 0 0 -1.755 -.325C15.833 5.5 13 5.5 9.8 6.1A7 7 0 0 0 11 20M2 21a5 5 0 0 1 2.911 -4.544C7.613 15.212 8.351 15.24 11 13
leafy-green	food-beverage,emoji,sustainability	salad,lettuce,vegetable,chard,cabbage,bok choy	M2 22c1.25 -.987 2.27 -1.975 3.9 -2.2a5.56 5.56 0 0 1 3.8 1.5 4 4 0 0 0 6.187 -2.353 3.5 3.5 0 0 0 3.69 -5.116A3.5 3.5 0 0 0 20.95 8 3.5 3.5 0 1 0 16 3.05a3.5 3.5 0 0 0 -5.831 1.373 3.5 3.5 0 0 0 -5.116 3.69 4 4 0 0 0 -2.348 6.155C3.499 15.42 4.409 16.712 4.2 18.1 3.926 19.743 3.014 20.732 2 22M2 22L17 7
lectern	communication,multimedia	pulpit,podium,stand	M15 13h4a2 2 0 0 0 1.901 -1.38l1.057 -4.333A1 1 0 0 0 21 6H3a1 1 0 0 0 -.958 1.287L3.1 11.621A2 2 0 0 0 5.001 13h4M15 22V11a1 1 0 0 0 -1 -1h-4a1 1 0 0 0 -1 1v11M18 22H6M18 6V3a1 1 0 0 0 -1 -1h-3
lens-concave	science,tools,shapes	concave,lens,optics,light,magnification,curved,focus,refraction,science,physics,eyeglass,telescope,microscope	M7 2a1 1 0 0 0 -.8 1.6 14 14 0 0 1 0 16.8A1 1 0 0 0 7 22h10a1 1 0 0 0 .8 -1.6 14 14 0 0 1 0 -16.8A1 1 0 0 0 17 2z
lens-convex	science,tools,shapes	convex,lens,optics,magnification,focus,light,refraction,physics,eyeglass,telescope,microscope,curved,science	M13.433 2a1 1 0 0 1 .824 .448 18 18 0 0 1 0 19.104 1 1 0 0 1 -.824 .448h-2.866a1 1 0 0 1 -.824 -.448 18 18 0 0 1 0 -19.104A1 1 0 0 1 10.567 2z
letters	text	abc,alphabet,alphabetical,text,characters,language,typography,literacy,spelling	M15 8H9M21 15.354a4 4 0 1 0 0 5.292M3 18h4a2 2 0 0 1 0 4H3.5a.5 .5 0 0 1 -.5 -.5v-7a.5 .5 0 0 1 .5 -.5H6a2 2 0 0 1 0 4M8 10l3.453 -7.648a.6 .6 0 0 1 1.094 0L16 10
library	text,photography,multimedia,navigation,development	books,reading,written,authors,stories,fiction,novels,information,knowledge,education,high school,university,college,academy,learning,study,research,collection,vinyl,records,albums,music,package	M16 6l4 14M12 6v14M8 8v12M4 4v16
library-big	text,photography,multimedia,navigation,development	books,reading,written,authors,stories,fiction,novels,information,knowledge,education,high school,university,college,academy,learning,study,research,collection,vinyl,records,albums,music,package	M4 3h6a1 1 0 0 1 1 1v16a1 1 0 0 1 -1 1h-6a1 1 0 0 1 -1 -1v-16a1 1 0 0 1 1 -1zM7 3v18M20.4 18.9c.2 .5 -.1 1.1 -.6 1.3l-1.9 .7c-.5 .2 -1.1 -.1 -1.3 -.6L11.1 5.1c-.2 -.5 .1 -1.1 .6 -1.3l1.9 -.7c.5 -.2 1.1 .1 1.3 .6Z
life-buoy	accessibility,medical	preserver,life belt,lifesaver,help,rescue,ship,ring,raft,inflatable,wheel,donut	M2 12a10 10 0 1 0 20 0a10 10 0 1 0 -20 0zM4.93 4.93l4.24 4.24M14.83 9.17l4.24 -4.24M14.83 14.83l4.24 4.24M9.17 14.83l-4.24 4.24M8 12a4 4 0 1 0 8 0a4 4 0 1 0 -8 0z
ligature	text	text,font,typography,alternates,alternatives	M14 12h2v8M14 20h4M6 12h4M6 20h4M8 20V8a4 4 0 0 1 7.464 -2
lightbulb	photography	idea,bright,lights	M15 14c.2 -1 .7 -1.7 1.5 -2.5 1 -.9 1.5 -2.2 1.5 -3.5A6 6 0 0 0 6 8c0 1 .2 2.2 1.5 3.5 .7 .7 1.3 1.5 1.5 2.5M9 18h6M10 22h4
lightbulb-off	photography	lights	M16.8 11.2c.8 -.9 1.2 -2 1.2 -3.2a6 6 0 0 0 -9.3 -5M2 2l20 20M6.3 6.3a4.67 4.67 0 0 0 1.2 5.2c.7 .7 1.3 1.5 1.5 2.5M9 18h6M10 22h4
lighthouse	buildings,navigation,travel	lighthouse,beacon,coast,navigation,tower,sea,ocean,maritime,guide,safety,light,shine,port,marine,faro,signal,nautical,harbor,shore,lightbeam,wayfinding,guidance,onboarding,help,landmark	M12 3V2M16.066 16.865L7 22l2 -11V6a3 3 0 0 1 6 0v5l2 11M19.792 4.5l.866 -.5M19.797 13.5l.866 .5M21 9h1M3 9H2M4.203 13.5l-.866 .5M4.208 4.5L3.342 4M5.5 22h13M7.932 16.875l7.377 -4.178M8 11h8M8 7h8
line-dot-bottom-vertical	development,navigation	code,version,control,station,waypoint,start,first	M12 3v12M9 18a3 3 0 1 0 6 0a3 3 0 1 0 -6 0z
line-dot-left-horizontal	development,navigation	line,dot,left,horizontal,shape,symbol,navigation,arrow,pointer,code,version control,waypoint,stop,start,first,station	M9 12h12M3 12a3 3 0 1 0 6 0a3 3 0 1 0 -6 0z
line-dot-right-horizontal	development,navigation	code,version control,waypoint,stop,station,last,end	M3 12L15 12M15 12a3 3 0 1 0 6 0a3 3 0 1 0 -6 0z
line-dot-top-vertical	development,navigation	arrow,pointer,direction,indicator,code,version,control,waypoint,stop,station,last,end	M12 9v12M9 6a3 3 0 1 0 6 0a3 3 0 1 0 -6 0z
line-squiggle	shapes,math,design	line,snakes,annotate,curve,doodle,stroke,pen,tool,gesture,draw,wave,art,road	M7 3.5c5 -2 7 2.5 3 4C1.5 10 2 15 5 16c5 2 9 -10 14 -7s.5 13.5 -4 12c-5 -2.5 .5 -11 6 -2
line-style	design,tools	line,stroke,style,dashed,border	M11 5h2M15 12h6M19 5h2M3 12h6M3 19h18M3 5h2
link	text,account	chain,url	M10 13a5 5 0 0 0 7.54 .54l3 -3a5 5 0 0 0 -7.07 -7.07l-1.72 1.71M14 11a5 5 0 0 0 -7.54 -.54l-3 3a5 5 0 0 0 7.07 7.07l1.71 -1.71
link-2	text,account	chain,url	M9 17H7A5 5 0 0 1 7 7h2M15 7h2a5 5 0 1 1 0 10h-2M8 12L16 12
link-2-off	text	unchain,chain	M9 17H7A5 5 0 0 1 7 7M15 7h2a5 5 0 0 1 4 8M8 12L12 12M2 2L22 22
list	text	options	M3 5h.01M3 12h.01M3 19h.01M8 5h13M8 12h13M8 19h13
list-check	text	done,check,tick,complete,list,to-do,bom	M16 5H3M16 12H3M11 19H3M15 18l2 2 4 -4
list-checks	text	todo,done,check,tick,complete,tasks,items,pending	M13 5h8M13 12h8M13 19h8M3 17l2 2 4 -4M3 7l2 2 4 -4
list-chevrons-down-up	text,arrows	options,items,collapse,expand,details,disclosure,show,hide,toggle,accordion,more,less,fold,unfold,vertical	M3 5h8M3 12h8M3 19h8M15 5l3 3 3 -3M15 19l3 -3 3 3
list-chevrons-up-down	text,arrows	options,items,collapse,expand,details,disclosure,show,hide,toggle,accordion,more,less,fold,unfold,vertical	M3 5h8M3 12h8M3 19h8M15 8l3 -3 3 3M15 16l3 3 3 -3
list-clock	text,time,notifications	history,log,clock,time,recent,updated,revision,activity,timestamp,audit,list	M16 13v2.2l1.6 1M3 12h3.458M3 19h3.832M3 5h18M10 15a6 6 0 1 0 12 0a6 6 0 1 0 -12 0z
list-collapse	text	items,collapse,expand,details,disclosure,show,hide,toggle,accordion,more,less,fold,unfold	M10 5h11M10 12h11M10 19h11M3 10l3 -3 -3 -3M3 20l3 -3 -3 -3
list-end	multimedia,text	queue,bottom,end,playlist	M16 5H3M16 12H3M9 19H3M16 16l-3 3 3 3M21 5v12a2 2 0 0 1 -2 2h-6
list-filter	text	options	M2 5h20M6 12h12M9 19h6
list-filter-plus	text,layout	filter,plus,options,add	M12 5H2M6 12h12M9 19h6M16 5h6M19 8V2
list-indent-decrease	text,development	text,tab	M21 5H11M21 12H11M21 19H11M7 8l-4 4 4 4
list-indent-increase	text,development	text,tab	M21 5H11M21 12H11M21 19H11M3 8l4 4 -4 4
list-minus	multimedia,text	playlist,remove,song,subtract,delete,unqueue	M16 5H3M11 12H3M16 19H3M21 12h-6
list-music	multimedia	playlist,queue,music,audio,playback	M16 5H3M11 12H3M11 19H3M21 16V5M15 16a3 3 0 1 0 6 0a3 3 0 1 0 -6 0z
list-ordered	text	number,order,queue	M11 5h10M11 12h10M11 19h10M4 4h1v5M4 9h2M6.5 20H3.4c0 -1 2.6 -1.925 2.6 -3.5a1.5 1.5 0 0 0 -2.6 -1.02
list-plus	multimedia,text	playlist,add,song,track,new	M16 5H3M11 12H3M16 19H3M18 9v6M21 12h-6
list-restart	multimedia,text	reset,refresh,reload,playlist,replay	M21 5H3M7 12H3M7 19H3M12 18a5 5 0 0 0 9 -3 4.5 4.5 0 0 0 -4.5 -4.5c-1.33 0 -2.54 .54 -3.41 1.41L11 14M11 10v4h4
list-sort-ascending	text,layout	list,order,arrangement,organization,sequence,ranking,categories,presentation,filter,sort,ascending,descending,increasing,decreasing,rising,falling	M3 19h18M15 12H3M9 5H3
list-sort-descending	text,layout	list,order,arrangement,organization,sequence,ranking,categories,presentation,filter,sort,ascending,descending,increasing,decreasing,rising,falling	M15 12H3M3 5h18M9 19H3
list-start	multimedia,text	queue,top,start,next,playlist	M3 5h6M3 12h13M3 19h13M16 8l-3 -3 3 -3M21 19V7a2 2 0 0 0 -2 -2h-6
list-todo	text	todo,done,check,tick,complete,tasks,items,pending	M13 5h8M13 12h8M13 19h8M3 17l2 2 4 -4M4 4h4a1 1 0 0 1 1 1v4a1 1 0 0 1 -1 1h-4a1 1 0 0 1 -1 -1v-4a1 1 0 0 1 1 -1z
list-tree	files,text,layout	tree,browser	M8 5h13M13 12h8M13 19h8M3 10a2 2 0 0 0 2 2h3M3 5v12a2 2 0 0 0 2 2h3
list-video	multimedia	playlist,video,playback	M21 5H3M10 12H3M10 19H3M15 12.003a1 1 0 0 1 1.517 -.859l4.997 2.997a1 1 0 0 1 0 1.718l-4.997 2.997a1 1 0 0 1 -1.517 -.86z
list-x	multimedia,text	playlist,subtract,remove,delete,unqueue	M16 5H3M11 12H3M16 19H3M15.5 9.5l5 5M20.5 9.5l-5 5
loader	cursors,multimedia,layout,design	loading,wait,busy,progress,spinner,spinning,throbber	M12 2v4M16.2 7.8l2.9 -2.9M18 12h4M16.2 16.2l2.9 2.9M12 18v4M4.9 19.1l2.9 -2.9M2 12h4M4.9 4.9l2.9 2.9
loader-circle	cursors,multimedia,layout	loading,wait,busy,progress,spinner,spinning,throbber,circle	M21 12a9 9 0 1 1 -6.219 -8.56
loader-pinwheel	cursors,design	loading,wait,busy,progress,throbber,spinner,spinning,beach ball,frozen,freeze	M22 12a1 1 0 0 1 -10 0 1 1 0 0 0 -10 0M7 20.7a1 1 0 1 1 5 -8.7 1 1 0 1 0 5 -8.6M7 3.3a1 1 0 1 1 5 8.6 1 1 0 1 0 5 8.6M2 12a10 10 0 1 0 20 0a10 10 0 1 0 -20 0z
locate	navigation	map,gps,location,cross	M2 12L5 12M19 12L22 12M12 2L12 5M12 19L12 22M5 12a7 7 0 1 0 14 0a7 7 0 1 0 -14 0z
locate-fixed	navigation	map,gps,location,cross	M2 12L5 12M19 12L22 12M12 2L12 5M12 19L12 22M5 12a7 7 0 1 0 14 0a7 7 0 1 0 -14 0zM9 12a3 3 0 1 0 6 0a3 3 0 1 0 -6 0z
locate-off	navigation	map,gps,location,cross	M12 19v3M12 2v3M18.89 13.24a7 7 0 0 0 -8.13 -8.13M19 12h3M2 12h3M2 2l20 20M7.05 7.05a7 7 0 0 0 9.9 9.9
lock	security	security,password,secure,admin	M5 11h14a2 2 0 0 1 2 2v7a2 2 0 0 1 -2 2h-14a2 2 0 0 1 -2 -2v-7a2 2 0 0 1 2 -2zM7 11V7a5 5 0 0 1 10 0v4
lock-keyhole	security	security,password,secure,admin	M11 16a1 1 0 1 0 2 0a1 1 0 1 0 -2 0zM5 10h14a2 2 0 0 1 2 2v8a2 2 0 0 1 -2 2h-14a2 2 0 0 1 -2 -2v-8a2 2 0 0 1 2 -2zM7 10V7a5 5 0 0 1 10 0v3
lock-keyhole-open	security	security	M11 16a1 1 0 1 0 2 0a1 1 0 1 0 -2 0zM5 10h14a2 2 0 0 1 2 2v8a2 2 0 0 1 -2 2h-14a2 2 0 0 1 -2 -2v-8a2 2 0 0 1 2 -2zM7 10V7a5 5 0 0 1 9.33 -2.5
lock-open	security	security	M5 11h14a2 2 0 0 1 2 2v7a2 2 0 0 1 -2 2h-14a2 2 0 0 1 -2 -2v-7a2 2 0 0 1 2 -2zM7 11V7a5 5 0 0 1 9.9 -1
log-in	arrows,account	sign in,arrow,enter,auth	M10 17l5 -5 -5 -5M15 12H3M15 3h4a2 2 0 0 1 2 2v14a2 2 0 0 1 -2 2h-4
log-out	arrows,account	sign out,arrow,exit,auth	M16 17l5 -5 -5 -5M21 12H9M9 21H5a2 2 0 0 1 -2 -2V5a2 2 0 0 1 2 -2h4
logs	text	options,list,menu,order,queue,tasks,logs	M3 5h1M3 12h1M3 19h1M8 5h1M8 12h1M8 19h1M13 5h8M13 12h8M13 19h8
lollipop	food-beverage	lolly,candy,sugar,food,sweet,dessert,spiral	M3 11a8 8 0 1 0 16 0a8 8 0 1 0 -16 0zM21 21l-4.3 -4.3M11 11a2 2 0 0 0 4 0 4 4 0 0 0 -8 0 6 6 0 0 0 12 0
luggage	travel,transportation	baggage,luggage,travel,suitcase	M6 20a2 2 0 0 1 -2 -2V8a2 2 0 0 1 2 -2h12a2 2 0 0 1 2 2v10a2 2 0 0 1 -2 2M8 18V4a2 2 0 0 1 2 -2h4a2 2 0 0 1 2 2v14M10 20h4M14 20a2 2 0 1 0 4 0a2 2 0 1 0 -4 0zM6 20a2 2 0 1 0 4 0a2 2 0 1 0 -4 0z
magnet	design	horseshoe,lock,science,snap	M12 15l4 4M2.352 10.648a1.205 1.205 0 0 0 0 1.704l2.296 2.296a1.205 1.205 0 0 0 1.704 0l6.029 -6.029a1 1 0 1 1 3 3l-6.029 6.029a1.205 1.205 0 0 0 0 1.704l2.296 2.296a1.205 1.205 0 0 0 1.704 0l6.365 -6.367A1 1 0 0 0 8.716 4.282zM5 8l4 4
mail	text,account,mail	email,message,letter,unread	M22 7l-8.991 5.727a2 2 0 0 1 -2.009 0L2 7M4 4h16a2 2 0 0 1 2 2v12a2 2 0 0 1 -2 2h-16a2 2 0 0 1 -2 -2v-12a2 2 0 0 1 2 -2z
mail-badge	mail,communication,security	email,message,letter,certified,registered,seal,stamp,verified,envelope,rosette,signed,official,delivery	M22 7.7V6a2 2 0 0 0 -2 -2H4a2 2 0 0 0 -2 2v12a2 2 0 0 0 2 2h8.25M12 12.996a1.94 1.94 0 0 1 -1.03 -.296L2 7M20.69 16.479l1.29 4.88a.5 .5 0 0 1 -.698 .591l-1.843 -.849a1 1 0 0 0 -.879 .001l-1.846 .85a.5 .5 0 0 1 -.692 -.593l1.29 -4.88M16 14a3 3 0 1 0 6 0a3 3 0 1 0 -6 0z
mail-check	mail	email,message,letter,subscribe,delivered,success,read,done,todo,tick,complete,task	M22 13V6a2 2 0 0 0 -2 -2H4a2 2 0 0 0 -2 2v12c0 1.1 .9 2 2 2h8M22 7l-8.97 5.7a1.94 1.94 0 0 1 -2.06 0L2 7M16 19l2 2 4 -4
mail-clock	text,account,mail,time,notifications,communication	email,message,letter,unread,scheduled,delayed,sendlater,delivery,reminder,pending,outgoing,timer	M16 14v2.2l1.6 1M22 7l-.759 .484M6.835 20H4a2 2 0 0 1 -2 -2V6a2 2 0 0 1 2 -2h16a2 2 0 0 1 2 2v2M7.605 10.567L2 7M10 16a6 6 0 1 0 12 0a6 6 0 1 0 -12 0z
mail-minus	mail	email,message,letter,remove,delete	M22 15V6a2 2 0 0 0 -2 -2H4a2 2 0 0 0 -2 2v12c0 1.1 .9 2 2 2h8M22 7l-8.97 5.7a1.94 1.94 0 0 1 -2.06 0L2 7M16 19h6
mail-open	mail	email,message,letter,read	M21.2 8.4c.5 .38 .8 .97 .8 1.6v10a2 2 0 0 1 -2 2H4a2 2 0 0 1 -2 -2V10a2 2 0 0 1 .8 -1.6l8 -6a2 2 0 0 1 2.4 0l8 6ZM22 10l-8.97 5.7a1.94 1.94 0 0 1 -2.06 0L2 10
mail-pen	mail	email,message,letter,pen,edit,compose,draft,write,writing,create,reply	M15.363 17.634a2 2 0 0 0 -.506 .854l-.837 2.87a.5 .5 0 0 0 .62 .62l2.87 -.837a2 2 0 0 0 .854 -.506l3.013 -3.009a1 1 0 1 0 -3.004 -3.004zM22 10.38V6a2 2 0 0 0 -2 -2H4a2 2 0 0 0 -2 2v12a2 2 0 0 0 2 2h6.25M22 7l-8.991 5.727a2 2 0 0 1 -2.009 0L2 7
mail-plus	mail	email,message,letter,add,create,new,compose	M22 13V6a2 2 0 0 0 -2 -2H4a2 2 0 0 0 -2 2v12c0 1.1 .9 2 2 2h8M22 7l-8.97 5.7a1.94 1.94 0 0 1 -2.06 0L2 7M19 16v6M16 19h6
mail-question-mark	mail	email,message,letter,delivery,undelivered	M22 10.5V6a2 2 0 0 0 -2 -2H4a2 2 0 0 0 -2 2v12c0 1.1 .9 2 2 2h12.5M22 7l-8.97 5.7a1.94 1.94 0 0 1 -2.06 0L2 7M18 15.28c.2 -.4 .5 -.8 .9 -1a2.1 2.1 0 0 1 2.6 .4c.3 .4 .5 .8 .5 1.3 0 1.3 -2 2 -2 2M20 22v.01
mail-search	mail	email,message,letter,search,lens	M22 12.5V6a2 2 0 0 0 -2 -2H4a2 2 0 0 0 -2 2v12c0 1.1 .9 2 2 2h7.5M22 7l-8.97 5.7a1.94 1.94 0 0 1 -2.06 0L2 7M18 21a3 3 0 1 0 0 -6 3 3 0 0 0 0 6ZM15 18a3 3 0 1 0 6 0a3 3 0 1 0 -6 0zM22 22l-1.5 -1.5
mail-warning	mail	email,message,letter,delivery error,exclamation mark	M22 10.5V6a2 2 0 0 0 -2 -2H4a2 2 0 0 0 -2 2v12c0 1.1 .9 2 2 2h12.5M22 7l-8.97 5.7a1.94 1.94 0 0 1 -2.06 0L2 7M20 14v4M20 22v.01
mail-x	mail	email,message,letter,remove,delete	M22 12.532V6a2 2 0 0 0 -2 -2H4a2 2 0 0 0 -2 2v12a2 2 0 0 0 2 2h8.792M22 7l-8.991 5.727a2 2 0 0 1 -2.009 0L2 7M16.5 16.5l5 5M21.5 16.5l-5 5
mailbox	mail	emails,messages,letters,mailing list,newsletter	M22 17a2 2 0 0 1 -2 2H4a2 2 0 0 1 -2 -2V9.5C2 7 4 5 6.5 5H18c2.2 0 4 1.8 4 4v8ZM15 9L18 9L18 11M6.5 5C9 5 11 7 11 9.5V17a2 2 0 0 1 -2 2M6 10L7 10
mails	mail	emails,messages,letters,multiple,mailing list,newsletter,copy	M17 19a2 2 0 0 1 -2 2H4a2 2 0 0 1 -2 -2v-8a2 2 0 0 1 1 -1.732M22 5.5l-6.419 4.179a2 2 0 0 1 -2.162 0L7 5.5M9 3h11a2 2 0 0 1 2 2v8a2 2 0 0 1 -2 2h-11a2 2 0 0 1 -2 -2v-8a2 2 0 0 1 2 -2z
map	text,navigation	location,navigation,travel	M14.106 5.553a2 2 0 0 0 1.788 0l3.659 -1.83A1 1 0 0 1 21 4.619v12.764a1 1 0 0 1 -.553 .894l-4.553 2.277a2 2 0 0 1 -1.788 0l-4.212 -2.106a2 2 0 0 0 -1.788 0l-3.659 1.83A1 1 0 0 1 3 19.381V6.618a1 1 0 0 1 .553 -.894l4.553 -2.277a2 2 0 0 1 1.788 0zM15 5.764v15M9 3.236v15
map-minus	navigation,travel	location,navigation,travel,drop,delete,remove,erase	M11 19l-1.106 -.552a2 2 0 0 0 -1.788 0l-3.659 1.83A1 1 0 0 1 3 19.381V6.618a1 1 0 0 1 .553 -.894l4.553 -2.277a2 2 0 0 1 1.788 0l4.212 2.106a2 2 0 0 0 1.788 0l3.659 -1.83A1 1 0 0 1 21 4.619V14M15 5.764V14M21 18h-6M9 3.236v15
map-pin	navigation,travel,account	location,waypoint,marker,drop	M20 10c0 4.993 -5.539 10.193 -7.399 11.799a1 1 0 0 1 -1.202 0C9.539 20.193 4 14.993 4 10a8 8 0 0 1 16 0M9 10a3 3 0 1 0 6 0a3 3 0 1 0 -6 0z
map-pin-check	navigation,travel,account	location,waypoint,marker,drop,done,tick,complete,task,added	M19.43 12.935c.357 -.967 .57 -1.955 .57 -2.935a8 8 0 0 0 -16 0c0 4.993 5.539 10.193 7.399 11.799a1 1 0 0 0 1.202 0 32.197 32.197 0 0 0 .813 -.728M9 10a3 3 0 1 0 6 0a3 3 0 1 0 -6 0zM16 18l2 2 4 -4
map-pin-check-inside	navigation,travel,account	location,waypoint,marker,drop,done,tick,complete,task,added	M20 10c0 4.993 -5.539 10.193 -7.399 11.799a1 1 0 0 1 -1.202 0C9.539 20.193 4 14.993 4 10a8 8 0 0 1 16 0M9 10l2 2 4 -4
map-pin-house	navigation,travel,account	location,waypoint,marker,drop,home,living,building,residence,architecture,address,poi,real estate,property,navigation,destination,geolocation,place,landmark	M15 22a1 1 0 0 1 -1 -1v-4a1 1 0 0 1 .445 -.832l3 -2a1 1 0 0 1 1.11 0l3 2A1 1 0 0 1 22 17v4a1 1 0 0 1 -1 1zM18 10a8 8 0 0 0 -16 0c0 4.993 5.539 10.193 7.399 11.799a1 1 0 0 0 .601 .2M18 22v-3M7 10a3 3 0 1 0 6 0a3 3 0 1 0 -6 0z
map-pin-minus	navigation,travel,account	location,waypoint,marker,drop,delete,remove,erase	M18.977 14C19.6 12.701 20 11.343 20 10a8 8 0 0 0 -16 0c0 4.993 5.539 10.193 7.399 11.799a1 1 0 0 0 1.202 0 32 32 0 0 0 .824 -.738M9 10a3 3 0 1 0 6 0a3 3 0 1 0 -6 0zM16 18h6
map-pin-minus-inside	navigation,travel,account	location,waypoint,marker,drop,delete,remove,erase	M20 10c0 4.993 -5.539 10.193 -7.399 11.799a1 1 0 0 1 -1.202 0C9.539 20.193 4 14.993 4 10a8 8 0 0 1 16 0M9 10h6
map-pin-off	navigation,travel	location,waypoint,marker,remove	M12.75 7.09a3 3 0 0 1 2.16 2.16M17.072 17.072c-1.634 2.17 -3.527 3.912 -4.471 4.727a1 1 0 0 1 -1.202 0C9.539 20.193 4 14.993 4 10a8 8 0 0 1 1.432 -4.568M2 2l20 20M8.475 2.818A8 8 0 0 1 20 10c0 1.183 -.31 2.377 -.81 3.533M9.13 9.13a3 3 0 0 0 3.74 3.74
map-pin-pen	navigation,travel,account	location,waypoint,marker,drop,edit	M17.97 9.304A8 8 0 0 0 2 10c0 4.69 4.887 9.562 7.022 11.468M21.378 16.626a1 1 0 0 0 -3.004 -3.004l-4.01 4.012a2 2 0 0 0 -.506 .854l-.837 2.87a.5 .5 0 0 0 .62 .62l2.87 -.837a2 2 0 0 0 .854 -.506zM7 10a3 3 0 1 0 6 0a3 3 0 1 0 -6 0z
map-pin-plus	navigation,travel,account	location,waypoint,marker,drop,add,create,new	M19.914 11.105A7.298 7.298 0 0 0 20 10a8 8 0 0 0 -16 0c0 4.993 5.539 10.193 7.399 11.799a1 1 0 0 0 1.202 0 32 32 0 0 0 .824 -.738M9 10a3 3 0 1 0 6 0a3 3 0 1 0 -6 0zM16 18h6M19 15v6
map-pin-plus-inside	navigation,travel,account	location,waypoint,marker,drop,add,create,new	M20 10c0 4.993 -5.539 10.193 -7.399 11.799a1 1 0 0 1 -1.202 0C9.539 20.193 4 14.993 4 10a8 8 0 0 1 16 0M12 7v6M9 10h6
map-pin-search	text,navigation,travel,account	location,navigation,travel,waypoint,marker,drop	M12.248 21.969a1 1 0 0 1 -.849 -.17C9.539 20.193 4 14.993 4 10a8 8 0 0 1 16 0C20 10.42 19.961 10.841 19.888 11.262M22 22l-1.88 -1.88M9 10a3 3 0 1 0 6 0a3 3 0 1 0 -6 0zM15 18a3 3 0 1 0 6 0a3 3 0 1 0 -6 0z
map-pin-x	navigation,travel,account	location,waypoint,marker,drop,delete,remove,erase	M19.752 11.901A7.78 7.78 0 0 0 20 10a8 8 0 0 0 -16 0c0 4.993 5.539 10.193 7.399 11.799a1 1 0 0 0 1.202 0 19 19 0 0 0 .09 -.077M9 10a3 3 0 1 0 6 0a3 3 0 1 0 -6 0zM21.5 15.5l-5 5M21.5 20.5l-5 -5
map-pin-x-inside	navigation,travel,account	location,waypoint,marker,drop,delete,remove,erase	M20 10c0 4.993 -5.539 10.193 -7.399 11.799a1 1 0 0 1 -1.202 0C9.539 20.193 4 14.993 4 10a8 8 0 0 1 16 0M14.5 7.5l-5 5M9.5 7.5l5 5
map-pinned	navigation,travel,account	location,waypoint,marker,drop	M18 8c0 3.613 -3.869 7.429 -5.393 8.795a1 1 0 0 1 -1.214 0C9.87 15.429 6 11.613 6 8a6 6 0 0 1 12 0M4.474 15h-.197a1 1 0 0 0 -.969 .753l-1.097 4.35a1.5 1.5 0 0 0 1.444 1.898L20.344 22a1.5 1.5 0 0 0 1.446 -1.897l-1.098 -4.35a1 1 0 0 0 -.969 -.753h-.197M10 8a2 2 0 1 0 4 0a2 2 0 1 0 -4 0z
map-plus	navigation	location,navigation,travel,new,add,create	M11 19l-1.106 -.552a2 2 0 0 0 -1.788 0l-3.659 1.83A1 1 0 0 1 3 19.381V6.618a1 1 0 0 1 .553 -.894l4.553 -2.277a2 2 0 0 1 1.788 0l4.212 2.106a2 2 0 0 0 1.788 0l3.659 -1.83A1 1 0 0 1 21 4.619V12M15 5.764V12M18 15v6M21 18h-6M9 3.236v15
mars	medical	gender,sex,male,masculine,man,boy	M16 3h5v5M21 3l-6.75 6.75M4 14a6 6 0 1 0 12 0a6 6 0 1 0 -12 0z
mars-stroke	medical	gender,androgyne,transgender	M14 6l4 4M17 3h4v4M21 3l-7.75 7.75M3 15a6 6 0 1 0 12 0a6 6 0 1 0 -12 0z
martini	food-beverage	cocktail,alcohol,beverage,bar,drink,glass,spirit,party,celebration,mixer	M12 12L4.207 4.207A.707 .707 0 0 1 4.707 3h14.586a.707 .707 0 0 1 .5 1.207zM12 12v10M7 22h10
maximize	layout,design	fullscreen,expand,dashed	M8 3H5a2 2 0 0 0 -2 2v3M21 8V5a2 2 0 0 0 -2 -2h-3M3 16v3a2 2 0 0 0 2 2h3M16 21h3a2 2 0 0 0 2 -2v-3
maximize-2	arrows,layout,design	fullscreen,arrows,expand	M15 3h6v6M21 3l-7 7M3 21l7 -7M9 21H3v-6
medal	sports,gaming	prize,sports,winner,trophy,award,achievement	M7.21 15L2.66 7.14a2 2 0 0 1 .13 -2.2L4.4 2.8A2 2 0 0 1 6 2h12a2 2 0 0 1 1.6 .8l1.6 2.14a2 2 0 0 1 .14 2.2L16.79 15M11 12L5.12 2.2M13 12l5.88 -9.8M8 7h8M7 17a5 5 0 1 0 10 0a5 5 0 1 0 -10 0zM12 18v-2h-.5
megaphone	multimedia,notifications	advertisement,announcement,attention,alert,loudspeaker,megaphone,notification	M11 6a13 13 0 0 0 8.4 -2.8A1 1 0 0 1 21 4v12a1 1 0 0 1 -1.6 .8A13 13 0 0 0 11 14H5a2 2 0 0 1 -2 -2V8a2 2 0 0 1 2 -2zM6 14a12 12 0 0 0 2.4 7.2 2 2 0 0 0 3.2 -2.4A8 8 0 0 1 10 14M8 6v8
megaphone-off	multimedia,notifications	advertisement,announcement,attention,alert,loudspeaker,megaphone,notification,disable,silent	M11.636 6A13 13 0 0 0 19.4 3.2 1 1 0 0 1 21 4v11.344M14.378 14.357A13 13 0 0 0 11 14H5a2 2 0 0 1 -2 -2V8a2 2 0 0 1 2 -2h1M2 2l20 20M6 14a12 12 0 0 0 2.4 7.2 2 2 0 0 0 3.2 -2.4A8 8 0 0 1 10 14M8 8v6
memory-stick	devices,gaming	ram,random access,technology,computer,chip,circuit,specs,capacity,gigabytes,gb	M12 12v-2M12 18v-2M16 12v-2M16 18v-2M2 11h1.5M20 18v-2M20.5 11H22M4 18v-2M8 12v-2M8 18v-2M4 6h16a2 2 0 0 1 2 2v6a2 2 0 0 1 -2 2h-16a2 2 0 0 1 -2 -2v-6a2 2 0 0 1 2 -2z
menu	layout,account	bars,navigation,hamburger,options	M4 5h16M4 12h16M4 19h16
merge	development,arrows	combine,join,unite	M8 6l4 -4 4 4M12 2v10.3a4 4 0 0 1 -1.172 2.872L4 22M20 22l-5 -5
message-circle	social	comment,chat,conversation,dialog,feedback,speech bubble	M2.992 16.342a2 2 0 0 1 .094 1.167l-1.065 3.29a1 1 0 0 0 1.236 1.168l3.413 -.998a2 2 0 0 1 1.099 .092 10 10 0 1 0 -4.777 -4.719
message-circle-check	social,account	comment,chat,conversation,dialog,feedback,speech bubble,moderate,check,done,todo,complete	M2.992 16.342a2 2 0 0 1 .094 1.167l-1.065 3.29a1 1 0 0 0 1.236 1.168l3.413 -.998a2 2 0 0 1 1.099 .092 10 10 0 1 0 -4.777 -4.719M16 9l-5.5 5.5L8 12
message-circle-code	development,social	comment,chat,conversation,dialog,feedback,speech bubble,code review,coding	M10 9l-3 3 3 3M14 15l3 -3 -3 -3M2.992 16.342a2 2 0 0 1 .094 1.167l-1.065 3.29a1 1 0 0 0 1.236 1.168l3.413 -.998a2 2 0 0 1 1.099 .092 10 10 0 1 0 -4.777 -4.719
message-circle-dashed	social	comment,chat,conversation,dialog,feedback,speech bubble,draft	M10.1 2.182a10 10 0 0 1 3.8 0M13.9 21.818a10 10 0 0 1 -3.8 0M17.609 3.72a10 10 0 0 1 2.69 2.7M2.182 13.9a10 10 0 0 1 0 -3.8M20.28 17.61a10 10 0 0 1 -2.7 2.69M21.818 10.1a10 10 0 0 1 0 3.8M3.721 6.391a10 10 0 0 1 2.7 -2.69M6.163 21.117l-2.906 .85a1 1 0 0 1 -1.236 -1.169l.965 -2.98
message-circle-dashed-check	social,account	comment,chat,conversation,dialog,feedback,speech bubble,draft,pending,provisional,verification,confirmation,success,status,check,approval,moderate,resolved,done,complete	M10.1 2.182a10 10 0 0 1 3.8 0M13.9 21.818a10 10 0 0 1 -3.8 0M17.609 3.72a10 10 0 0 1 2.69 2.7M2.182 13.9a10 10 0 0 1 0 -3.8M20.28 17.61a10 10 0 0 1 -2.7 2.69M21.818 10.1a10 10 0 0 1 0 3.8M3.721 6.391a10 10 0 0 1 2.7 -2.69M6.163 21.117l-2.906 .85a1 1 0 0 1 -1.236 -1.169l.965 -2.98M16 9l-5.5 5.5L8 12
message-circle-heart	social	comment,chat,conversation,dialog,feedback,positive,like,love,interest,valentine,dating,date,speech bubble	M2.992 16.342a2 2 0 0 1 .094 1.167l-1.065 3.29a1 1 0 0 0 1.236 1.168l3.413 -.998a2 2 0 0 1 1.099 .092 10 10 0 1 0 -4.777 -4.719M7.828 13.07A3 3 0 0 1 12 8.764a3 3 0 0 1 5.004 2.224 3 3 0 0 1 -.832 2.083l-3.447 3.62a1 1 0 0 1 -1.45 -.001z
message-circle-more	social	comment,chat,conversation,dialog,feedback,speech bubble,typing,writing,responding,ellipsis,etc,et cetera,...,…	M2.992 16.342a2 2 0 0 1 .094 1.167l-1.065 3.29a1 1 0 0 0 1.236 1.168l3.413 -.998a2 2 0 0 1 1.099 .092 10 10 0 1 0 -4.777 -4.719M8 12h.01M12 12h.01M16 12h.01
message-circle-off	social	comment,chat,conversation,dialog,feedback,speech bubble,clear,close,delete,remove,cancel,silence,mute,moderate	M2 2l20 20M4.93 4.929a10 10 0 0 0 -1.938 11.412 2 2 0 0 1 .094 1.167l-1.065 3.29a1 1 0 0 0 1.236 1.168l3.413 -.998a2 2 0 0 1 1.099 .092 10 10 0 0 0 11.302 -1.989M8.35 2.69A10 10 0 0 1 21.3 15.65
message-circle-plus	social	comment,chat,conversation,dialog,feedback,speech bubble,add	M2.992 16.342a2 2 0 0 1 .094 1.167l-1.065 3.29a1 1 0 0 0 1.236 1.168l3.413 -.998a2 2 0 0 1 1.099 .092 10 10 0 1 0 -4.777 -4.719M8 12h8M12 8v8
message-circle-question-mark	social	comment,chat,conversation,dialog,feedback,speech bubble,help	M2.992 16.342a2 2 0 0 1 .094 1.167l-1.065 3.29a1 1 0 0 0 1.236 1.168l3.413 -.998a2 2 0 0 1 1.099 .092 10 10 0 1 0 -4.777 -4.719M9.09 9a3 3 0 0 1 5.83 1c0 2 -3 3 -3 3M12 17h.01
message-circle-reply	social	comment,chat,conversation,dialog,feedback,speech bubble,reply,response	M2.992 16.342a2 2 0 0 1 .094 1.167l-1.065 3.29a1 1 0 0 0 1.236 1.168l3.413 -.998a2 2 0 0 1 1.099 .092 10 10 0 1 0 -4.777 -4.719M10 15l-3 -3 3 -3M7 12h8a2 2 0 0 1 2 2v1
message-circle-warning	social,notifications	comment,chat,conversation,dialog,feedback,speech bubble,report,abuse,offense,alert,danger,caution,protected,exclamation mark	M2.992 16.342a2 2 0 0 1 .094 1.167l-1.065 3.29a1 1 0 0 0 1.236 1.168l3.413 -.998a2 2 0 0 1 1.099 .092 10 10 0 1 0 -4.777 -4.719M12 8v4M12 16h.01
message-circle-x	account,social	comment,chat,conversation,dialog,feedback,speech bubble,clear,close,delete,remove,cancel,silence,mute,moderate	M2.992 16.342a2 2 0 0 1 .094 1.167l-1.065 3.29a1 1 0 0 0 1.236 1.168l3.413 -.998a2 2 0 0 1 1.099 .092 10 10 0 1 0 -4.777 -4.719M15 9l-6 6M9 9l6 6
message-square	social	comment,chat,conversation,dialog,feedback,speech bubble	M22 17a2 2 0 0 1 -2 2H6.828a2 2 0 0 0 -1.414 .586l-2.202 2.202A.71 .71 0 0 1 2 21.286V5a2 2 0 0 1 2 -2h16a2 2 0 0 1 2 2z
message-square-check	social,account	comment,chat,conversation,dialog,feedback,speech bubble,moderate,check,done,todo,complete	M22 17a2 2 0 0 1 -2 2H6.828a2 2 0 0 0 -1.414 .586l-2.202 2.202A.7 .7 0 0 1 2 21.286V5a2 2 0 0 1 2 -2h16a2 2 0 0 1 2 2zM9 11l2 2 4 -4
message-square-code	development,social	comment,chat,conversation,dialog,feedback,speech bubble,code review,coding	M22 17a2 2 0 0 1 -2 2H6.828a2 2 0 0 0 -1.414 .586l-2.202 2.202A.71 .71 0 0 1 2 21.286V5a2 2 0 0 1 2 -2h16a2 2 0 0 1 2 2zM10 8l-3 3 3 3M14 14l3 -3 -3 -3
message-square-dashed	social	comment,chat,conversation,dialog,feedback,speech bubble,draft	M14 3h2M16 19h-2M2 12v-2M2 16v5.286a.71 .71 0 0 0 1.212 .502l1.149 -1.149M20 19a2 2 0 0 0 2 -2v-1M22 10v2M22 6V5a2 2 0 0 0 -2 -2M4 3a2 2 0 0 0 -2 2v1M8 19h2M8 3h2
message-square-diff	development,files,social	comment,chat,conversation,dialog,feedback,speech bubble,add,patch,difference,plus,minus,plus-minus,math,code review,coding,version control,git	M22 17a2 2 0 0 1 -2 2H6.828a2 2 0 0 0 -1.414 .586l-2.202 2.202A.71 .71 0 0 1 2 21.286V5a2 2 0 0 1 2 -2h16a2 2 0 0 1 2 2zM10 15h4M10 9h4M12 7v4
message-square-dot	social,notifications	unread,unresolved,comment,chat,conversation,dialog,feedback,speech bubble	M12.7 3H4a2 2 0 0 0 -2 2v16.286a.71 .71 0 0 0 1.212 .502l2.202 -2.202A2 2 0 0 1 6.828 19H20a2 2 0 0 0 2 -2v-4.7M16 6a3 3 0 1 0 6 0a3 3 0 1 0 -6 0z
message-square-heart	social	comment,chat,conversation,dialog,feedback,positive,like,love,interest,valentine,dating,date,speech bubble	M22 17a2 2 0 0 1 -2 2H6.828a2 2 0 0 0 -1.414 .586l-2.202 2.202A.71 .71 0 0 1 2 21.286V5a2 2 0 0 1 2 -2h16a2 2 0 0 1 2 2zM7.5 9.5c0 .687 .265 1.383 .697 1.844l3.009 3.264a1.14 1.14 0 0 0 .407 .314 1 1 0 0 0 .783 -.004 1.14 1.14 0 0 0 .398 -.31l3.008 -3.264A2.77 2.77 0 0 0 16.5 9.5 2.5 2.5 0 0 0 12 8a2.5 2.5 0 0 0 -4.5 1.5
message-square-lock	social	comment,chat,conversation,dialog,feedback,speech bubble,secure,encrypted	M22 8.5V5a2 2 0 0 0 -2 -2H4a2 2 0 0 0 -2 2v16.286a.71 .71 0 0 0 1.212 .502l2.202 -2.202A2 2 0 0 1 6.828 19H10M20 15v-2a2 2 0 0 0 -4 0v2M15 15h6a1 1 0 0 1 1 1v3a1 1 0 0 1 -1 1h-6a1 1 0 0 1 -1 -1v-3a1 1 0 0 1 1 -1z
message-square-more	social	comment,chat,conversation,dialog,feedback,speech bubble,typing,writing,responding,ellipsis,etc,et cetera,...,…	M22 17a2 2 0 0 1 -2 2H6.828a2 2 0 0 0 -1.414 .586l-2.202 2.202A.71 .71 0 0 1 2 21.286V5a2 2 0 0 1 2 -2h16a2 2 0 0 1 2 2zM12 11h.01M16 11h.01M8 11h.01
message-square-off	social	comment,chat,conversation,dialog,feedback,speech bubble,clear,close,delete,remove,cancel,silence,mute,moderate	M19 19H6.828a2 2 0 0 0 -1.414 .586l-2.202 2.202A.7 .7 0 0 1 2 21.286V5a2 2 0 0 1 1.184 -1.826M2 2l20 20M8.656 3H20a2 2 0 0 1 2 2v11.344
message-square-plus	social	comment,chat,conversation,dialog,feedback,speech bubble,add	M22 17a2 2 0 0 1 -2 2H6.828a2 2 0 0 0 -1.414 .586l-2.202 2.202A.71 .71 0 0 1 2 21.286V5a2 2 0 0 1 2 -2h16a2 2 0 0 1 2 2zM12 8v6M9 11h6
message-square-quote	social,text	comment,chat,conversation,dialog,feedback,speech bubble,blockquote,quotation,indent,reply,response	M14 14a2 2 0 0 0 2 -2V8h-2M22 17a2 2 0 0 1 -2 2H6.828a2 2 0 0 0 -1.414 .586l-2.202 2.202A.71 .71 0 0 1 2 21.286V5a2 2 0 0 1 2 -2h16a2 2 0 0 1 2 2zM8 14a2 2 0 0 0 2 -2V8H8
message-square-reply	social	comment,chat,conversation,dialog,feedback,speech bubble,reply,response	M22 17a2 2 0 0 1 -2 2H6.828a2 2 0 0 0 -1.414 .586l-2.202 2.202A.71 .71 0 0 1 2 21.286V5a2 2 0 0 1 2 -2h16a2 2 0 0 1 2 2zM10 8l-3 3 3 3M17 14v-1a2 2 0 0 0 -2 -2H7
message-square-share	social	comment,chat,conversation,dialog,feedback,speech bubble,network,forward	M12 3H4a2 2 0 0 0 -2 2v16.286a.71 .71 0 0 0 1.212 .502l2.202 -2.202A2 2 0 0 1 6.828 19H20a2 2 0 0 0 2 -2v-4M16 3h6v6M16 9l6 -6
message-square-text	social	comment,chat,conversation,dialog,feedback,speech bubble	M22 17a2 2 0 0 1 -2 2H6.828a2 2 0 0 0 -1.414 .586l-2.202 2.202A.71 .71 0 0 1 2 21.286V5a2 2 0 0 1 2 -2h16a2 2 0 0 1 2 2zM7 11h10M7 15h6M7 7h8
message-square-warning	social,notifications	comment,chat,conversation,dialog,feedback,speech bubble,report,abuse,offense,alert,danger,caution,protected,exclamation mark	M22 17a2 2 0 0 1 -2 2H6.828a2 2 0 0 0 -1.414 .586l-2.202 2.202A.71 .71 0 0 1 2 21.286V5a2 2 0 0 1 2 -2h16a2 2 0 0 1 2 2zM12 15h.01M12 7v4
message-square-x	social	comment,chat,conversation,dialog,feedback,speech bubble,clear,close,delete,remove,cancel,silence,mute,moderate	M22 17a2 2 0 0 1 -2 2H6.828a2 2 0 0 0 -1.414 .586l-2.202 2.202A.71 .71 0 0 1 2 21.286V5a2 2 0 0 1 2 -2h16a2 2 0 0 1 2 2zM14.5 8.5l-5 5M9.5 8.5l5 5
messages-circle	social,communication,notifications	comment,chat,conversation,dialog,feedback,speech bubbles,copy,multiple,discussion,interview,debate,group,groupchat,threads,unread,bubble,messaging	M19.95 10.05a7 7 0 0 1 1.412 7.872 1 1 0 0 0 -.058 .787l.675 2.089a1 1 0 0 1 -1.236 1.168l-2.155 -.631a1 1 0 0 0 -.745 .06 7 7 0 0 1 -7.793 -1.445M2.696 12.708a1 1 0 0 0 -.058 -.785 7 7 0 1 1 3.518 3.473 1 1 0 0 0 -.744 -.061l-2.155 .63a1 1 0 0 1 -1.236 -1.167z
messages-square	social	comment,chat,conversation,dialog,feedback,speech bubbles,copy,multiple,discussion,interview,debate	M16 10a2 2 0 0 1 -2 2H6.828a2 2 0 0 0 -1.414 .586l-2.202 2.202A.71 .71 0 0 1 2 14.286V4a2 2 0 0 1 2 -2h10a2 2 0 0 1 2 2zM20 9a2 2 0 0 1 2 2v10.286a.71 .71 0 0 1 -1.212 .502l-2.202 -2.202A2 2 0 0 0 17.172 19H10a2 2 0 0 1 -2 -2v-1
metronome	multimedia,time	metronome,tempo,rhythm,beat,bpm,music,audio,sound,practice,timing,timer,time,pulse,sync,cadence,control,playback,studio,tool	M12 11.4V9.1M12 17l6.59 -6.59M15.05 5.7l-.218 -.691a3 3 0 0 0 -5.663 0L4.418 19.695A1 1 0 0 0 5.37 21h13.253a1 1 0 0 0 .951 -1.31L18.45 16.2M18 9a2 2 0 1 0 4 0a2 2 0 1 0 -4 0z
mic	devices,communication,connectivity,multimedia	record,sound,listen,radio,podcast,microphone	M12 19v3M19 10v2a7 7 0 0 1 -14 0v-2M12 2h0a3 3 0 0 1 3 3v7a3 3 0 0 1 -3 3h0a3 3 0 0 1 -3 -3v-7a3 3 0 0 1 3 -3z
mic-audio-lines	devices,communication,multimedia	podcast,audio,waveform,sound waves,microphone,talk,voice,speech,stream,recording,transcription,dictation,voice assistant,noise cancellation,sound processing	M10 3v2.341M12 17v4M14 5v.341M18 5v13M2 10v3M22 10v3M6 6v11M9 21h6M12 9h0a2 2 0 0 1 2 2v4a2 2 0 0 1 -2 2h0a2 2 0 0 1 -2 -2v-4a2 2 0 0 1 2 -2z
mic-off	devices,communication,connectivity,multimedia	record,sound,mute,microphone	M12 19v3M15 9.34V5a3 3 0 0 0 -5.68 -1.33M16.95 16.95A7 7 0 0 1 5 12v-2M18.89 13.23A7 7 0 0 0 19 12v-2M2 2l20 20M9 9v3a3 3 0 0 0 5.12 2.12
mic-signal	devices,communication,connectivity,multimedia	podcast,audio,broadcast,signal,wireless,radio,airwaves,microphone,talk,voice,speech,stream,live,voice chat,push to talk,transmission	M12 17v4M18 11a6 6 0 0 0 -3 -5.197M2 11a10 10 0 0 1 5 -8.662M22 11a10 10 0 0 0 -5 -8.662M6 11a6 6 0 0 1 3 -5.197M9 21h6M12 9h0a2 2 0 0 1 2 2v4a2 2 0 0 1 -2 2h0a2 2 0 0 1 -2 -2v-4a2 2 0 0 1 2 -2z
mic-vocal	devices,multimedia	lyrics,voice,listen,sound,music,radio,podcast,karaoke,singing,microphone	M11 7.601l-5.994 8.19a1 1 0 0 0 .1 1.298l.817 .818a1 1 0 0 0 1.314 .087L15.09 12M16.5 21.174C15.5 20.5 14.372 20 13 20c-2.058 0 -3.928 2.356 -6 2 -2.072 -.356 -2.775 -3.369 -1.5 -4.5M11 7a5 5 0 1 0 10 0a5 5 0 1 0 -10 0z
microchip	devices	processor,cores,technology,computer,chip,integrated circuit,memory,ram,specs,gpu,gigahertz,ghz	M10 12h4M10 17h4M10 7h4M18 12h2M18 18h2M18 6h2M4 12h2M4 18h2M4 6h2M8 2h8a2 2 0 0 1 2 2v16a2 2 0 0 1 -2 2h-8a2 2 0 0 1 -2 -2v-16a2 2 0 0 1 2 -2z
microscope	science,medical	medical,education,science,imaging,research	M6 18h8M3 22h18M14 22a7 7 0 1 0 0 -14h-1M9 14h2M9 12a2 2 0 0 1 -2 -2V6h6v4a2 2 0 0 1 -2 2ZM12 6V3a1 1 0 0 0 -1 -1H9a1 1 0 0 0 -1 1v3
microwave	food-beverage,home	oven,cooker,toaster oven,bake	M4 4h16a2 2 0 0 1 2 2v11a2 2 0 0 1 -2 2h-16a2 2 0 0 1 -2 -2v-11a2 2 0 0 1 2 -2zM7 8h6a1 1 0 0 1 1 1v5a1 1 0 0 1 -1 1h-6a1 1 0 0 1 -1 -1v-5a1 1 0 0 1 1 -1zM18 8v7M6 19v2M18 19v2
midi-port	multimedia,connectivity,devices	musical instrument digital interface,port,connector,socket,jack,din,5-pin,audio,music,synthesizer,keyboard,controller,interface,input,output,io	M12 18h.01M15 2.458V5a1 1 0 0 1 -1 1h-4a1 1 0 0 1 -1 -1V2.458M16 16h.01M18 12h.01M6 12h.01M8 16h.01M2 12a10 10 0 1 0 20 0a10 10 0 1 0 -20 0z
milestone	arrows,navigation,development,gaming	signpost,direction,right,east,forward,version control,waypoint	M12 13v8M12 3v3M18.172 6a2 2 0 0 1 1.414 .586l2.06 2.06a1.207 1.207 0 0 1 0 1.708l-2.06 2.06a2 2 0 0 1 -1.414 .586H4a1 1 0 0 1 -1 -1V7a1 1 0 0 1 1 -1z
milk	food-beverage	lactose,bottle,beverage,drink,water,diet	M8 2h8M9 2v2.789a4 4 0 0 1 -.672 2.219l-.656 .984A4 4 0 0 0 7 10.212V20a2 2 0 0 0 2 2h6a2 2 0 0 0 2 -2v-9.789a4 4 0 0 0 -.672 -2.219l-.656 -.984A4 4 0 0 1 15 4.788V2M7 15a6.472 6.472 0 0 1 5 0 6.47 6.47 0 0 0 5 0
milk-off	food-beverage	lactose free,bottle,beverage,drink,water,allergy,intolerance,diet	M8 2h8M9 2v1.343M15 2v2.789a4 4 0 0 0 .672 2.219l.656 .984a4 4 0 0 1 .672 2.22v1.131M7.8 7.8l-.128 .192A4 4 0 0 0 7 10.212V20a2 2 0 0 0 2 2h6a2 2 0 0 0 2 -2v-3M7 15a6.47 6.47 0 0 1 5 0 6.472 6.472 0 0 0 3.435 .435M2 2L22 22
minimize	layout,design	exit fullscreen,close,shrink	M8 3v3a2 2 0 0 1 -2 2H3M21 8h-3a2 2 0 0 1 -2 -2V3M3 16h3a2 2 0 0 1 2 2v3M16 21v-3a2 2 0 0 1 2 -2h3
minimize-2	arrows,layout,design	exit fullscreen,arrows,close,shrink	M14 10l7 -7M20 10h-6V4M3 21l7 -7M4 14h6v6
minus	math,development,text,tools	subtract,remove,decrease,decrement,reduce,negative,calculate,line,divider,separator,horizontal rule,hr,html,markup,markdown,---,toolbar,operator,code,coding,minimum,downgrade	M5 12h14
mirror-rectangular	science,home,tools	reflection,optics,glass,surface,image,physics,science,bathroom,decor,cosmetic,shiny,periscope,vanity	M11 6L8 9M16 7l-8 8M6 2h12a2 2 0 0 1 2 2v16a2 2 0 0 1 -2 2h-12a2 2 0 0 1 -2 -2v-16a2 2 0 0 1 2 -2z
mirror-round	science,home,tools	reflection,optics,glass,surface,image,physics,science,bathroom,vanity,makeup,decor,cosmetic,shiny,periscope	M10 6.6L8.6 8M12 18v4M15 7.5L9.5 13M7 22h10M4 10a8 8 0 1 0 16 0a8 8 0 1 0 -16 0z
monitor	connectivity,devices	tv,computer,desktop,screen,display,external display,screen sharing,virtual machine,vm	M4 3h16a2 2 0 0 1 2 2v10a2 2 0 0 1 -2 2h-16a2 2 0 0 1 -2 -2v-10a2 2 0 0 1 2 -2zM8 21L16 21M12 17L12 21
monitor-check	connectivity,devices	tv,computer,screen,display,desktop,external display,screen sharing,connected,success,verified,running,active,virtual machine,vm	M9 10l2 2 4 -4M4 3h16a2 2 0 0 1 2 2v10a2 2 0 0 1 -2 2h-16a2 2 0 0 1 -2 -2v-10a2 2 0 0 1 2 -2zM12 17v4M8 21h8
monitor-cloud	connectivity,devices,development	tv,computer,screen,display,desktop,external display,virtual machine,virtual desktop,vm,vdi,computing,remote work,monitoring,infrastructure,software as a service,saas,workstation,environment	M11 13a3 3 0 1 1 2.83 -4H14a2 2 0 0 1 0 4zM12 17v4M8 21h8M4 3h16a2 2 0 0 1 2 2v10a2 2 0 0 1 -2 2h-16a2 2 0 0 1 -2 -2v-10a2 2 0 0 1 2 -2z
monitor-cog	connectivity,devices	tv,computer,screen,display,desktop,external display,virtual machine,vm,executable,settings,edit,gear,configuration,preferences,system,control panel,network,computing	M12 17v4M14.305 7.53l.923 -.382M15.228 4.852l-.923 -.383M16.852 3.228l-.383 -.924M16.852 8.772l-.383 .923M19.148 3.228l.383 -.924M19.53 9.696l-.382 -.924M20.772 4.852l.924 -.383M20.772 7.148l.924 .383M22 13v2a2 2 0 0 1 -2 2H4a2 2 0 0 1 -2 -2V5a2 2 0 0 1 2 -2h7M8 21h8M15 6a3 3 0 1 0 6 0a3 3 0 1 0 -6 0z
monitor-dot	connectivity,devices	tv,computer,screen,display,desktop,external display,screen sharing,status,notification,indicator,running,active,virtual machine,vm	M12 17v4M22 12.307V15a2 2 0 0 1 -2 2H4a2 2 0 0 1 -2 -2V5a2 2 0 0 1 2 -2h8.693M8 21h8M16 6a3 3 0 1 0 6 0a3 3 0 1 0 -6 0z
monitor-down	connectivity,devices	tv,computer,screen,display,desktop,external display,screen sharing,download,remote,cast	M12 13V7M15 10l-3 3 -3 -3M4 3h16a2 2 0 0 1 2 2v10a2 2 0 0 1 -2 2h-16a2 2 0 0 1 -2 -2v-10a2 2 0 0 1 2 -2zM12 17v4M8 21h8
monitor-off	connectivity,devices	tv,computer,screen,display,desktop,external display,screen sharing,offline,disabled,disconnected,power	M12 17v4M17 17H4a2 2 0 0 1 -2 -2V5a2 2 0 0 1 1.184 -1.826M2 2l20 20M8 21h8M8.656 3H20a2 2 0 0 1 2 2v10a2 2 0 0 1 -.293 1.042
monitor-pause	connectivity,devices,multimedia	tv,computer,screen,display,desktop,external display,screen sharing,video,movie,film,pause,suspend,hibernate,boot,virtual machine,vm	M10 13V7M14 13V7M4 3h16a2 2 0 0 1 2 2v10a2 2 0 0 1 -2 2h-16a2 2 0 0 1 -2 -2v-10a2 2 0 0 1 2 -2zM12 17v4M8 21h8
monitor-pc	devices,development,gaming	personal computer,desktop,screen,display,workstation,tower,chassis,hardware,setup,gaming	M10 15H4a2 2 0 0 1 -2 -2V7a2 2 0 0 1 2 -2h6M10 19H5M14 11h8M14 7h8M18 17h.01M9 19v-4M15 3h6a1 1 0 0 1 1 1v16a1 1 0 0 1 -1 1h-6a1 1 0 0 1 -1 -1v-16a1 1 0 0 1 1 -1z
monitor-play	connectivity,devices,multimedia	tv,computer,screen,display,desktop,external display,screen sharing,video,movie,film,play,running,start,boot,virtual machine,vm	M15.033 9.44a.647 .647 0 0 1 0 1.12l-4.065 2.352a.645 .645 0 0 1 -.968 -.56V7.648a.645 .645 0 0 1 .967 -.56zM12 17v4M8 21h8M4 3h16a2 2 0 0 1 2 2v10a2 2 0 0 1 -2 2h-16a2 2 0 0 1 -2 -2v-10a2 2 0 0 1 2 -2z
monitor-smartphone	connectivity,devices	phone,cellphone,device,mobile,desktop,screen,display,external display,screen sharing,responsive,screens,sync,cast	M18 8V6a2 2 0 0 0 -2 -2H4a2 2 0 0 0 -2 2v7a2 2 0 0 0 2 2h8M10 19v-3.96 3.15M7 19h5M18 12h2a2 2 0 0 1 2 2v6a2 2 0 0 1 -2 2h-2a2 2 0 0 1 -2 -2v-6a2 2 0 0 1 2 -2z
monitor-speaker	connectivity,devices	tv,computer,screen,display,desktop,external display,connect,cast,audio,sound,volume,presentation	M5.5 20H8M17 9h.01M14 4h6a2 2 0 0 1 2 2v12a2 2 0 0 1 -2 2h-6a2 2 0 0 1 -2 -2v-12a2 2 0 0 1 2 -2zM8 6H4a2 2 0 0 0 -2 2v6a2 2 0 0 0 2 2h4M16 15a1 1 0 1 0 2 0a1 1 0 1 0 -2 0z
monitor-stop	connectivity,devices,multimedia	tv,computer,screen,display,desktop,external display,screen sharing,video,movie,film,stop,shutdown,virtual machine,vm	M12 17v4M8 21h8M4 3h16a2 2 0 0 1 2 2v10a2 2 0 0 1 -2 2h-16a2 2 0 0 1 -2 -2v-10a2 2 0 0 1 2 -2zM10 7h4a1 1 0 0 1 1 1v4a1 1 0 0 1 -1 1h-4a1 1 0 0 1 -1 -1v-4a1 1 0 0 1 1 -1z
monitor-up	connectivity,devices	tv,computer,screen,display,desktop,external display,upload,connect,remote,screen sharing,cast	M9 10l3 -3 3 3M12 13V7M4 3h16a2 2 0 0 1 2 2v10a2 2 0 0 1 -2 2h-16a2 2 0 0 1 -2 -2v-10a2 2 0 0 1 2 -2zM12 17v4M8 21h8
monitor-x	connectivity,devices	tv,computer,screen,display,desktop,external display,screen sharing,virtual machine,vm,close,error,failed,disconnected,stop,suspend,remove,delete	M14.5 12.5l-5 -5M9.5 12.5l5 -5M4 3h16a2 2 0 0 1 2 2v10a2 2 0 0 1 -2 2h-16a2 2 0 0 1 -2 -2v-10a2 2 0 0 1 2 -2zM12 17v4M8 21h8
moon	accessibility	dark,night	M20.985 12.486a9 9 0 1 1 -9.473 -9.472c.405 -.022 .617 .46 .402 .803a6 6 0 0 0 8.268 8.268c.344 -.215 .825 -.004 .803 .401
moon-star	accessibility,weather	dark,night,star	M18 5h4M20 3v4M20.985 12.486a9 9 0 1 1 -9.473 -9.472c.405 -.022 .617 .46 .402 .803a6 6 0 0 0 8.268 8.268c.344 -.215 .825 -.004 .803 .401
mop	home,tools	cleaning,sweeping,scrubbing,housekeeping,hygiene,sanitation,chores,swab,tidy,floor,janitor,maintenance,wash,wipe,spotless,pristine,disinfect	M10 22c2.761 0 5 -1.79 5 -4 -4.42 0 -4.08 -5 -8.5 -5a1 1 0 1 0 0 9za3 3 0 0 1 -3 -3M12.5 11.5L22 2M6.98 13.02l2.665 -2.664a1.21 1.21 0 0 1 1.71 0l2.29 2.288a1.21 1.21 0 0 1 0 1.712l-2.088 2.087
mop-sparkles	home,tools,design	cleaning,scrubbing,sweeping,ai,magic,sparkle,smart,automation,housekeeping,hygiene,sanitation,chores,swab,tidy,floor,spotless,pristine,polish,sanitize,disinfect	M10 22a3 3 0 0 1 -3 -3M10 22c2.761 0 5 -1.79 5 -4 -4.42 0 -4.08 -5 -8.5 -5a4.501 4.501 0 0 0 0 9zM10 3H8M12.5 11.5L22 2M20 13v4M22 15h-4M4 5v4M6 7H2M6.98 13.02l2.665 -2.664a1.21 1.21 0 0 1 1.71 0l2.29 2.288a1.21 1.21 0 0 1 0 1.712l-2.088 2.087M9 2v2
mosque	buildings,navigation,travel	mosque,masjid,islam,muslim,ramadan,eid,prayer,worship,building,minaret,dome,architecture,faith,religion,holy,sacred,landmark,community,spiritual,tourism,map,heritage	M12.268 2a2 2 0 0 0 3.465 2M14 5L14 8M16 22v-3a2 2 0 0 0 -4 0v3M21 13c-.662 -1.497 -1.666 -2.753 -2.9 -3.63C16.825 8.47 15.422 8 14 8s-2.826 .47 -4.1 1.37C8.668 10.248 7.663 11.504 7 13zM3 9h4M7 22V6a5 5 0 0 0 -2 -4 5 5 0 0 0 -2 4v14a2 2 0 0 0 2 2h14a2 2 0 0 0 2 -2v-7
motorbike	transportation	moto,motorcycle,transport,vehicle,drive,ride,trip,race,racing,journey,delivery	M18 14l-1 -3M3 9l6 2a2 2 0 0 1 2 -2h2a2 2 0 0 1 1.99 1.81M8 17h3a1 1 0 0 0 1 -1 6 6 0 0 1 6 -6 1 1 0 0 0 1 -1v-.75A5 5 0 0 0 17 5M16 17a3 3 0 1 0 6 0a3 3 0 1 0 -6 0zM2 17a3 3 0 1 0 6 0a3 3 0 1 0 -6 0z
mountain	nature,gaming	climb,hike,rock	M8 3l4 8 5 -5 5 15H2L8 3z
mountain-snow	nature	alpine,climb,snow	M8 3l4 8 5 -5 5 15H2L8 3zM4.14 15.08c2.62 -1.57 5.24 -1.43 7.86 .42 2.74 1.94 5.49 2 8.23 .19
mouse	devices	device,scroll,click	M12 2h0a7 7 0 0 1 7 7v6a7 7 0 0 1 -7 7h0a7 7 0 0 1 -7 -7v-6a7 7 0 0 1 7 -7zM12 6v4
mouse-left	devices	device,scroll,click	M12 7.318V10M5 10v5a7 7 0 0 0 14 0V9c0 -3.527 -2.608 -6.515 -6 -7M5 4a2 2 0 1 0 4 0a2 2 0 1 0 -4 0z
mouse-off	devices	device,scroll,click,disabled	M12 6v.343M18.218 18.218A7 7 0 0 1 5 15V9a7 7 0 0 1 .782 -3.218M19 13.343V9A7 7 0 0 0 8.56 2.902M22 22L2 2
mouse-pointer	arrows,cursors	click,select	M12.586 12.586L19 19M3.688 3.037a.497 .497 0 0 0 -.651 .651l6.5 15.999a.501 .501 0 0 0 .947 -.062l1.569 -6.083a2 2 0 0 1 1.448 -1.479l6.124 -1.579a.5 .5 0 0 0 .063 -.947z
mouse-pointer-2	arrows,cursors	click,select	M4.037 4.688a.495 .495 0 0 1 .651 -.651l16 6.5a.5 .5 0 0 1 -.063 .947l-6.124 1.58a2 2 0 0 0 -1.438 1.435l-1.579 6.126a.5 .5 0 0 1 -.947 .063z
mouse-pointer-2-off	arrows,cursors	pointer,mouse,cursor,off,disable,arrow,navigation,selection,select,click,no-click,interaction	M15.55 8.45l5.138 2.087a.5 .5 0 0 1 -.063 .947l-6.124 1.58a2 2 0 0 0 -1.438 1.435l-1.579 6.126a.5 .5 0 0 1 -.947 .063L8.45 15.551M22 2L2 22M6.816 11.528l-2.779 -6.84a.495 .495 0 0 1 .651 -.651l6.84 2.779
mouse-pointer-ban	arrows,cursors	wait,busy,loading,blocked,frozen,freeze	M2.034 2.681a.498 .498 0 0 1 .647 -.647l9 3.5a.5 .5 0 0 1 -.033 .944L8.204 7.545a1 1 0 0 0 -.66 .66l-1.066 3.443a.5 .5 0 0 1 -.944 .033zM10 16a6 6 0 1 0 12 0a6 6 0 1 0 -12 0zM11.8 11.8l8.4 8.4
mouse-pointer-click	arrows,cursors	click,select	M14 4.1L12 6M5.1 8l-2.9 -.8M6 12l-1.9 2M7.2 2.2L8 5.1M9.037 9.69a.498 .498 0 0 1 .653 -.653l11 4.5a.5 .5 0 0 1 -.074 .949l-4.349 1.041a1 1 0 0 0 -.74 .739l-1.04 4.35a.5 .5 0 0 1 -.95 .074z
mouse-right	devices	device,scroll,click	M12 7.318V10M19 10v5a7 7 0 0 1 -14 0V9c0 -3.527 2.608 -6.515 6 -7M15 4a2 2 0 1 0 4 0a2 2 0 1 0 -4 0z
mouth	medical,accessibility,communication	speech,voice,talk,speaking,taste,tasting,flavor,palate,tongue,gustatory,oral,dental,expression,communication,accessibility	M2 12a50.5 50.5 0 0 0 20 0 1 1 0 0 0 -1 -1M2.457 11.159a1 1 0 0 0 -.307 1.369 11.59 11.59 0 0 0 19.7 0 1 1 0 0 0 -.308 -1.368c-2.426 -1.568 -3.65 -2.284 -5.479 -3.644a2.6 2.6 0 0 0 -3.373 .208 1 1 0 0 1 -1.38 0 2.62 2.62 0 0 0 -3.373 -.208c-1.83 1.36 -3.053 2.076 -5.48 3.643
mouth-off	medical,accessibility,communication	speech,voice,talk,mute,silence,speechless,taste loss,flavor loss,ageusia,tasteless,gustatory,oral,dental,communication,accessibility	M13.074 7.417a2.6 2.6 0 0 1 2.989 .099c1.829 1.36 3.053 2.076 5.479 3.644a1 1 0 0 1 .308 1.368 11.6 11.6 0 0 1 -1.617 2.05M2 12a50.5 50.5 0 0 0 10.99 .99M2 2l20 20M21 11a1 1 0 0 1 1 1 51 51 0 0 1 -3.734 .61M7.695 7.695c-1.7 1.247 -2.92 1.967 -5.238 3.464a1 1 0 0 0 -.307 1.369 11.6 11.6 0 0 0 14.766 4.388
move	arrows,cursors	arrows	M12 2v20M15 19l-3 3 -3 -3M19 9l3 3 -3 3M2 12h20M5 9l-3 3 3 3M9 5l3 -3 3 3
move-3d	design	arrows,axis,gizmo,coordinates,transform,translate	M5 3v16h16M5 19l6 -6M2 6l3 -3 3 3M18 16l3 3 -3 3
move-diagonal	arrows,cursors	double,arrow	M11 19H5v-6M13 5h6v6M19 5L5 19
move-diagonal-2	arrows,cursors	double,arrow	M19 13v6h-6M5 11V5h6M5 5l14 14
move-down	arrows	arrow,direction,downwards,south	M8 18L12 22L16 18M12 2V22
move-down-left	arrows	arrow,direction	M11 19H5V13M19 5L5 19
move-down-right	arrows	arrow,direction	M19 13V19H13M5 5L19 19
move-horizontal	arrows,cursors	double,arrow	M18 8l4 4 -4 4M2 12h20M6 8l-4 4 4 4
move-left	arrows	arrow,direction,back,west	M6 8L2 12L6 16M2 12H22
move-right	arrows	arrow,direction,trend flat,east	M18 8L22 12L18 16M2 12H22
move-up	arrows	arrow,direction,upwards,north	M8 6L12 2L16 6M12 2V22
move-up-left	arrows	arrow,direction	M5 11V5H11M5 5L19 19
move-up-right	arrows	arrow,direction	M13 5H19V11M19 5L5 19
move-vertical	arrows,cursors	double,arrow	M12 2v20M8 18l4 4 4 -4M8 6l4 -4 4 4
music	multimedia,files	note,quaver,eighth note	M9 18V5l12 -2v13M3 18a3 3 0 1 0 6 0a3 3 0 1 0 -6 0zM15 16a3 3 0 1 0 6 0a3 3 0 1 0 -6 0z
music-2	multimedia,files	quaver,eighth note,note	M4 18a4 4 0 1 0 8 0a4 4 0 1 0 -8 0zM12 18V2l7 4
music-3	multimedia,files	crotchet,minim,quarter note,half note,note	M8 18a4 4 0 1 0 8 0a4 4 0 1 0 -8 0zM16 18V2
music-4	multimedia,files	semiquaver,sixteenth note,note	M9 18V5l12 -2v13M9 9l12 -2M3 18a3 3 0 1 0 6 0a3 3 0 1 0 -6 0zM15 16a3 3 0 1 0 6 0a3 3 0 1 0 -6 0z
navigation	navigation	location,travel	M3 11L22 2L13 21L11 13L3 11z
navigation-2	navigation	location,travel	M12 2L19 21L12 17L5 21L12 2z
navigation-2-off	navigation	location,travel	M9.31 9.31L5 21l7 -4 7 4 -1.17 -3.17M14.53 8.88L12 2l-1.17 3.17M2 2L22 22
navigation-off	navigation	location,travel	M8.43 8.43L3 11l8 2 2 8 2.57 -5.43M17.39 11.73L22 2l-9.73 4.61M2 2L22 22
nepali-rupee	finance,shopping,travel	currency,money,nepal,rupee,npr	M18 16.173A4.74 4.74 0 0 0 13.496 8.005M4 3L20 3M5 13L13.5 21M5 13L9 13M8 13C15.5 13 14.667 3 8 3
network	development	tree	M17 16h4a1 1 0 0 1 1 1v4a1 1 0 0 1 -1 1h-4a1 1 0 0 1 -1 -1v-4a1 1 0 0 1 1 -1zM3 16h4a1 1 0 0 1 1 1v4a1 1 0 0 1 -1 1h-4a1 1 0 0 1 -1 -1v-4a1 1 0 0 1 1 -1zM10 2h4a1 1 0 0 1 1 1v4a1 1 0 0 1 -1 1h-4a1 1 0 0 1 -1 -1v-4a1 1 0 0 1 1 -1zM5 16v-3a1 1 0 0 1 1 -1h12a1 1 0 0 1 1 1v3M12 12V8
newspaper	multimedia,communication	news,feed,home,magazine,article,headline	M15 18h-5M18 14h-8M4 22h16a2 2 0 0 0 2 -2V4a2 2 0 0 0 -2 -2H8a2 2 0 0 0 -2 2v16a2 2 0 0 1 -4 0v-9a2 2 0 0 1 2 -2h2M11 6h6a1 1 0 0 1 1 1v2a1 1 0 0 1 -1 1h-6a1 1 0 0 1 -1 -1v-2a1 1 0 0 1 1 -1z
nfc	communication,finance,devices	contactless,payment,near-field communication	M6 8.32a7.43 7.43 0 0 1 0 7.36M9.46 6.21a11.76 11.76 0 0 1 0 11.58M12.91 4.1a15.91 15.91 0 0 1 .01 15.8M16.37 2a20.16 20.16 0 0 1 0 20
non-binary	medical	gender,nonbinary,enby	M12 2v10M8.5 4l7 4M8.5 8l7 -4M7 17a5 5 0 1 0 10 0a5 5 0 1 0 -10 0z
notebook	text,communication,social,design	notepad,notes,stationery,sketchbook,moleskine,closure,strap,band,elastic,organizer,organiser,planner,diary,journal,writing,written,writer,reading,high school,university,college,academy,student,study,homework,research	M2 6h4M2 10h4M2 14h4M2 18h4M6 2h12a2 2 0 0 1 2 2v16a2 2 0 0 1 -2 2h-12a2 2 0 0 1 -2 -2v-16a2 2 0 0 1 2 -2zM16 2v20
notebook-dot	communication	document,file,journal,page,paper,record,entry,notebook,notification,unread,note	M16 11.75V22M2 10h4M2 14h4M2 18h4M2 6h4M20 11.75V20a2 2 0 0 1 -2 2H6a2 2 0 0 1 -2 -2V4a2 2 0 0 1 2 -2h5.65M15 5a3 3 0 1 0 6 0a3 3 0 1 0 -6 0z
notebook-pen	text,social	pencil,notepad,notes,noted,stationery,sketchbook,organizer,organiser,planner,diary,journal,writing,write,written,reading,high school,university,college,academy,student,study,research,homework,eraser,rubber	M13.4 2H6a2 2 0 0 0 -2 2v16a2 2 0 0 0 2 2h12a2 2 0 0 0 2 -2v-7.4M2 6h4M2 10h4M2 14h4M2 18h4M21.378 5.626a1 1 0 1 0 -3.004 -3.004l-5.01 5.012a2 2 0 0 0 -.506 .854l-.837 2.87a.5 .5 0 0 0 .62 .62l2.87 -.837a2 2 0 0 0 .854 -.506z
notebook-tabs	account,communication,social	notepad,notes,people,family,friends,acquaintances,contacts,details,addresses,phone numbers,directory,listing,networking,alphabetical,a-z,organizer,organiser,planner,diary,stationery	M2 6h4M2 10h4M2 14h4M2 18h4M6 2h12a2 2 0 0 1 2 2v16a2 2 0 0 1 -2 2h-12a2 2 0 0 1 -2 -2v-16a2 2 0 0 1 2 -2zM15 2v20M15 7h5M15 12h5M15 17h5
notebook-text	text,social	notepad,notes,pages,paper,stationery,sketchbook,organizer,organiser,planner,diary,journal,writing,write,written,reading,high school,university,college,academy,student,study,research,homework,lines,opened	M2 6h4M2 10h4M2 14h4M2 18h4M6 2h12a2 2 0 0 1 2 2v16a2 2 0 0 1 -2 2h-12a2 2 0 0 1 -2 -2v-16a2 2 0 0 1 2 -2zM9.5 8h5M9.5 12H16M9.5 16H14
notepad-text	text,social	notebook,notes,pages,paper,stationery,sketchbook,organizer,organiser,planner,diary,journal,writing,write,written,reading,high school,university,college,academy,student,study,homework,research,lines,opened	M8 2v4M12 2v4M16 2v4M6 4h12a2 2 0 0 1 2 2v14a2 2 0 0 1 -2 2h-12a2 2 0 0 1 -2 -2v-14a2 2 0 0 1 2 -2zM8 10h6M8 14h8M8 18h5
notepad-text-dashed	text,social	notebook,notes,pages,paper,stationery,diary,journal,writing,write,written,draft,template,lines	M8 2v4M12 2v4M16 2v4M16 4h2a2 2 0 0 1 2 2v2M20 12v2M20 18v2a2 2 0 0 1 -2 2h-1M13 22h-2M7 22H6a2 2 0 0 1 -2 -2v-2M4 14v-2M4 8V6a2 2 0 0 1 2 -2h2M8 10h6M8 14h8M8 18h5
nut	food-beverage	hazelnut,acorn,food,diet	M16.847 5.847L20 9a7.23 7.23 0 0 1 1.551 7.516C21.241 17.352 21 17.932 21 19v1a1 1 0 0 1 -1 1h-1c-1.069 0 -1.648 .242 -2.485 .552A7.2 7.2 0 0 1 9.002 20l-3.155 -3.153M18.21 5.43c-1.71 .69 -5.07 1.07 -6.71 1.07 .46 1.38 .91 2.74 .61 4.88a.88 .88 0 0 1 -.73 .74c-1.78 .28 -3.54 -.17 -4.88 -.62 0 1.64 -.38 5 -1.07 6.71 -.21 .52 -.82 .55 -1.17 .12A10 10 0 0 1 18.33 4.26c.43 .35 .4 .97 -.12 1.17M4.93 4.93L3 3a.7 .7 0 0 1 0 -1
nut-off	food-beverage	hazelnut,acorn,food,allergy,intolerance,diet	M11.868 11.868a.88 .88 0 0 1 -.488 .252c-1.78 .28 -3.54 -.17 -4.88 -.62 0 1.272 -.229 3.578 -.653 5.347a10 10 0 0 1 -.417 1.363c-.21 .52 -.82 .55 -1.17 .12a10 10 0 0 1 .677 -13.393M12.14 6.485a27.4 27.4 0 0 0 4.707 -.638L20 9a7.23 7.23 0 0 1 1.706 7.05M2 2l20 20M20.707 20.707A1 1 0 0 1 20 21h-1c-1.069 0 -1.648 .242 -2.485 .552A7.2 7.2 0 0 1 9.002 20l-3.155 -3.153M8.356 2.7a10 10 0 0 1 9.974 1.56c.43 .35 .4 .97 -.12 1.17a10 10 0 0 1 -1.363 .417
octagon	shapes	stop,shape	M2.586 16.726A2 2 0 0 1 2 15.312V8.688a2 2 0 0 1 .586 -1.414l4.688 -4.688A2 2 0 0 1 8.688 2h6.624a2 2 0 0 1 1.414 .586l4.688 4.688A2 2 0 0 1 22 8.688v6.624a2 2 0 0 1 -.586 1.414l-4.688 4.688a2 2 0 0 1 -1.414 .586H8.688a2 2 0 0 1 -1.414 -.586z
octagon-alert	notifications,shapes	warning,alert,danger,exclamation mark	M12 16h.01M12 8v4M15.312 2a2 2 0 0 1 1.414 .586l4.688 4.688A2 2 0 0 1 22 8.688v6.624a2 2 0 0 1 -.586 1.414l-4.688 4.688a2 2 0 0 1 -1.414 .586H8.688a2 2 0 0 1 -1.414 -.586l-4.688 -4.688A2 2 0 0 1 2 15.312V8.688a2 2 0 0 1 .586 -1.414l4.688 -4.688A2 2 0 0 1 8.688 2z
octagon-minus	transportation	stop,forbidden,subtract,remove,decrease,reduce,-,traffic,halt,restricted	M2.586 16.726A2 2 0 0 1 2 15.312V8.688a2 2 0 0 1 .586 -1.414l4.688 -4.688A2 2 0 0 1 8.688 2h6.624a2 2 0 0 1 1.414 .586l4.688 4.688A2 2 0 0 1 22 8.688v6.624a2 2 0 0 1 -.586 1.414l-4.688 4.688a2 2 0 0 1 -1.414 .586H8.688a2 2 0 0 1 -1.414 -.586zM8 12h8
octagon-pause	multimedia,shapes	music,audio,stop	M10 15V9M14 15V9M2.586 16.726A2 2 0 0 1 2 15.312V8.688a2 2 0 0 1 .586 -1.414l4.688 -4.688A2 2 0 0 1 8.688 2h6.624a2 2 0 0 1 1.414 .586l4.688 4.688A2 2 0 0 1 22 8.688v6.624a2 2 0 0 1 -.586 1.414l-4.688 4.688a2 2 0 0 1 -1.414 .586H8.688a2 2 0 0 1 -1.414 -.586z
octagon-x	math,notifications	delete,stop,alert,warning,times,clear,math	M15 9l-6 6M2.586 16.726A2 2 0 0 1 2 15.312V8.688a2 2 0 0 1 .586 -1.414l4.688 -4.688A2 2 0 0 1 8.688 2h6.624a2 2 0 0 1 1.414 .586l4.688 4.688A2 2 0 0 1 22 8.688v6.624a2 2 0 0 1 -.586 1.414l-4.688 4.688a2 2 0 0 1 -1.414 .586H8.688a2 2 0 0 1 -1.414 -.586zM9 9l6 6
omega	math,development,text,science	greek,symbol,mathematics,education,physics,engineering,ohms,electrical resistance,angular frequency,dynamical systems,astronomy,constellations,philosophy	M3 20h4.5a.5 .5 0 0 0 .5 -.5v-.282a.52 .52 0 0 0 -.247 -.437 8 8 0 1 1 8.494 -.001 .52 .52 0 0 0 -.247 .438v.282a.5 .5 0 0 0 .5 .5H21
option	development	keyboard,key,mac,alt,button	M14 3h7M3 3h5.28a1 1 0 0 1 .948 .684l5.544 16.632a1 1 0 0 0 .949 .684H21
orbit	science	planet,space,physics,satellites,moons	M20.341 6.484A10 10 0 0 1 10.266 21.85M3.659 17.516A10 10 0 0 1 13.74 2.152M9 12a3 3 0 1 0 6 0a3 3 0 1 0 -6 0zM17 5a2 2 0 1 0 4 0a2 2 0 1 0 -4 0zM3 19a2 2 0 1 0 4 0a2 2 0 1 0 -4 0z
origami	animals,design	paper,bird	M12 12V4a1 1 0 0 1 1 -1h6.297a1 1 0 0 1 .651 1.759l-4.696 4.025M12 21l-7.414 -7.414A2 2 0 0 1 4 12.172V6.415a1.002 1.002 0 0 1 1.707 -.707L20 20.009M12.214 3.381l8.414 14.966a1 1 0 0 1 -.167 1.199l-1.168 1.163a1 1 0 0 1 -.706 .291H6.351a1 1 0 0 1 -.625 -.219L3.25 18.8a1 1 0 0 1 .631 -1.781l4.165 .027
package	files,development	box,container,storage,sealed,delivery,undelivered,unopened,packed,archive,zip,module	M11 21.73a2 2 0 0 0 2 0l7 -4A2 2 0 0 0 21 16V8a2 2 0 0 0 -1 -1.73l-7 -4a2 2 0 0 0 -2 0l-7 4A2 2 0 0 0 3 8v8a2 2 0 0 0 1 1.73zM12 22V12M3.29 7L12 12L20.71 7M7.5 4.27l9 5.15
package-2	files,development	box,container,storage,sealed,packed,unopened,undelivered,archive,zip	M12 3v6M16.76 3a2 2 0 0 1 1.8 1.1l2.23 4.479a2 2 0 0 1 .21 .891V19a2 2 0 0 1 -2 2H5a2 2 0 0 1 -2 -2V9.472a2 2 0 0 1 .211 -.894L5.45 4.1A2 2 0 0 1 7.24 3zM3.054 9.013h17.893
package-check	development	confirm,verified,done,todo,tick,complete,task,delivered	M12 22V12M16 17l2 2 4 -4M21 11.127V8a2 2 0 0 0 -1 -1.73l-7 -4a2 2 0 0 0 -2 0l-7 4A2 2 0 0 0 3 8v8a2 2 0 0 0 1 1.729l7 4a2 2 0 0 0 2 .001l1.32 -.753M3.29 7L12 12l8.71 -5M7.5 4.27l8.997 5.148
package-minus	development	delete,remove	M12 22V12M16 17h6M21 13V8a2 2 0 0 0 -1 -1.73l-7 -4a2 2 0 0 0 -2 0l-7 4A2 2 0 0 0 3 8v8a2 2 0 0 0 1 1.729l7 4a2 2 0 0 0 2 .001l1.675 -.955M3.29 7L12 12l8.71 -5M7.5 4.27l8.997 5.148
package-open	files,development	box,container,storage,unpack,unarchive,unzip,opened,delivered	M12 22v-9M15.17 2.21a1.67 1.67 0 0 1 1.63 0L21 4.57a1.93 1.93 0 0 1 0 3.36L8.82 14.79a1.655 1.655 0 0 1 -1.64 0L3 12.43a1.93 1.93 0 0 1 0 -3.36zM20 13v3.87a2.06 2.06 0 0 1 -1.11 1.83l-6 3.08a1.93 1.93 0 0 1 -1.78 0l-6 -3.08A2.06 2.06 0 0 1 4 16.87V13M21 12.43a1.93 1.93 0 0 0 0 -3.36L8.83 2.2a1.64 1.64 0 0 0 -1.63 0L3 4.57a1.93 1.93 0 0 0 0 3.36l12.18 6.86a1.636 1.636 0 0 0 1.63 0z
package-plus	development	new,add,create	M12 22V12M16 17h6M19 14v6M21 10.535V8a2 2 0 0 0 -1 -1.73l-7 -4a2 2 0 0 0 -2 0l-7 4A2 2 0 0 0 3 8v8a2 2 0 0 0 1 1.729l7 4a2 2 0 0 0 2 .001l1.675 -.955M3.29 7L12 12l8.71 -5M7.5 4.27l8.997 5.148
package-search	files,development	find,product process,lens	M12 22V12M20.27 18.27L22 20M21 10.498V8a2 2 0 0 0 -1 -1.73l-7 -4a2 2 0 0 0 -2 0l-7 4A2 2 0 0 0 3 8v8a2 2 0 0 0 1 1.729l7 4a2 2 0 0 0 2 .001l.98 -.559M3.29 7L12 12l8.71 -5M7.5 4.27l8.997 5.148M16 16.5a2.5 2.5 0 1 0 5 0a2.5 2.5 0 1 0 -5 0z
package-x	development	delete,remove	M12 22V12M16.5 14.5l5 5M16.5 19.5l5 -5M21 10.5V8a2 2 0 0 0 -1 -1.73l-7 -4a2 2 0 0 0 -2 0l-7 4A2 2 0 0 0 3 8v8a2 2 0 0 0 1 1.729l7 4a2 2 0 0 0 2 .001l.13 -.074M3.29 7L12 12l8.71 -5M7.5 4.27l8.997 5.148
paint-bucket	design,tools	fill,paint,bucket,color,colour	M11 7L6 2M18.992 12H2.041M21.145 18.38A3.34 3.34 0 0 1 20 16.5a3.3 3.3 0 0 1 -1.145 1.88c-.575 .46 -.855 1.02 -.855 1.595A2 2 0 0 0 20 22a2 2 0 0 0 2 -2.025c0 -.58 -.285 -1.13 -.855 -1.595M8.5 4.5l2.148 -2.148a1.205 1.205 0 0 1 1.704 0l7.296 7.296a1.205 1.205 0 0 1 0 1.704l-7.592 7.592a3.615 3.615 0 0 1 -5.112 0l-3.888 -3.888a3.615 3.615 0 0 1 0 -5.112L5.67 7.33
paint-roller	text,design,home,tools	brush,color,colour,decoration,diy	M4 2h12a2 2 0 0 1 2 2v2a2 2 0 0 1 -2 2h-12a2 2 0 0 1 -2 -2v-2a2 2 0 0 1 2 -2zM10 16v-2a2 2 0 0 1 2 -2h8a2 2 0 0 0 2 -2V7a2 2 0 0 0 -2 -2h-2M9 16h2a1 1 0 0 1 1 1v4a1 1 0 0 1 -1 1h-2a1 1 0 0 1 -1 -1v-4a1 1 0 0 1 1 -1z
paintbrush	text,design,photography,home,tools	brush,paintbrush,design,color,colour,decoration,diy	M14.622 17.897l-10.68 -2.913M18.376 2.622a1 1 0 1 1 3.002 3.002L17.36 9.643a.5 .5 0 0 0 0 .707l.944 .944a2.41 2.41 0 0 1 0 3.408l-.944 .944a.5 .5 0 0 1 -.707 0L8.354 7.348a.5 .5 0 0 1 0 -.707l.944 -.944a2.41 2.41 0 0 1 3.408 0l.944 .944a.5 .5 0 0 0 .707 0zM9 8c-1.804 2.71 -3.97 3.46 -6.583 3.948a.507 .507 0 0 0 -.302 .819l7.32 8.883a1 1 0 0 0 1.185 .204C12.735 20.405 16 16.792 16 15
paintbrush-vertical	text,design,photography,home,tools	brush,paintbrush,design,color,colour,decoration,diy	M10 2v2M14 2v4M17 2a1 1 0 0 1 1 1v9H6V3a1 1 0 0 1 1 -1zM6 12a1 1 0 0 0 -1 1v1a2 2 0 0 0 2 2h2a1 1 0 0 1 1 1v2.9a2 2 0 1 0 4 0V17a1 1 0 0 1 1 -1h2a2 2 0 0 0 2 -2v-1a1 1 0 0 0 -1 -1
palette	text,design,photography	colors,colours,theme,scheme,paint,watercolor,watercolour,artist	M12 22a1 1 0 0 1 0 -20 10 9 0 0 1 10 9 5 5 0 0 1 -5 5h-2.25a1.75 1.75 0 0 0 -1.4 2.8l.3 .4a1.75 1.75 0 0 1 -1.4 2.8zM13 6.5a.5 .5 0 1 0 1 0a.5 .5 0 1 0 -1 0zM17 10.5a.5 .5 0 1 0 1 0a.5 .5 0 1 0 -1 0zM6 12.5a.5 .5 0 1 0 1 0a.5 .5 0 1 0 -1 0zM8 7.5a.5 .5 0 1 0 1 0a.5 .5 0 1 0 -1 0z
panda	animals	animal,wildlife,bear,zoo,bamboo	M11.25 17.25h1.5L12 18zM15 12l2 2M17.902 6.599a8 8 0 0 0 -.5 -.5M2 14.5C2 19.47 6.48 22 12 22s10 -2.53 10 -7.5a10 10 0 0 0 -1.3 -4.83 4.5 4.5 0 1 0 -7.05 -5.5 8 8 0 0 0 -3.3 0 4.5 4.5 0 1 0 -7.04 5.5A10 10 0 0 0 2 14.5M6.099 6.599a8 8 0 0 1 .5 -.5M9 12l-2 2
panel-bottom	layout	drawer,dock	M5 3h14a2 2 0 0 1 2 2v14a2 2 0 0 1 -2 2h-14a2 2 0 0 1 -2 -2v-14a2 2 0 0 1 2 -2zM3 15h18
panel-bottom-close	layout,arrows	drawer,dock,hide,chevron,down	M5 3h14a2 2 0 0 1 2 2v14a2 2 0 0 1 -2 2h-14a2 2 0 0 1 -2 -2v-14a2 2 0 0 1 2 -2zM3 15h18M15 8l-3 3 -3 -3
panel-bottom-dashed	layout	drawer,dock,show,reveal,padding,margin,guide,layout,bleed	M5 3h14a2 2 0 0 1 2 2v14a2 2 0 0 1 -2 2h-14a2 2 0 0 1 -2 -2v-14a2 2 0 0 1 2 -2zM14 15h1M19 15h2M3 15h2M9 15h1
panel-bottom-open	layout,arrows	drawer,dock,show,reveal,chevron,up	M5 3h14a2 2 0 0 1 2 2v14a2 2 0 0 1 -2 2h-14a2 2 0 0 1 -2 -2v-14a2 2 0 0 1 2 -2zM3 15h18M9 10l3 -3 3 3
panel-left	layout	primary,drawer	M5 3h14a2 2 0 0 1 2 2v14a2 2 0 0 1 -2 2h-14a2 2 0 0 1 -2 -2v-14a2 2 0 0 1 2 -2zM9 3v18
panel-left-close	layout,arrows	primary,drawer,hide,chevron,<	M5 3h14a2 2 0 0 1 2 2v14a2 2 0 0 1 -2 2h-14a2 2 0 0 1 -2 -2v-14a2 2 0 0 1 2 -2zM9 3v18M16 15l-3 -3 3 -3
panel-left-dashed	layout	sidebar,primary,drawer,show,reveal,padding,margin,guide,layout,bleed	M5 3h14a2 2 0 0 1 2 2v14a2 2 0 0 1 -2 2h-14a2 2 0 0 1 -2 -2v-14a2 2 0 0 1 2 -2zM9 14v1M9 19v2M9 3v2M9 9v1
panel-left-open	layout,arrows	primary,drawer,show,reveal,chevron,right,>	M5 3h14a2 2 0 0 1 2 2v14a2 2 0 0 1 -2 2h-14a2 2 0 0 1 -2 -2v-14a2 2 0 0 1 2 -2zM9 3v18M14 9l3 3 -3 3
panel-left-right-dashed	layout	sidebar,primary,drawer,show,reveal,padding,margin,guide,layout,vertical,bleed	M15 10V9M15 15v-1M15 21v-2M15 5V3M9 10V9M9 15v-1M9 21v-2M9 5V3M5 3h14a2 2 0 0 1 2 2v14a2 2 0 0 1 -2 2h-14a2 2 0 0 1 -2 -2v-14a2 2 0 0 1 2 -2z
panel-right	layout	sidebar,secondary,drawer	M5 3h14a2 2 0 0 1 2 2v14a2 2 0 0 1 -2 2h-14a2 2 0 0 1 -2 -2v-14a2 2 0 0 1 2 -2zM15 3v18
panel-right-close	layout,arrows	sidebar,secondary,drawer,hide,chevron,>	M5 3h14a2 2 0 0 1 2 2v14a2 2 0 0 1 -2 2h-14a2 2 0 0 1 -2 -2v-14a2 2 0 0 1 2 -2zM15 3v18M8 9l3 3 -3 3
panel-right-dashed	layout	sidebar,secondary,drawer,show,reveal,padding,margin,guide,layout,bleed	M5 3h14a2 2 0 0 1 2 2v14a2 2 0 0 1 -2 2h-14a2 2 0 0 1 -2 -2v-14a2 2 0 0 1 2 -2zM15 14v1M15 19v2M15 3v2M15 9v1
panel-right-open	layout,arrows	sidebar,secondary,drawer,show,reveal,chevron,left,<	M5 3h14a2 2 0 0 1 2 2v14a2 2 0 0 1 -2 2h-14a2 2 0 0 1 -2 -2v-14a2 2 0 0 1 2 -2zM15 3v18M10 15l-3 -3 3 -3
panel-top	layout,design,development	drawer,browser,webpage	M5 3h14a2 2 0 0 1 2 2v14a2 2 0 0 1 -2 2h-14a2 2 0 0 1 -2 -2v-14a2 2 0 0 1 2 -2zM3 9h18
panel-top-bottom-dashed	layout	sidebar,primary,drawer,show,reveal,padding,margin,guide,layout,horizontal,bleed	M14 15h1M14 9h1M19 15h2M19 9h2M3 15h2M3 9h2M9 15h1M9 9h1M5 3h14a2 2 0 0 1 2 2v14a2 2 0 0 1 -2 2h-14a2 2 0 0 1 -2 -2v-14a2 2 0 0 1 2 -2z
panel-top-close	layout,arrows	menu bar,drawer,hide,chevron,up	M5 3h14a2 2 0 0 1 2 2v14a2 2 0 0 1 -2 2h-14a2 2 0 0 1 -2 -2v-14a2 2 0 0 1 2 -2zM3 9h18M9 16l3 -3 3 3
panel-top-dashed	layout	menu bar,drawer,show,reveal,padding,margin,guide,layout,bleed	M5 3h14a2 2 0 0 1 2 2v14a2 2 0 0 1 -2 2h-14a2 2 0 0 1 -2 -2v-14a2 2 0 0 1 2 -2zM14 9h1M19 9h2M3 9h2M9 9h1
panel-top-open	layout,arrows	menu bar,drawer,show,reveal,chevron,down	M5 3h14a2 2 0 0 1 2 2v14a2 2 0 0 1 -2 2h-14a2 2 0 0 1 -2 -2v-14a2 2 0 0 1 2 -2zM3 9h18M15 14l-3 3 -3 -3
panels-left-bottom	layout	drawers,sidebar,primary	M5 3h14a2 2 0 0 1 2 2v14a2 2 0 0 1 -2 2h-14a2 2 0 0 1 -2 -2v-14a2 2 0 0 1 2 -2zM9 3v18M9 15h12
panels-right-bottom	layout	drawers,sidebar,secondary	M5 3h14a2 2 0 0 1 2 2v14a2 2 0 0 1 -2 2h-14a2 2 0 0 1 -2 -2v-14a2 2 0 0 1 2 -2zM3 15h12M15 3v18
panels-top-left	layout,design,development	menu bar,sidebar,primary,drawers,window,webpage,projects,overview	M5 3h14a2 2 0 0 1 2 2v14a2 2 0 0 1 -2 2h-14a2 2 0 0 1 -2 -2v-14a2 2 0 0 1 2 -2zM3 9h18M9 21V9
paper-bag	food-beverage,shopping	storage,package,lunch,takeout,eco-friendly,kraft,retail,doggybag	M5.364 3.848C4 6 3 9.652 3 12.652V19a2 2 0 0 0 2 2h14a2 2 0 0 0 2 -2v-5c0 -2.334 -1.816 -4.668 -2.622 -7.002M7 3h11.379a2 2 0 0 1 1.789 1.106l.723 1.447A1 1 0 0 1 19.997 7h-8.525a2 2 0 0 1 -1.789 -1.106L8.79 4.105a2 2 0 1 0 -3.579 1.789l2.261 4.522A5 5 0 0 1 8 12.652V21
paperclip	text,design,files,mail	attachment,file	M16 6l-8.414 8.586a2 2 0 0 0 2.829 2.829l8.414 -8.586a4 4 0 1 0 -5.657 -5.657l-8.379 8.551a6 6 0 1 0 8.485 8.485l8.379 -8.551
parasol	travel,weather	umbrella,sunshade,beach,shade,sun,protection,cover,canopy,garden,outdoors,resort,travel,vacation,holiday,summer,apparel,accessory,sunbathing,relax,tropical	M12.5 11.134L18.196 21M20.425 5.299a10 10 0 0 0 -16.941 9.78c.183 .563 .843 .774 1.355 .478L20.16 6.711c.512 -.296 .66 -.973 .264 -1.413M21 21H3
parentheses	development,files,math	code,token,parenthesis,parens,brackets,parameters,arguments,args,input,call,math,formula,function,(,)	M8 21s-4 -3 -4 -9 4 -9 4 -9M16 3s4 3 4 9 -4 9 -4 9
park	nature,navigation,travel	nature,green,trees,landscape,rest,walk,leisure,environment,tree,bench,outdoors,recreation	M12 18h10M13.248 9.998A4.5 4.5 0 0 0 11.75 8.6V8a1 1 0 0 0 -7.5 0 4.9 4.9 0 0 0 2.25 9H8M15 14l-2 6M19 14l2 6M21 14h-8M8 20v-5.922a2 2 0 0 0 -.586 -1.414L6.5 11.75M9.205 12.795L8 14M17 6a2 2 0 1 0 4 0a2 2 0 1 0 -4 0z
parking-meter	transportation,navigation	driving,car park,pay,sidewalk,pavement	M11 15h2M12 12v3M12 19v3M15.282 19a1 1 0 0 0 .948 -.68l2.37 -6.988a7 7 0 1 0 -13.2 0l2.37 6.988a1 1 0 0 0 .948 .68zM9 9a3 3 0 1 1 6 0
party-popper	emoji	emoji,congratulations,celebration,party,tada,🎉,🎊,excitement,exciting,excites,confetti	M5.8 11.3L2 22l10.7 -3.79M4 3h.01M22 8h.01M15 2h.01M22 20h.01M22 2l-2.24 .75a2.9 2.9 0 0 0 -1.96 3.12c.1 .86 -.57 1.63 -1.45 1.63h-.38c-.86 0 -1.6 .6 -1.76 1.44L14 10M22 13l-.82 -.33c-.86 -.34 -1.82 .2 -1.98 1.11c-.11 .7 -.72 1.22 -1.43 1.22H17M11 2l.33 .82c.34 .86 -.2 1.82 -1.11 1.98C9.52 4.9 9 5.52 9 6.23V7M11 13c1.93 1.93 2.83 4.17 2 5 -.83 .83 -3.07 -.07 -5 -2 -1.93 -1.93 -2.83 -4.17 -2 -5 .83 -.83 3.07 .07 5 2Z
pause	multimedia	music,stop	M15 3h3a1 1 0 0 1 1 1v16a1 1 0 0 1 -1 1h-3a1 1 0 0 1 -1 -1v-16a1 1 0 0 1 1 -1zM6 3h3a1 1 0 0 1 1 1v16a1 1 0 0 1 -1 1h-3a1 1 0 0 1 -1 -1v-16a1 1 0 0 1 1 -1z
paw-print	animals	pets,vets,veterinarian,domesticated,cat,dog,bear	M9 4a2 2 0 1 0 4 0a2 2 0 1 0 -4 0zM16 8a2 2 0 1 0 4 0a2 2 0 1 0 -4 0zM18 16a2 2 0 1 0 4 0a2 2 0 1 0 -4 0zM9 10a5 5 0 0 1 5 5v3.5a3.5 3.5 0 0 1 -6.84 1.045Q6.52 17.48 4.46 16.84A3.5 3.5 0 0 1 5.5 10Z
pc-case	devices,gaming	computer,chassis	M7 2h10a2 2 0 0 1 2 2v16a2 2 0 0 1 -2 2h-10a2 2 0 0 1 -2 -2v-16a2 2 0 0 1 2 -2zM15 14h.01M9 6h6M9 10h6
pen	text,design,tools	pencil,change,create,draw,writer,writing,biro,ink,marker,felt tip,stationery,artist	M21.174 6.812a1 1 0 0 0 -3.986 -3.987L3.842 16.174a2 2 0 0 0 -.5 .83l-1.321 4.352a.5 .5 0 0 0 .623 .622l4.353 -1.32a2 2 0 0 0 .83 -.497z
pen-line	text,design,tools	pencil,change,create,draw,writer,writing,biro,ink,marker,felt tip,stationery,artist	M13 21h8M21.174 6.812a1 1 0 0 0 -3.986 -3.987L3.842 16.174a2 2 0 0 0 -.5 .83l-1.321 4.352a.5 .5 0 0 0 .623 .622l4.353 -1.32a2 2 0 0 0 .83 -.497z
pen-off	text,design,tools	disabled,inactive,non-editable,locked,read-only,unmodifiable,frozen,restricted,pencil,change,create,draw,writer,writing,biro,ink,marker,felt tip,stationery,artist	M10 10l-6.157 6.162a2 2 0 0 0 -.5 .833l-1.322 4.36a.5 .5 0 0 0 .622 .624l4.358 -1.323a2 2 0 0 0 .83 -.5L14 13.982M12.829 7.172l4.359 -4.346a1 1 0 1 1 3.986 3.986l-4.353 4.353M2 2l20 20
pen-tool	text,design,cursors	vector,drawing,path	M15.707 21.293a1 1 0 0 1 -1.414 0l-1.586 -1.586a1 1 0 0 1 0 -1.414l5.586 -5.586a1 1 0 0 1 1.414 0l1.586 1.586a1 1 0 0 1 0 1.414zM18 13l-1.375 -6.874a1 1 0 0 0 -.746 -.776L3.235 2.028a1 1 0 0 0 -1.207 1.207L5.35 15.879a1 1 0 0 0 .776 .746L13 18M2.3 2.3l7.286 7.286M9 11a2 2 0 1 0 4 0a2 2 0 1 0 -4 0z
pencil	design,cursors,tools,text	rubber,edit,create,draw,sketch,draft,writer,writing,stationery,artist	M21.174 6.812a1 1 0 0 0 -3.986 -3.987L3.842 16.174a2 2 0 0 0 -.5 .83l-1.321 4.352a.5 .5 0 0 0 .623 .622l4.353 -1.32a2 2 0 0 0 .83 -.497zM15 5l4 4
pencil-line	text,design,tools	pencil,change,create,draw,sketch,draft,writer,writing,biro,ink,marker,felt tip,stationery,artist	M13 21h8M15 5l4 4M21.174 6.812a1 1 0 0 0 -3.986 -3.987L3.842 16.174a2 2 0 0 0 -.5 .83l-1.321 4.352a.5 .5 0 0 0 .623 .622l4.353 -1.32a2 2 0 0 0 .83 -.497z
pencil-off	design,cursors,tools,text	disabled,inactive,non-editable,locked,read-only,unmodifiable,frozen,restricted,rubber,edit,create,draw,sketch,draft,writer,writing,stationery,artist	M10 10l-6.157 6.162a2 2 0 0 0 -.5 .833l-1.322 4.36a.5 .5 0 0 0 .622 .624l4.358 -1.323a2 2 0 0 0 .83 -.5L14 13.982M12.829 7.172l4.359 -4.346a1 1 0 1 1 3.986 3.986l-4.353 4.353M15 5l4 4M2 2l20 20
pencil-ruler	tools,design,layout,text	edit,create,draw,sketch,draft,writer,writing,stationery,artist,measurements,centimeters,cm,millimeters,mm,metre,foot,feet,inches,units,size,length,width,height,dimensions,depth,breadth,extent	M13 7L8.7 2.7a2.41 2.41 0 0 0 -3.4 0L2.7 5.3a2.41 2.41 0 0 0 0 3.4L7 13M8 6l2 -2M18 16l2 -2M17 11l4.3 4.3c.94 .94 .94 2.46 0 3.4l-2.6 2.6c-.94 .94 -2.46 .94 -3.4 0L11 17M21.174 6.812a1 1 0 0 0 -3.986 -3.987L3.842 16.174a2 2 0 0 0 -.5 .83l-1.321 4.352a.5 .5 0 0 0 .623 .622l4.353 -1.32a2 2 0 0 0 .83 -.497zM15 5l4 4
pencil-sparkles	design,cursors,tools,text,photography	edit,ai,tools,smart,create,draw,sketch,draft,writer,writing,stationery,artist,magic,wizard,magician	M10 3H8M15.007 5.008l3.987 3.986M20 15v4M21.174 6.813a2.82 2.82 0 0 0 -3.986 -3.987L3.842 16.175a2 2 0 0 0 -.5 .83l-1.321 4.352a.5 .5 0 0 0 .623 .622l4.353 -1.32a2 2 0 0 0 .83 -.497zM22 17h-4M4 5v4M6 7H2M9 2v2
pentagon	shapes	shape	M10.83 2.38a2 2 0 0 1 2.34 0l8 5.74a2 2 0 0 1 .73 2.25l-3.04 9.26a2 2 0 0 1 -1.9 1.37H7.04a2 2 0 0 1 -1.9 -1.37L2.1 10.37a2 2 0 0 1 .73 -2.25z
percent	math,development,finance,shopping	percentage,modulo,modulus,remainder,%,sale,discount,offer,marketing	M19 5L5 19M4 6.5a2.5 2.5 0 1 0 5 0a2.5 2.5 0 1 0 -5 0zM15 17.5a2.5 2.5 0 1 0 5 0a2.5 2.5 0 1 0 -5 0z
person-standing	accessibility,people	people,human,accessibility,stick figure	M11 5a1 1 0 1 0 2 0a1 1 0 1 0 -2 0zM9 20l3 -6 3 6M6 8l6 2 6 -2M12 10v4
phi	math,science	math,golden-ratio,symbol,greek,letter,typography,constant,flux,magnetic-flux	M12 2v20M5 12a7 7 0 1 0 14 0a7 7 0 1 0 -14 0z
philippine-peso	finance	currency,peso,money,php	M20 11H4M20 7H4M7 21V4a1 1 0 0 1 1 -1h4a1 1 0 0 1 0 12H7
phone	text,connectivity,devices,communication	call	M13.832 16.568a1 1 0 0 0 1.213 -.303l.355 -.465A2 2 0 0 1 17 15h3a2 2 0 0 1 2 2v3a2 2 0 0 1 -2 2A18 18 0 0 1 2 4a2 2 0 0 1 2 -2h3a2 2 0 0 1 2 2v3a2 2 0 0 1 -.8 1.6l-.468 .351a1 1 0 0 0 -.292 1.233 14 14 0 0 0 6.392 6.384
phone-call	connectivity,devices,communication	ring	M13 2a9 9 0 0 1 9 9M13 6a5 5 0 0 1 5 5M13.832 16.568a1 1 0 0 0 1.213 -.303l.355 -.465A2 2 0 0 1 17 15h3a2 2 0 0 1 2 2v3a2 2 0 0 1 -2 2A18 18 0 0 1 2 4a2 2 0 0 1 2 -2h3a2 2 0 0 1 2 2v3a2 2 0 0 1 -.8 1.6l-.468 .351a1 1 0 0 0 -.292 1.233 14 14 0 0 0 6.392 6.384
phone-forwarded	arrows,connectivity,devices,communication	call	M14 6h8M18 2l4 4 -4 4M13.832 16.568a1 1 0 0 0 1.213 -.303l.355 -.465A2 2 0 0 1 17 15h3a2 2 0 0 1 2 2v3a2 2 0 0 1 -2 2A18 18 0 0 1 2 4a2 2 0 0 1 2 -2h3a2 2 0 0 1 2 2v3a2 2 0 0 1 -.8 1.6l-.468 .351a1 1 0 0 0 -.292 1.233 14 14 0 0 0 6.392 6.384
phone-incoming	arrows,connectivity,devices,communication	call	M16 2v6h6M22 2l-6 6M13.832 16.568a1 1 0 0 0 1.213 -.303l.355 -.465A2 2 0 0 1 17 15h3a2 2 0 0 1 2 2v3a2 2 0 0 1 -2 2A18 18 0 0 1 2 4a2 2 0 0 1 2 -2h3a2 2 0 0 1 2 2v3a2 2 0 0 1 -.8 1.6l-.468 .351a1 1 0 0 0 -.292 1.233 14 14 0 0 0 6.392 6.384
phone-missed	connectivity,devices,communication	call	M16 2l6 6M22 2l-6 6M13.832 16.568a1 1 0 0 0 1.213 -.303l.355 -.465A2 2 0 0 1 17 15h3a2 2 0 0 1 2 2v3a2 2 0 0 1 -2 2A18 18 0 0 1 2 4a2 2 0 0 1 2 -2h3a2 2 0 0 1 2 2v3a2 2 0 0 1 -.8 1.6l-.468 .351a1 1 0 0 0 -.292 1.233 14 14 0 0 0 6.392 6.384
phone-off	connectivity,devices,communication	call,mute	M10.1 13.9a14 14 0 0 0 3.732 2.668 1 1 0 0 0 1.213 -.303l.355 -.465A2 2 0 0 1 17 15h3a2 2 0 0 1 2 2v3a2 2 0 0 1 -2 2 18 18 0 0 1 -12.728 -5.272M22 2L2 22M4.76 13.582A18 18 0 0 1 2 4a2 2 0 0 1 2 -2h3a2 2 0 0 1 2 2v3a2 2 0 0 1 -.8 1.6l-.468 .351a1 1 0 0 0 -.292 1.233 14 14 0 0 0 .244 .473
phone-outgoing	arrows,connectivity,devices,communication	call	M16 8l6 -6M22 8V2h-6M13.832 16.568a1 1 0 0 0 1.213 -.303l.355 -.465A2 2 0 0 1 17 15h3a2 2 0 0 1 2 2v3a2 2 0 0 1 -2 2A18 18 0 0 1 2 4a2 2 0 0 1 2 -2h3a2 2 0 0 1 2 2v3a2 2 0 0 1 -.8 1.6l-.468 .351a1 1 0 0 0 -.292 1.233 14 14 0 0 0 6.392 6.384
pi	development,math	constant,code,coding,programming,symbol,trigonometry,geometry,formula	M9 4L9 20M4 7c0 -1.7 1.3 -3 3 -3h13M18 20c-1.7 0 -3 -1.3 -3 -3V4
piano	multimedia,devices	music,audio,sound,noise,notes,chord,keys,octave,acoustic,instrument,play,pianist,performance,concert	M10 13v4M14 13v4M18 13v4M2 13h20M22 11.5A3.5 3.5 0 0 0 18.5 8a3.52 3.52 0 0 1 -3.173 -2A7 7 0 0 0 2 9v10a2 2 0 0 0 2 2h16a2 2 0 0 0 2 -2zM6 13v4
pickaxe	tools,gaming	mining,mine,land worker,extraction,labor,construction,progress,advancement,crafting,building,creation	M14 13l-8.381 8.38a1 1 0 0 1 -3.001 -3L11 9.999M15.973 4.027A13 13 0 0 0 5.902 2.373c-1.398 .342 -1.092 2.158 .277 2.601a19.9 19.9 0 0 1 5.822 3.024M16.001 11.999a19.9 19.9 0 0 1 3.024 5.824c.444 1.369 2.26 1.676 2.603 .278A13 13 0 0 0 20 8.069M18.352 3.352a1.205 1.205 0 0 0 -1.704 0l-5.296 5.296a1.205 1.205 0 0 0 0 1.704l2.296 2.296a1.205 1.205 0 0 0 1.704 0l5.296 -5.296a1.205 1.205 0 0 0 0 -1.704z
picture-in-picture	multimedia	display,play,video,pop out,always on top,window,inset,multitask	M2 10h6V4M2 4l6 6M21 10V7a2 2 0 0 0 -2 -2h-7M3 14v2a2 2 0 0 0 2 2h3M13 14h8a1 1 0 0 1 1 1v5a1 1 0 0 1 -1 1h-8a1 1 0 0 1 -1 -1v-5a1 1 0 0 1 1 -1z
picture-in-picture-2	multimedia	display,play,video,pop out,always on top,window,inset,multitask	M21 9V6a2 2 0 0 0 -2 -2H4a2 2 0 0 0 -2 2v10c0 1.1 .9 2 2 2h4M14 13h6a2 2 0 0 1 2 2v3a2 2 0 0 1 -2 2h-6a2 2 0 0 1 -2 -2v-3a2 2 0 0 1 2 -2z
piggy-bank	finance	money,savings	M11 17h3v2a1 1 0 0 0 1 1h2a1 1 0 0 0 1 -1v-3a3.16 3.16 0 0 0 2 -2h1a1 1 0 0 0 1 -1v-2a1 1 0 0 0 -1 -1h-1a5 5 0 0 0 -2 -4V3a4 4 0 0 0 -3.2 1.6l-.3 .4H11a6 6 0 0 0 -6 6v1a5 5 0 0 0 2 4v3a1 1 0 0 0 1 1h2a1 1 0 0 0 1 -1zM16 10h.01M2 8v1a2 2 0 0 0 2 2h1
pilcrow	text	paragraph,mark,paraph,blind,typography,type,text,prose,symbol	M13 4v16M17 4v16M19 4H9.5a4.5 4.5 0 0 0 0 9H13
pilcrow-left	text	direction,paragraph,mark,paraph,blind,typography,type,text,prose,symbol	M14 3v11M14 9h-3a3 3 0 0 1 0 -6h9M18 3v11M22 18H2l4 -4M6 22l-4 -4
pilcrow-right	text	direction,paragraph,mark,paraph,blind,typography,type,text,prose,symbol	M10 3v11M10 9H7a1 1 0 0 1 0 -6h8M14 3v11M18 14l4 4H2M22 18l-4 4
pill	medical	medicine,medication,drug,prescription,tablet,pharmacy	M10.5 20.5l10 -10a4.95 4.95 0 1 0 -7 -7l-10 10a4.95 4.95 0 1 0 7 7ZM8.5 8.5l7 7
pill-bottle	medical	medicine,medication,prescription,drug,supplement,vitamin,capsule,jar,container,healthcare,pharmaceutical,tablet	M18 11h-4a1 1 0 0 0 -1 1v5a1 1 0 0 0 1 1h4M6 7v13a2 2 0 0 0 2 2h8a2 2 0 0 0 2 -2V7M5 2h14a1 1 0 0 1 1 1v3a1 1 0 0 1 -1 1h-14a1 1 0 0 1 -1 -1v-3a1 1 0 0 1 1 -1z
pin	navigation,account	save,map,lock,fix	M12 17v5M9 10.76a2 2 0 0 1 -1.11 1.79l-1.78 .9A2 2 0 0 0 5 15.24V16a1 1 0 0 0 1 1h12a1 1 0 0 0 1 -1v-.76a2 2 0 0 0 -1.11 -1.79l-1.78 -.9A2 2 0 0 1 15 10.76V7a1 1 0 0 1 1 -1 2 2 0 0 0 0 -4H8a2 2 0 0 0 0 4 1 1 0 0 1 1 1z
pin-off	navigation	unpin,map,unlock,unfix,unsave,remove	M12 17v5M15 9.34V7a1 1 0 0 1 1 -1 2 2 0 0 0 0 -4H7.89M2 2l20 20M9 9v1.76a2 2 0 0 1 -1.11 1.79l-1.78 .9A2 2 0 0 0 5 15.24V16a1 1 0 0 0 1 1h11
pipette	text,design,science	eye dropper,color picker,lab,chemistry	M12 9l-8.414 8.414A2 2 0 0 0 3 18.828v1.344a2 2 0 0 1 -.586 1.414A2 2 0 0 1 3.828 21h1.344a2 2 0 0 0 1.414 -.586L15 12M18 9l.4 .4a1 1 0 1 1 -3 3l-3.8 -3.8a1 1 0 1 1 3 -3l.4 .4 3.4 -3.4a1 1 0 1 1 3 3zM2 22l.414 -.414
pizza	food-beverage	pie,quiche,food	M12 14l-1 1M13.75 18.25l-1.25 1.42M17.775 5.654a15.68 15.68 0 0 0 -12.121 12.12M18.8 9.3a1 1 0 0 0 2.1 7.7M21.964 20.732a1 1 0 0 1 -1.232 1.232l-18 -5a1 1 0 0 1 -.695 -1.232A19.68 19.68 0 0 1 15.732 2.037a1 1 0 0 1 1.232 .695z
plane	transportation,travel,navigation	plane,trip,airplane	M17.8 19.2L16 11l3.5 -3.5C21 6 21.5 4 21 3c-1 -.5 -3 0 -4.5 1.5L13 8 4.8 6.2c-.5 -.1 -.9 .1 -1.1 .5l-.3 .5c-.2 .5 -.1 1 .3 1.3L9 12l-2 3H4l-1 1 3 2 2 3 1 -1v-3l3 -2 3.5 5.3c.3 .4 .8 .5 1.3 .3l.5 -.2c.4 -.3 .6 -.7 .5 -1.2z
plane-landing	transportation,travel	arrival,plane,trip,airplane,landing	M2 22h20M3.77 10.77L2 9l2 -4.5 1.1 .55c.55 .28 .9 .84 .9 1.45s.35 1.17 .9 1.45L8 8.5l3 -6 1.05 .53a2 2 0 0 1 1.09 1.52l.72 5.4a2 2 0 0 0 1.09 1.52l4.4 2.2c.42 .22 .78 .55 1.01 .96l.6 1.03c.49 .88 -.06 1.98 -1.06 2.1l-1.18 .15c-.47 .06 -.95 -.02 -1.37 -.24L4.29 11.15a2 2 0 0 1 -.52 -.38Z
plane-takeoff	transportation,travel	departure,plane,trip,airplane,takeoff	M2 22h20M6.36 17.4L4 17l-2 -4 1.1 -.55a2 2 0 0 1 1.8 0l.17 .1a2 2 0 0 0 1.8 0L8 12 5 6l.9 -.45a2 2 0 0 1 2.09 .2l4.02 3a2 2 0 0 0 2.1 .2l4.19 -2.06a2.41 2.41 0 0 1 1.73 -.17L21 7a1.4 1.4 0 0 1 .87 1.99l-.38 .76c-.23 .46 -.6 .84 -1.07 1.08L7.58 17.2a2 2 0 0 1 -1.22 .18Z
plant-pot	home,nature	plant,leaf,nature,pot,houseplant,gardening,planter,decor,indoor	M14 8.536V6a4 4 0 0 1 4 -4h1.5a.5 .5 0 0 1 .5 .5V4a4 4 0 0 1 -4 4 4 4 0 0 0 -4 4 5 5 0 0 1 -8 -4 5 5 0 0 1 8 4c0 2 1 3 1 5M18 17l-1.085 3.58A2 2 0 0 1 15 22H9.002a2 2 0 0 1 -1.913 -1.418L6 17M5 17h14
play	arrows,multimedia	music,audio,video,start,run	M5 5a2 2 0 0 1 3.008 -1.728l11.997 6.998a2 2 0 0 1 .003 3.458l-12 7A2 2 0 0 1 5 19z
play-off	multimedia	audio,video,music,start,run,off,disabled,blocked,forbidden	M10.215 4.56l9.79 5.71a2 2 0 0 1 .003 3.458l-.393 .23M16.042 16.042l-8.034 4.686A2 2 0 0 1 5 19V5M2 2l20 20
playing-card	gaming,development	deck,draw,deal,shuffle,chance,random,selection,tabletop,flashcard,study,learning,prompt,icebreaker,conversation,collectible,trading,poker,casino,game,gambling,suit	M12.832 8.445a1 1 0 0 0 -1.589 -.098l-2.075 3.098a1 1 0 0 0 0 1.11l2 3a1 1 0 0 0 1.664 0l2 -3a1 1 0 0 0 0 -1.11zM7 2h10a2 2 0 0 1 2 2v16a2 2 0 0 1 -2 2h-10a2 2 0 0 1 -2 -2v-16a2 2 0 0 1 2 -2z
playing-cards	gaming,development	deck,stack,shuffle,deal,draw,hand,tabletop,planning poker,scrum,agile,estimation,estimate,flashcards,study,learning,collectible,collection,trading,poker,casino,game,gambling,suit	M14.832 8.445a1 1 0 0 0 -1.589 -.098l-2.075 3.098a1 1 0 0 0 0 1.11l2 3a1 1 0 0 0 1.664 0l2 -3a1 1 0 0 0 0 -1.11zM7.18 20.827l-5 -11a2 2 0 0 1 .993 -2.647L7 5.44M9 2h10a2 2 0 0 1 2 2v16a2 2 0 0 1 -2 2h-10a2 2 0 0 1 -2 -2v-16a2 2 0 0 1 2 -2z
playing-cards-fan	gaming,development,social	deck,fan,spread,hand,deal,dealt,draw,shuffle,tabletop,planning poker,scrum,agile,estimation,estimate,prompt,icebreaker,conversation,collectible,collection,trading,poker,casino,game,gambling,suit	M12.65 7.65a2 2 0 0 1 2.629 -1.046l5.51 2.374a2 2 0 0 1 1.046 2.628l-3.957 9.184a2 2 0 0 1 -2.628 1.046l-5.51 -2.374a2 2 0 0 1 -1.046 -2.628zM18 7.777V4a2 2 0 0 0 -2 -2h-6a2 2 0 0 0 -2 2v10a2 2 0 0 0 1.137 1.805M8 4.389l-4.364 .809a2 2 0 0 0 -1.602 2.33l1.822 9.833a2 2 0 0 0 2.331 1.602l2.542 -.47
plug	devices,development	electricity,energy,electronics,socket,outlet,power,voltage,current,charger	M12 22v-5M15 8V2M17 8a1 1 0 0 1 1 1v4a4 4 0 0 1 -4 4h-4a4 4 0 0 1 -4 -4V9a1 1 0 0 1 1 -1zM9 8V2
plug-2	devices,development	electricity,energy,socket,outlet	M9 2v6M15 2v6M12 17v5M5 8h14M6 11V8h12v3a6 6 0 1 1 -12 0Z
plug-zap	devices	electricity,energy,electronics,charge,charging,battery,connect	M6.3 20.3a2.4 2.4 0 0 0 3.4 0L12 18l-6 -6 -2.3 2.3a2.4 2.4 0 0 0 0 3.4ZM2 22l3 -3M7.5 13.5L10 11M10.5 16.5L13 14M18 3l-4 4h6l-4 4
plus	math,tools,development,text,cursors,gaming	add,new,increase,increment,positive,calculate,toolbar,crosshair,aim,target,scope,sight,reticule,maximum,upgrade,extra,+	M5 12h14M12 5v14
pocket-knife	tools	swiss army knife,penknife,multi-tool,multitask,blade,cutter,gadget,corkscrew	M3 2v1c0 1 2 1 2 2S3 6 3 7s2 1 2 2 -2 1 -2 2 2 1 2 2M18 6h.01M6 18h.01M20.83 8.83a4 4 0 0 0 -5.66 -5.66l-12 12a4 4 0 1 0 5.66 5.66ZM18 11.66V22a4 4 0 0 0 4 -4V6
podium	sports,gaming	award,stage,winner,celebration,performance,medal,success,achievement,highlight,ranking,winning,place,placing,leaderboard,first,second,third,gold,silver,bronze	M12 6V2h-1M9 15a1 1 0 0 0 -1 -1H4a1 1 0 0 0 -1 1v5a1 1 0 0 0 1 1h16a1 1 0 0 0 1 -1v-3a1 1 0 0 0 -1 -1h-4a1 1 0 0 0 -1 1M9 21V11a1 1 0 0 1 1 -1h4a1 1 0 0 1 1 1v10
pointer	cursors	mouse	M22 14a8 8 0 0 1 -8 8M18 11v-1a2 2 0 0 0 -2 -2a2 2 0 0 0 -2 2M14 10V9a2 2 0 0 0 -2 -2a2 2 0 0 0 -2 2v1M10 9.5V4a2 2 0 0 0 -2 -2a2 2 0 0 0 -2 2v10M18 11a2 2 0 1 1 4 0v3a8 8 0 0 1 -8 8h-2c-2.8 0 -4.5 -.86 -5.99 -2.34l-3.6 -3.6a2 2 0 0 1 2.83 -2.82L7 15
pointer-off	cursors	mouse	M10 4.5V4a2 2 0 0 0 -2.41 -1.957M13.9 8.4a2 2 0 0 0 -1.26 -1.295M21.7 16.2A8 8 0 0 0 22 14v-3a2 2 0 1 0 -4 0v-1a2 2 0 0 0 -3.63 -1.158M7 15l-1.8 -1.8a2 2 0 0 0 -2.79 2.86L6 19.7a7.74 7.74 0 0 0 6 2.3h2a8 8 0 0 0 5.657 -2.343M6 6v8M2 2l20 20
popcorn	food-beverage,multimedia	cinema,movies,films,salted,sweet,sugar,candy,snack	M18 8a2 2 0 0 0 0 -4 2 2 0 0 0 -4 0 2 2 0 0 0 -4 0 2 2 0 0 0 -4 0 2 2 0 0 0 0 4M10 22L9 8M14 22l1 -14M20 8c.5 0 .9 .4 .8 1l-2.6 12c-.1 .5 -.7 1 -1.2 1H7c-.6 0 -1.1 -.4 -1.2 -1L3.2 9c-.1 -.6 .3 -1 .8 -1Z
popsicle	food-beverage	ice lolly,ice cream,sweet,food	M18.6 14.4c.8 -.8 .8 -2 0 -2.8l-8.1 -8.1a4.95 4.95 0 1 0 -7.1 7.1l8.1 8.1c.9 .7 2.1 .7 2.9 -.1ZM22 22l-5.5 -5.5
pound-sterling	finance	currency,money,payment	M18 7c0 -5.333 -8 -5.333 -8 0M10 7v14M6 21h12M6 13h10
power	connectivity	on,off,device,switch,toggle,binary,boolean,reboot,restart,button,keyboard,troubleshoot	M12 2v10M18.4 6.6a9 9 0 1 1 -12.77 .04
power-off	connectivity	on,off,device,switch	M18.36 6.64A9 9 0 0 1 20.77 15M6.16 6.16a9 9 0 1 0 12.68 12.68M12 2v4M2 2l20 20
presentation	multimedia,photography,devices,communication,design	screen,whiteboard,marker pens,markers,blackboard,chalk,easel,school,learning,lesson,office,meeting,project,planning	M2 3h20M21 3v11a2 2 0 0 1 -2 2H5a2 2 0 0 1 -2 -2V3M7 21l5 -5 5 5
printer	devices	fax,office,device	M6 18H4a2 2 0 0 1 -2 -2v-5a2 2 0 0 1 2 -2h16a2 2 0 0 1 2 2v5a2 2 0 0 1 -2 2h-2M6 9V3a1 1 0 0 1 1 -1h10a1 1 0 0 1 1 1v6M7 14h10a1 1 0 0 1 1 1v6a1 1 0 0 1 -1 1h-10a1 1 0 0 1 -1 -1v-6a1 1 0 0 1 1 -1z
printer-3d	devices,tools	model,hardware,technology,device,factory,manufacturing,art,extruder,stl,obj,step,additive,fabrication,rapid prototype,layer,filament,nozzle,maker,machine	M10 11v1M12 8h8M15 20v-3a1 1 0 0 0 -1 -1H9a1 1 0 0 0 -1 1v3M4 20h16M4 22V4a2 2 0 0 1 2 -2h12a2 2 0 0 1 2 2v18M4 8h4M8.635 10.093A2 2 0 0 1 8 8.631V7a1 1 0 0 1 1 -1h2a1 1 0 0 1 1 1v2a1 1 0 0 1 -.293 .707l-1 1a1 1 0 0 1 -1.414 0z
printer-check	devices	fax,office,device,success,printed	M13.5 22H7a1 1 0 0 1 -1 -1v-6a1 1 0 0 1 1 -1h10a1 1 0 0 1 1 1v.5M16 19l2 2 4 -4M6 18H4a2 2 0 0 1 -2 -2v-5a2 2 0 0 1 2 -2h16a2 2 0 0 1 2 2v2M6 9V3a1 1 0 0 1 1 -1h10a1 1 0 0 1 1 1v6
printer-x	devices	fax,office,device,cross,cancel,remove,error	M12.531 22H7a1 1 0 0 1 -1 -1v-6a1 1 0 0 1 1 -1h6.377M16.5 16.5l5 5M16.5 21.5l5 -5M6 18H4a2 2 0 0 1 -2 -2v-5a2 2 0 0 1 2 -2h16a2 2 0 0 1 2 2v1.5M6 9V3a1 1 0 0 1 1 -1h10a1 1 0 0 1 1 1v6
projector	multimedia,photography,devices,communication	cinema,film,movie,home video,presentation,slideshow,office,meeting,project,planning	M5 7L3 5M9 6V3M13 7l2 -2M6 13a3 3 0 1 0 6 0a3 3 0 1 0 -6 0zM11.83 12H20a2 2 0 0 1 2 2v4a2 2 0 0 1 -2 2H4a2 2 0 0 1 -2 -2v-4a2 2 0 0 1 2 -2h2.17M16 16h2
proportions	layout,design,photography,devices	screens,sizes,rotate,rotation,adjust,aspect ratio,16:9,widescreen,4:3,resolution,responsive,mobile,desktop,dimensions,monitor,orientation,portrait,landscape	M4 4h16a2 2 0 0 1 2 2v12a2 2 0 0 1 -2 2h-16a2 2 0 0 1 -2 -2v-12a2 2 0 0 1 2 -2zM12 9v11M2 9h13a2 2 0 0 1 2 2v9
puzzle	development,gaming	component,module,part,piece	M15.39 4.39a1 1 0 0 0 1.68 -.474 2.5 2.5 0 1 1 3.014 3.015 1 1 0 0 0 -.474 1.68l1.683 1.682a2.414 2.414 0 0 1 0 3.414L19.61 15.39a1 1 0 0 1 -1.68 -.474 2.5 2.5 0 1 0 -3.014 3.015 1 1 0 0 1 .474 1.68l-1.683 1.682a2.414 2.414 0 0 1 -3.414 0L8.61 19.61a1 1 0 0 0 -1.68 .474 2.5 2.5 0 1 1 -3.014 -3.015 1 1 0 0 0 .474 -1.68l-1.683 -1.682a2.414 2.414 0 0 1 0 -3.414L4.39 8.61a1 1 0 0 1 1.68 .474 2.5 2.5 0 1 0 3.014 -3.015 1 1 0 0 1 -.474 -1.68l1.683 -1.682a2.414 2.414 0 0 1 3.414 0z
pyramid	shapes,math,travel	prism,triangle,triangular,hierarchy,structure,geometry,ancient,egyptian,landmark,tourism	M2.5 16.88a1 1 0 0 1 -.32 -1.43l9 -13.02a1 1 0 0 1 1.64 0l9 13.01a1 1 0 0 1 -.32 1.44l-8.51 4.86a2 2 0 0 1 -1.98 0ZM12 2v20
qr-code	development,social	barcode,scan,link,url,information,digital	M4 3h3a1 1 0 0 1 1 1v3a1 1 0 0 1 -1 1h-3a1 1 0 0 1 -1 -1v-3a1 1 0 0 1 1 -1zM17 3h3a1 1 0 0 1 1 1v3a1 1 0 0 1 -1 1h-3a1 1 0 0 1 -1 -1v-3a1 1 0 0 1 1 -1zM4 16h3a1 1 0 0 1 1 1v3a1 1 0 0 1 -1 1h-3a1 1 0 0 1 -1 -1v-3a1 1 0 0 1 1 -1zM21 16h-3a2 2 0 0 0 -2 2v3M21 21v.01M12 7v3a2 2 0 0 1 -2 2H7M3 12h.01M12 3h.01M12 16v.01M16 12h1M21 12v.01M12 21v-1
quote	text	quotation	M16 3a2 2 0 0 0 -2 2v6a2 2 0 0 0 2 2 1 1 0 0 1 1 1v1a2 2 0 0 1 -2 2 1 1 0 0 0 -1 1v2a1 1 0 0 0 1 1 6 6 0 0 0 6 -6V5a2 2 0 0 0 -2 -2zM5 3a2 2 0 0 0 -2 2v6a2 2 0 0 0 2 2 1 1 0 0 1 1 1v1a2 2 0 0 1 -2 2 1 1 0 0 0 -1 1v2a1 1 0 0 0 1 1 6 6 0 0 0 6 -6V5a2 2 0 0 0 -2 -2z
rabbit	animals	animal,rodent,pet,pest,bunny,hare,fast,speed,hop	M13 16a3 3 0 0 1 2.24 5M18 12h.01M18 21h-8a4 4 0 0 1 -4 -4 7 7 0 0 1 7 -7h.2L9.6 6.4a1 1 0 1 1 2.8 -2.8L15.8 7h.2c3.3 0 6 2.7 6 6v1a2 2 0 0 1 -2 2h-1a3 3 0 0 0 -3 3M20 8.54V4a2 2 0 1 0 -4 0v3M7.612 12.524a3 3 0 1 0 -1.6 4.3
radar	navigation,security,communication	scan,sonar,detect,find,locate	M19.07 4.93A10 10 0 0 0 6.99 3.34M4 6h.01M2.29 9.62A10 10 0 1 0 21.31 8.35M16.24 7.76A6 6 0 1 0 8.23 16.67M12 18h.01M17.99 11.66A6 6 0 0 1 15.77 16.67M10 12a2 2 0 1 0 4 0a2 2 0 1 0 -4 0zM13.41 10.59l5.66 -5.66
radiation	science	radioactive,nuclear,fallout,waste,atomic,physics,particle,element,molecule	M12 12h.01M14 15.464a4 4 0 0 1 -4 0L7.528 19.746A1 1 0 0 0 7.993 21.162 10 10 0 0 0 16.007 21.162 1 1 0 0 0 16.472 19.746zM16 12a4 4 0 0 0 -2 -3.464l2.472 -4.282a1 1 0 0 1 1.46 -.305 10 10 0 0 1 4.006 6.94A1 1 0 0 1 21 12zM8 12a4 4 0 0 1 2 -3.464L7.528 4.254a1 1 0 0 0 -1.46 -.305 10 10 0 0 0 -4.006 6.94A1 1 0 0 0 3 12z
radical	development,math	calculate,formula,math,operator,root,square,symbol	M3 12h3.28a1 1 0 0 1 .948 .684l2.298 7.934a.5 .5 0 0 0 .96 -.044L13.82 4.771A1 1 0 0 1 14.792 4H21
radio	devices,multimedia,social	signal,broadcast,connectivity,live,frequency	M16.247 7.761a6 6 0 0 1 0 8.478M19.075 4.933a10 10 0 0 1 0 14.134M4.925 19.067a10 10 0 0 1 0 -14.134M7.753 16.239a6 6 0 0 1 0 -8.478M10 12a2 2 0 1 0 4 0a2 2 0 1 0 -4 0z
radio-off	devices,multimedia,social	signal,broadcast,connectivity,live,frequency	M13.414 13.414a2 2 0 1 1 -2.828 -2.828M16.247 7.761a6 6 0 0 1 1.744 4.572M19.075 4.933a10 10 0 0 1 2.234 10.72M2 2l20 20M4.925 19.067a10 10 0 0 1 0 -14.134M7.753 16.239a6 6 0 0 1 0 -8.478
radio-receiver	devices	device,music,connect	M5 16v2M19 16v2M4 8h16a2 2 0 0 1 2 2v4a2 2 0 0 1 -2 2h-16a2 2 0 0 1 -2 -2v-4a2 2 0 0 1 2 -2zM18 12h.01
radio-tower	devices,multimedia,social	signal,broadcast,connectivity,live,frequency	M4.9 16.1C1 12.2 1 5.8 4.9 1.9M7.8 4.7a6.14 6.14 0 0 0 -.8 7.5M10 9a2 2 0 1 0 4 0a2 2 0 1 0 -4 0zM16.2 4.8c2 2 2.26 5.11 .8 7.47M19.1 1.9a9.96 9.96 0 0 1 0 14.1M9.5 18h5M8 22l4 -11 4 11
radius	shapes,math,design,tools	shape,circle,geometry,trigonometry,radii,calculate,measure,size	M20.34 17.52a10 10 0 1 0 -2.82 2.82M17 19a2 2 0 1 0 4 0a2 2 0 1 0 -4 0zM13.41 13.41l4.18 4.18M10 12a2 2 0 1 0 4 0a2 2 0 1 0 -4 0z
rainbow	weather	colors,colours,spectrum,light,prism,arc,clear,sunshine	M22 17a10 10 0 0 0 -20 0M6 17a6 6 0 0 1 12 0M10 17a2 2 0 0 1 4 0
rat	animals	mouse,mice,gerbil,rodent,pet,pest,plague,disease	M13 22H4a2 2 0 0 1 0 -4h12M13.236 18a3 3 0 0 0 -2.2 -5M16 9h.01M16.82 3.94a3 3 0 1 1 3.237 4.868l1.815 2.587a1.5 1.5 0 0 1 -1.5 2.1l-2.872 -.453a3 3 0 0 0 -3.5 3M17 4.988a3 3 0 1 0 -5.2 2.052A7 7 0 0 0 4 14.015 4 4 0 0 0 8 18
ratio	layout,design,photography	screens,sizes,rotate,rotation,adjust,aspect ratio,proportions,16:9,widescreen,4:3,resolution,responsive,mobile,desktop,dimensions,monitor,orientation,portrait,landscape	M8 2h8a2 2 0 0 1 2 2v16a2 2 0 0 1 -2 2h-8a2 2 0 0 1 -2 -2v-16a2 2 0 0 1 2 -2zM4 6h16a2 2 0 0 1 2 2v8a2 2 0 0 1 -2 2h-16a2 2 0 0 1 -2 -2v-8a2 2 0 0 1 2 -2z
receipt	finance,travel	bill,voucher,slip,check,counterfoil,currency,dollar,usd,$	M12 17V7M16 8h-6a2 2 0 0 0 0 4h4a2 2 0 0 1 0 4H8M4 3a1 1 0 0 1 1 -1 1.3 1.3 0 0 1 .7 .2l.933 .6a1.3 1.3 0 0 0 1.4 0l.934 -.6a1.3 1.3 0 0 1 1.4 0l.933 .6a1.3 1.3 0 0 0 1.4 0l.933 -.6a1.3 1.3 0 0 1 1.4 0l.934 .6a1.3 1.3 0 0 0 1.4 0l.933 -.6A1.3 1.3 0 0 1 19 2a1 1 0 0 1 1 1v18a1 1 0 0 1 -1 1 1.3 1.3 0 0 1 -.7 -.2l-.933 -.6a1.3 1.3 0 0 0 -1.4 0l-.934 .6a1.3 1.3 0 0 1 -1.4 0l-.933 -.6a1.3 1.3 0 0 0 -1.4 0l-.933 .6a1.3 1.3 0 0 1 -1.4 0l-.934 -.6a1.3 1.3 0 0 0 -1.4 0l-.933 .6a1.3 1.3 0 0 1 -.7 .2 1 1 0 0 1 -1 -1z
receipt-cent	finance,travel	bill,voucher,slip,check,counterfoil,currency,cents,dollar,usd,$,¢	M12 7v10M14.828 14.829a4 4 0 0 1 -5.656 0 4 4 0 0 1 0 -5.657 4 4 0 0 1 5.656 0M4 3a1 1 0 0 1 1 -1 1.3 1.3 0 0 1 .7 .2l.933 .6a1.3 1.3 0 0 0 1.4 0l.934 -.6a1.3 1.3 0 0 1 1.4 0l.933 .6a1.3 1.3 0 0 0 1.4 0l.933 -.6a1.3 1.3 0 0 1 1.4 0l.934 .6a1.3 1.3 0 0 0 1.4 0l.933 -.6A1.3 1.3 0 0 1 19 2a1 1 0 0 1 1 1v18a1 1 0 0 1 -1 1 1.3 1.3 0 0 1 -.7 -.2l-.933 -.6a1.3 1.3 0 0 0 -1.4 0l-.934 .6a1.3 1.3 0 0 1 -1.4 0l-.933 -.6a1.3 1.3 0 0 0 -1.4 0l-.933 .6a1.3 1.3 0 0 1 -1.4 0l-.934 -.6a1.3 1.3 0 0 0 -1.4 0l-.933 .6a1.3 1.3 0 0 1 -.7 .2 1 1 0 0 1 -1 -1z
receipt-euro	finance,travel	bill,voucher,slip,check,counterfoil,currency,€	M15.828 14.829a4 4 0 0 1 -5.656 0 4 4 0 0 1 0 -5.657 4 4 0 0 1 5.656 0M4 3a1 1 0 0 1 1 -1 1.3 1.3 0 0 1 .7 .2l.933 .6a1.3 1.3 0 0 0 1.4 0l.934 -.6a1.3 1.3 0 0 1 1.4 0l.933 .6a1.3 1.3 0 0 0 1.4 0l.933 -.6a1.3 1.3 0 0 1 1.4 0l.934 .6a1.3 1.3 0 0 0 1.4 0l.933 -.6A1.3 1.3 0 0 1 19 2a1 1 0 0 1 1 1v18a1 1 0 0 1 -1 1 1.3 1.3 0 0 1 -.7 -.2l-.933 -.6a1.3 1.3 0 0 0 -1.4 0l-.934 .6a1.3 1.3 0 0 1 -1.4 0l-.933 -.6a1.3 1.3 0 0 0 -1.4 0l-.933 .6a1.3 1.3 0 0 1 -1.4 0l-.934 -.6a1.3 1.3 0 0 0 -1.4 0l-.933 .6a1.3 1.3 0 0 1 -.7 .2 1 1 0 0 1 -1 -1zM8 12h5
receipt-indian-rupee	finance,travel	bill,voucher,slip,check,counterfoil,currency,inr,₹	M4 3a1 1 0 0 1 1 -1 1.3 1.3 0 0 1 .7 .2l.933 .6a1.3 1.3 0 0 0 1.4 0l.934 -.6a1.3 1.3 0 0 1 1.4 0l.933 .6a1.3 1.3 0 0 0 1.4 0l.933 -.6a1.3 1.3 0 0 1 1.4 0l.934 .6a1.3 1.3 0 0 0 1.4 0l.933 -.6A1.3 1.3 0 0 1 19 2a1 1 0 0 1 1 1v18a1 1 0 0 1 -1 1 1.3 1.3 0 0 1 -.7 -.2l-.933 -.6a1.3 1.3 0 0 0 -1.4 0l-.934 .6a1.3 1.3 0 0 1 -1.4 0l-.933 -.6a1.3 1.3 0 0 0 -1.4 0l-.933 .6a1.3 1.3 0 0 1 -1.4 0l-.934 -.6a1.3 1.3 0 0 0 -1.4 0l-.933 .6a1.3 1.3 0 0 1 -.7 .2 1 1 0 0 1 -1 -1zM8 11h8M8 7h8M9 7a4 4 0 0 1 0 8H8l3 2
receipt-japanese-yen	finance,travel	bill,voucher,slip,check,counterfoil,currency,jpy,¥	M12 10l3 -3M4 3a1 1 0 0 1 1 -1 1.3 1.3 0 0 1 .7 .2l.933 .6a1.3 1.3 0 0 0 1.4 0l.934 -.6a1.3 1.3 0 0 1 1.4 0l.933 .6a1.3 1.3 0 0 0 1.4 0l.933 -.6a1.3 1.3 0 0 1 1.4 0l.934 .6a1.3 1.3 0 0 0 1.4 0l.933 -.6A1.3 1.3 0 0 1 19 2a1 1 0 0 1 1 1v18a1 1 0 0 1 -1 1 1.3 1.3 0 0 1 -.7 -.2l-.933 -.6a1.3 1.3 0 0 0 -1.4 0l-.934 .6a1.3 1.3 0 0 1 -1.4 0l-.933 -.6a1.3 1.3 0 0 0 -1.4 0l-.933 .6a1.3 1.3 0 0 1 -1.4 0l-.934 -.6a1.3 1.3 0 0 0 -1.4 0l-.933 .6a1.3 1.3 0 0 1 -.7 .2 1 1 0 0 1 -1 -1zM9 11h6M9 15h6M9 7l3 3v7
receipt-pound-sterling	finance,travel	bill,voucher,slip,check,counterfoil,british,currency,gbp,£	M10 17V9.5a1 1 0 0 1 5 0M4 3a1 1 0 0 1 1 -1 1.3 1.3 0 0 1 .7 .2l.933 .6a1.3 1.3 0 0 0 1.4 0l.934 -.6a1.3 1.3 0 0 1 1.4 0l.933 .6a1.3 1.3 0 0 0 1.4 0l.933 -.6a1.3 1.3 0 0 1 1.4 0l.934 .6a1.3 1.3 0 0 0 1.4 0l.933 -.6A1.3 1.3 0 0 1 19 2a1 1 0 0 1 1 1v18a1 1 0 0 1 -1 1 1.3 1.3 0 0 1 -.7 -.2l-.933 -.6a1.3 1.3 0 0 0 -1.4 0l-.934 .6a1.3 1.3 0 0 1 -1.4 0l-.933 -.6a1.3 1.3 0 0 0 -1.4 0l-.933 .6a1.3 1.3 0 0 1 -1.4 0l-.934 -.6a1.3 1.3 0 0 0 -1.4 0l-.933 .6a1.3 1.3 0 0 1 -.7 .2 1 1 0 0 1 -1 -1zM8 13h5M8 17h7
receipt-russian-ruble	finance,travel	bill,voucher,slip,check,counterfoil,currency,rub,₽	M4 3a1 1 0 0 1 1 -1 1.3 1.3 0 0 1 .7 .2l.933 .6a1.3 1.3 0 0 0 1.4 0l.934 -.6a1.3 1.3 0 0 1 1.4 0l.933 .6a1.3 1.3 0 0 0 1.4 0l.933 -.6a1.3 1.3 0 0 1 1.4 0l.934 .6a1.3 1.3 0 0 0 1.4 0l.933 -.6A1.3 1.3 0 0 1 19 2a1 1 0 0 1 1 1v18a1 1 0 0 1 -1 1 1.3 1.3 0 0 1 -.7 -.2l-.933 -.6a1.3 1.3 0 0 0 -1.4 0l-.934 .6a1.3 1.3 0 0 1 -1.4 0l-.933 -.6a1.3 1.3 0 0 0 -1.4 0l-.933 .6a1.3 1.3 0 0 1 -1.4 0l-.934 -.6a1.3 1.3 0 0 0 -1.4 0l-.933 .6a1.3 1.3 0 0 1 -.7 .2 1 1 0 0 1 -1 -1zM8 11h5a2 2 0 0 0 0 -4h-3v10M8 15h5
receipt-swiss-franc	finance,travel	bill,voucher,slip,check,counterfoil,currency,chf,₣	M10 11h4M10 17V7h5M4 3a1 1 0 0 1 1 -1 1.3 1.3 0 0 1 .7 .2l.933 .6a1.3 1.3 0 0 0 1.4 0l.934 -.6a1.3 1.3 0 0 1 1.4 0l.933 .6a1.3 1.3 0 0 0 1.4 0l.933 -.6a1.3 1.3 0 0 1 1.4 0l.934 .6a1.3 1.3 0 0 0 1.4 0l.933 -.6A1.3 1.3 0 0 1 19 2a1 1 0 0 1 1 1v18a1 1 0 0 1 -1 1 1.3 1.3 0 0 1 -.7 -.2l-.933 -.6a1.3 1.3 0 0 0 -1.4 0l-.934 .6a1.3 1.3 0 0 1 -1.4 0l-.933 -.6a1.3 1.3 0 0 0 -1.4 0l-.933 .6a1.3 1.3 0 0 1 -1.4 0l-.934 -.6a1.3 1.3 0 0 0 -1.4 0l-.933 .6a1.3 1.3 0 0 1 -.7 .2 1 1 0 0 1 -1 -1zM8 15h5
receipt-text	finance,travel	bill,voucher,slip,check,counterfoil,details,small print,terms,conditions,contract	M13 16H8M14 8H8M16 12H8M4 3a1 1 0 0 1 1 -1 1.3 1.3 0 0 1 .7 .2l.933 .6a1.3 1.3 0 0 0 1.4 0l.934 -.6a1.3 1.3 0 0 1 1.4 0l.933 .6a1.3 1.3 0 0 0 1.4 0l.933 -.6a1.3 1.3 0 0 1 1.4 0l.934 .6a1.3 1.3 0 0 0 1.4 0l.933 -.6A1.3 1.3 0 0 1 19 2a1 1 0 0 1 1 1v18a1 1 0 0 1 -1 1 1.3 1.3 0 0 1 -.7 -.2l-.933 -.6a1.3 1.3 0 0 0 -1.4 0l-.934 .6a1.3 1.3 0 0 1 -1.4 0l-.933 -.6a1.3 1.3 0 0 0 -1.4 0l-.933 .6a1.3 1.3 0 0 1 -1.4 0l-.934 -.6a1.3 1.3 0 0 0 -1.4 0l-.933 .6a1.3 1.3 0 0 1 -.7 .2 1 1 0 0 1 -1 -1z
receipt-turkish-lira	finance,travel	bill,voucher,slip,check,counterfoil,currency,try,₺	M10 7v10a5 5 0 0 0 5 -5M14 8l-6 3M4 3a1 1 0 0 1 1 -1 1.3 1.3 0 0 1 .7 .2l.933 .6a1.3 1.3 0 0 0 1.4 0l.934 -.6a1.3 1.3 0 0 1 1.4 0l.933 .6a1.3 1.3 0 0 0 1.4 0l.933 -.6a1.3 1.3 0 0 1 1.4 0l.934 .6a1.3 1.3 0 0 0 1.4 0l.933 -.6A1.3 1.3 0 0 1 19 2a1 1 0 0 1 1 1v18a1 1 0 0 1 -1 1 1.3 1.3 0 0 1 -.7 -.2l-.933 -.6a1.3 1.3 0 0 0 -1.4 0l-.934 .6a1.3 1.3 0 0 1 -1.4 0l-.933 -.6a1.3 1.3 0 0 0 -1.4 0l-.933 .6a1.3 1.3 0 0 1 -1.4 0l-.934 -.6a1.3 1.3 0 0 0 -1.4 0l-.933 .6a1.3 1.3 0 0 1 -.7 .2 1 1 0 0 1 -1 -1z
rectangle-circle	development,text	compose,keyboard,key,button	M14 4v16H3a1 1 0 0 1 -1 -1V5a1 1 0 0 1 1 -1zM6 12a8 8 0 1 0 16 0a8 8 0 1 0 -16 0z
rectangle-ellipsis	text,development	login,password,authenticate,2fa,field,fill,ellipsis,et cetera,etc,loader,loading,progress,pending,throbber,menu,options,operator,code,spread,rest,more,further,extra,overflow,dots,…,...	M4 6h16a2 2 0 0 1 2 2v8a2 2 0 0 1 -2 2h-16a2 2 0 0 1 -2 -2v-8a2 2 0 0 1 2 -2zM12 12h.01M17 12h.01M7 12h.01
rectangle-goggles	devices,gaming,multimedia,connectivity	vr,virtual,augmented,reality,headset,goggles	M20 6a2 2 0 0 1 2 2v8a2 2 0 0 1 -2 2h-4a2 2 0 0 1 -1.6 -.8l-1.6 -2.13a1 1 0 0 0 -1.6 0L9.6 17.2A2 2 0 0 1 8 18H4a2 2 0 0 1 -2 -2V8a2 2 0 0 1 2 -2z
rectangle-horizontal	shapes,design	rectangle,aspect ratio,16:9,horizontal,shape	M4 6h16a2 2 0 0 1 2 2v8a2 2 0 0 1 -2 2h-16a2 2 0 0 1 -2 -2v-8a2 2 0 0 1 2 -2z
rectangle-vertical	shapes,design	rectangle,aspect ratio,9:16,vertical,shape	M8 2h8a2 2 0 0 1 2 2v16a2 2 0 0 1 -2 2h-8a2 2 0 0 1 -2 -2v-16a2 2 0 0 1 2 -2z
recycle	sustainability	sustainability,salvage,arrows	M7 19H4.815a1.83 1.83 0 0 1 -1.57 -.881 1.785 1.785 0 0 1 -.004 -1.784L7.196 9.5M11 19h8.203a1.83 1.83 0 0 0 1.556 -.89 1.784 1.784 0 0 0 0 -1.775l-1.226 -2.12M14 16l-3 3 3 3M8.293 13.596L7.196 9.5 3.1 10.598M9.344 5.811l1.093 -1.892A1.83 1.83 0 0 1 11.985 3a1.784 1.784 0 0 1 1.546 .888l3.943 6.843M13.378 9.633l4.096 1.098 1.097 -4.096
redo	text,arrows	undo,rerun,history	M21 7v6h-6M3 17a9 9 0 0 1 9 -9 9 9 0 0 1 6 2.3l3 2.7
redo-2	text,arrows	undo,rerun,history	M15 14l5 -5 -5 -5M20 9H9.5A5.5 5.5 0 0 0 4 14.5A5.5 5.5 0 0 0 9.5 20H13
redo-dot	text,arrows	redo,history,step,over,forward	M11 17a1 1 0 1 0 2 0a1 1 0 1 0 -2 0zM21 7v6h-6M3 17a9 9 0 0 1 9 -9 9 9 0 0 1 6 2.3l3 2.7
refresh-ccw	arrows	arrows,rotate,reload,rerun,synchronise,synchronize,circular,cycle	M21 12a9 9 0 0 0 -9 -9 9.75 9.75 0 0 0 -6.74 2.74L3 8M3 3v5h5M3 12a9 9 0 0 0 9 9 9.75 9.75 0 0 0 6.74 -2.74L21 16M16 16h5v5
refresh-ccw-dot	arrows,development	arrows,rotate,reload,synchronise,synchronize,circular,cycle,issue,code,coding,version control	M21 12a9 9 0 0 0 -9 -9 9.75 9.75 0 0 0 -6.74 2.74L3 8M3 3v5h5M3 12a9 9 0 0 0 9 9 9.75 9.75 0 0 0 6.74 -2.74L21 16M16 16h5v5M11 12a1 1 0 1 0 2 0a1 1 0 1 0 -2 0z
refresh-cw	arrows	rotate,reload,rerun,synchronise,synchronize,arrows,circular,cycle	M3 12a9 9 0 0 1 9 -9 9.75 9.75 0 0 1 6.74 2.74L21 8M21 3v5h-5M21 12a9 9 0 0 1 -9 9 9.75 9.75 0 0 1 -6.74 -2.74L3 16M8 16H3v5
refresh-cw-off	arrows	rotate,reload,rerun,synchronise,synchronize,arrows,circular,cycle,cancel,no,stop,error,disconnect,ignore	M21 8L18.74 5.74A9.75 9.75 0 0 0 12 3C11 3 10.03 3.16 9.13 3.47M8 16H3v5M3 12C3 9.51 4 7.26 5.64 5.64M3 16l2.26 2.26A9.75 9.75 0 0 0 12 21c2.49 0 4.74 -1 6.36 -2.64M21 12c0 1 -.16 1.97 -.47 2.87M21 3v5h-5M22 22L2 2
refrigerator	food-beverage,home	frigerator,fridge,freezer,cooler,icebox,chiller,cold storage	M5 6a4 4 0 0 1 4 -4h6a4 4 0 0 1 4 4v14a2 2 0 0 1 -2 2H7a2 2 0 0 1 -2 -2V6ZM5 10h14M15 7v6
regex	text,development	search,text,code	M17 3v10M12.67 5.5l8.66 5M12.67 10.5l8.66 -5M9 17a2 2 0 0 0 -2 -2H5a2 2 0 0 0 -2 2v2a2 2 0 0 0 2 2h2a2 2 0 0 0 2 -2v-2z
remove-formatting	text	text,font,typography,format,x,remove,delete,times,clear	M4 7V4h16v3M5 20h6M13 4L8 20M15 15l5 5M20 15l-5 5
repeat	arrows,multimedia	loop,arrows	M17 2l4 4 -4 4M3 11v-1a4 4 0 0 1 4 -4h14M7 22l-4 -4 4 -4M21 13v1a4 4 0 0 1 -4 4H3
repeat-1	multimedia	replay	M17 2l4 4 -4 4M3 11v-1a4 4 0 0 1 4 -4h14M7 22l-4 -4 4 -4M21 13v1a4 4 0 0 1 -4 4H3M11 10h1v4
repeat-2	arrows,social,multimedia	arrows,retweet,repost,share,repeat,loop	M2 9l3 -3 3 3M13 18H7a2 2 0 0 1 -2 -2V6M22 15l-3 3 -3 -3M11 6h6a2 2 0 0 1 2 2v10
repeat-off	arrows,multimedia	loop,arrows,recurring,again	M11.656 6H21l-4 -4M17.898 17.898A4 4 0 0 1 17 18H3l4 -4M2 2l20 20M21 13v1a4 4 0 0 1 -.171 1.159M21 6l-4 4M3 11v-1a4 4 0 0 1 3.102 -3.898M7 22l-4 -4
replace	text	search,substitute,swap,change	M14 4a1 1 0 0 1 1 -1M15 10a1 1 0 0 1 -1 -1M21 4a1 1 0 0 0 -1 -1M21 9a1 1 0 0 1 -1 1M3 7l3 3 3 -3M6 10V5a2 2 0 0 1 2 -2h2M4 14h5a1 1 0 0 1 1 1v5a1 1 0 0 1 -1 1h-5a1 1 0 0 1 -1 -1v-5a1 1 0 0 1 1 -1z
replace-all	text	search,substitute,swap,change	M14 14a1 1 0 0 1 1 1v5a1 1 0 0 1 -1 1M14 4a1 1 0 0 1 1 -1M15 10a1 1 0 0 1 -1 -1M19 14a1 1 0 0 1 1 1v5a1 1 0 0 1 -1 1M21 4a1 1 0 0 0 -1 -1M21 9a1 1 0 0 1 -1 1M3 7l3 3 3 -3M6 10V5a2 2 0 0 1 2 -2h2M4 14h5a1 1 0 0 1 1 1v5a1 1 0 0 1 -1 1h-5a1 1 0 0 1 -1 -1v-5a1 1 0 0 1 1 -1z
reply	mail	email	M20 18v-2a4 4 0 0 0 -4 -4H4M9 17l-5 -5 5 -5
reply-all	mail	email	M12 17l-5 -5 5 -5M22 18v-2a4 4 0 0 0 -4 -4H7M7 17l-5 -5 5 -5
rewind	arrows,multimedia	music	M12 6a2 2 0 0 0 -3.414 -1.414l-6 6a2 2 0 0 0 0 2.828l6 6A2 2 0 0 0 12 18zM22 6a2 2 0 0 0 -3.414 -1.414l-6 6a2 2 0 0 0 0 2.828l6 6A2 2 0 0 0 22 18z
ribbon	social,medical,emoji	awareness,strip,band,tape,strap,cordon	M12 11.22C11 9.997 10 9 10 8a2 2 0 0 1 4 0c0 1 -.998 2.002 -2.01 3.22M12 18l2.57 -3.5M6.243 9.016a7 7 0 0 1 11.507 -.009M9.35 14.53L12 11.22M9.35 14.53C7.728 12.246 6 10.221 6 7a6 5 0 0 1 12 0c-.005 3.22 -1.778 5.235 -3.43 7.5l3.557 4.527a1 1 0 0 1 -.203 1.43l-1.894 1.36a1 1 0 0 1 -1.384 -.215L12 18l-2.679 3.593a1 1 0 0 1 -1.39 .213l-1.865 -1.353a1 1 0 0 1 -.203 -1.422z
road	transportation	road,street,highway,route,path,transport,traffic,drive,map	M12 17v4M12 5V3M12 9v3M2.077 18.449A2 2 0 0 0 4 21h16a2 2 0 0 0 1.924 -2.55l-4 -14A2 2 0 0 0 16 3H8a2 2 0 0 0 -1.924 1.45z
robot-arm	science,tools	mechanical,automation,factory,manufacture,technology,cyborg,industrial,hardware,machinery	M12 21L7.5 8.322M14 7l1.75 -3.767a.5 .5 0 0 1 .662 -.172L20 5.005M20 8.998l-3.588 1.944a.5 .5 0 0 1 -.662 -.172L14 7H8M3.486 21h10M5 21V8.732M4 7a2 2 0 1 0 4 0a2 2 0 1 0 -4 0z
robot-vacuum	devices,home,tools	appliance,cleaning,household,housekeeping,tool,maintenance,smarthome,sweeping,hygiene,chores,automation,smart home,device,floor,dust,debris,navigation,sensor	M11 17h2M12 12h.01M17 12a5 5 0 0 0 -10 0M19 2v2.8M2 5h2.8M22 5h-2.8M5 2v2.8M2 12a10 10 0 1 0 20 0a10 10 0 1 0 -20 0z
rocket	gaming,development	release,boost,launch,space,version	M12 15v5s3.03 -.55 4 -2c1.08 -1.62 0 -5 0 -5M4.5 16.5c-1.5 1.26 -2 5 -2 5s3.74 -.5 5 -2c.71 -.84 .7 -2.13 -.09 -2.91a2.18 2.18 0 0 0 -2.91 -.09M9 12a22 22 0 0 1 2 -3.95A12.88 12.88 0 0 1 22 2c0 2.72 -.78 7.5 -6 11a22.4 22.4 0 0 1 -4 2zM9 12H4s.55 -3.03 2 -4c1.62 -1.08 5 .05 5 .05
rocking-chair	home	chair,furniture,seat,comfort,relax	M15 13l3.708 7.416M3 19a15 15 0 0 0 18 0M3 2l3.21 9.633A2 2 0 0 0 8.109 13H18M9 13l-3.708 7.416
roller-coaster	navigation	attraction,entertainment,amusement park,theme park,funfair	M6 19V5M10 19V6.8M14 19v-7.8M18 5v4M18 19v-6M22 19V9M2 19V9a4 4 0 0 1 4 -4c2 0 4 1.33 6 4s4 4 6 4a4 4 0 1 0 -3 -6.65
rose	nature,seasons,sustainability,home,social	roses,thorns,petals,plant,stem,leaves,spring,bloom,blossom,gardening,botanical,flora,florist,bouquet,bunch,gift,date,romance,romantic,valentines day,special occasion	M17 10h-1a4 4 0 1 1 4 -4v.534M17 6h1a4 4 0 0 1 1.42 7.74l-2.29 .87a6 6 0 0 1 -5.339 -10.68l2.069 -1.31M4.5 17c2.8 -.5 4.4 0 5.5 .8s1.8 2.2 2.3 3.7c-2 .4 -3.5 .4 -4.8 -.3 -1.2 -.6 -2.3 -1.9 -3 -4.2M9.77 12C4 15 2 22 2 22M15 8a2 2 0 1 0 4 0a2 2 0 1 0 -4 0z
rotate-3d	design	gizmo,transform,orientation,orbit,axis	M15.194 13.707l3.814 1.86 -1.86 3.814M16.472 7.528A5 10 0 1 0 13 21.798M21.798 11A10 5 0 1 0 19 15.571
rotate-ccw	arrows,design,photography	arrow,left,counter-clockwise,restart,reload,rerun,refresh,backup,undo,replay,redo,retry,rewind,reverse	M3 12a9 9 0 1 0 9 -9 9.75 9.75 0 0 0 -6.74 2.74L3 8M3 3v5h5
rotate-ccw-clock	arrows,time	history,time,redo,undo,rewind,timeline,version,time machine,backup,ccw	M3 12a9 9 0 1 0 9 -9 9.75 9.75 0 0 0 -6.74 2.74L3 8M3 3v5h5M12 7v5l4 2
rotate-ccw-key	security,account	password,key,refresh,change	M12 7v6M12 9h2M3 12a9 9 0 1 0 9 -9 9.74 9.74 0 0 0 -6.74 2.74L3 8M3 3v5h5M10 15a2 2 0 1 0 4 0a2 2 0 1 0 -4 0z
rotate-ccw-square	layout,design,photography,tools,arrows	left,counter-clockwise,rotate,image,90,45,degrees,°	M20 9V7a2 2 0 0 0 -2 -2h-6M15 2l-3 3 3 3M20 13v5a2 2 0 0 1 -2 2H6a2 2 0 0 1 -2 -2V7a2 2 0 0 1 2 -2h2
rotate-cw	arrows,design,photography	arrow,right,clockwise,refresh,reload,rerun,redo	M21 12a9 9 0 1 1 -9 -9c2.52 0 4.93 1 6.74 2.74L21 8M21 3v5h-5
rotate-cw-clock	arrows,time	modify,edit,refresh,sync,renew,revision,settings,adjust,upgrade,time,timeline,version,time machine,backup,clockwise,arrow,reload,rerun,synchronize,circular,cycle,update	M12 7v5l4 2M16 8h5V3M21 8l-2.3 -2.3A9.7 9.7 0 0 0 12 3a9 9 0 1 0 9 9
rotate-cw-fading-clock	time	clock,waiting,schedule,hourglass,loading,pause,pending,time,watch	M12 3a9.75 9.75 0 0 1 6.74 2.74M18.74 5.74L21 8M21 8V3M7.5 19.794c-6 -3.464 -6 -12.124 0 -15.588M7.5 4.206A9 9 0 0 1 12 3M12 7v5l4 2M14 20.775A9 9 0 0 1 12 21M19 17.656a9 9 0 0 1 -1.5 1.456M21 12a9 9 0 0 1 -.228 2M21 8h-5
rotate-cw-square	layout,design,photography,tools,arrows	right,clockwise,rotate,image,90,45,degrees,°	M12 5H6a2 2 0 0 0 -2 2v3M9 8l3 -3 -3 -3M4 14v4a2 2 0 0 0 2 2h12a2 2 0 0 0 2 -2V7a2 2 0 0 0 -2 -2h-2
route	navigation	path,journey,planner,points,stops,stations	M3 19a3 3 0 1 0 6 0a3 3 0 1 0 -6 0zM9 19h8.5a3.5 3.5 0 0 0 0 -7h-11a3.5 3.5 0 0 1 0 -7H15M15 5a3 3 0 1 0 6 0a3 3 0 1 0 -6 0z
route-off	navigation	path,journey,planner,points,stops,stations,reset,clear,cancelled,closed,blocked	M3 19a3 3 0 1 0 6 0a3 3 0 1 0 -6 0zM9 19h8.5c.4 0 .9 -.1 1.3 -.2M5.2 5.2A3.5 3.53 0 0 0 6.5 12H12M2 2l20 20M21 15.3a3.5 3.5 0 0 0 -3.3 -3.3M15 5h-4.3M15 5a3 3 0 1 0 6 0a3 3 0 1 0 -6 0z
router	development,devices,connectivity,home	computer,server,cloud	M4 14h16a2 2 0 0 1 2 2v4a2 2 0 0 1 -2 2h-16a2 2 0 0 1 -2 -2v-4a2 2 0 0 1 2 -2zM6.01 18H6M10.01 18H10M15 10v4M17.84 7.17a4 4 0 0 0 -5.66 0M20.66 4.34a8 8 0 0 0 -11.31 0
rows-2	layout,design,text	lines,list,queue,preview,panel,paragraphs,parallel,series,split,vertical,horizontal,half,center,middle,even,drawer	M5 3h14a2 2 0 0 1 2 2v14a2 2 0 0 1 -2 2h-14a2 2 0 0 1 -2 -2v-14a2 2 0 0 1 2 -2zM3 12h18
rows-3	layout,design,text	lines,list,queue,preview,paragraphs,parallel,series,split,vertical,horizontal,half,center,middle,even,drawers	M5 3h14a2 2 0 0 1 2 2v14a2 2 0 0 1 -2 2h-14a2 2 0 0 1 -2 -2v-14a2 2 0 0 1 2 -2zM21 9H3M21 15H3
rows-4	layout,design,text	lines,list,queue,preview,paragraphs,parallel,series,split,vertical,horizontal,half,center,middle,even,drawers,grill	M5 3h14a2 2 0 0 1 2 2v14a2 2 0 0 1 -2 2h-14a2 2 0 0 1 -2 -2v-14a2 2 0 0 1 2 -2zM21 7.5H3M21 12H3M21 16.5H3
rss	development,social	feed,subscribe,news,updates,notifications,content,blog,articles,broadcast,syndication,reader,channels,posts,publishing,digest,alert,following,inbox,newsletter,weblog,podcast	M4 11a9 9 0 0 1 9 9M4 4a16 16 0 0 1 16 16M4 19a1 1 0 1 0 2 0a1 1 0 1 0 -2 0z
rugby-ball	sports	rugby,football,ball,goal,sport	M10 10l4 4M13 7l4 4M15.34 2.138A15 15 0 0 0 2.138 15.34c-.357 2.94 .004 4.919 .805 5.717 .798 .8 2.778 1.162 5.718 .805A15 15 0 0 0 21.862 8.661c.357 -2.94 -.004 -4.92 -.805 -5.718 -.798 -.8 -2.778 -1.162 -5.717 -.805M17 7L7 17M7 13l4 4
ruler	tools,design,layout	measurements,centimeters,cm,millimeters,mm,metre,foot,feet,inches,units,size,length,width,height,dimensions,depth,breadth,extent,stationery	M21.3 15.3a2.4 2.4 0 0 1 0 3.4l-2.6 2.6a2.4 2.4 0 0 1 -3.4 0L2.7 8.7a2.41 2.41 0 0 1 0 -3.4l2.6 -2.6a2.41 2.41 0 0 1 3.4 0ZM14.5 12.5l2 -2M11.5 9.5l2 -2M8.5 6.5l2 -2M17.5 15.5l2 -2
ruler-dimension-line	tools,design,layout	measurements,centimeters,cm,millimeters,mm,metre,foot,feet,inches,units,size,length,width,height,dimensions,depth,breadth,extent,stationery	M10 15v-3M14 15v-3M18 15v-3M2 8V4M22 6H2M22 8V4M6 15v-3M4 12h16a2 2 0 0 1 2 2v4a2 2 0 0 1 -2 2h-16a2 2 0 0 1 -2 -2v-4a2 2 0 0 1 2 -2z
russian-ruble	finance	currency,money,payment	M6 11h8a4 4 0 0 0 0 -8H9v18M6 15h8
sailboat	transportation,travel	ship,boat,harbor,harbour,dock	M10 2v15M7 22a4 4 0 0 1 -4 -4 1 1 0 0 1 1 -1h16a1 1 0 0 1 1 1 4 4 0 0 1 -4 4zM9.159 2.46a1 1 0 0 1 1.521 -.193l9.977 8.98A1 1 0 0 1 20 13H4a1 1 0 0 1 -.824 -1.567z
salad	food-beverage,emoji	food,vegetarian,dish,restaurant,course,meal,side,vegetables,health	M7 21h10M12 21a9 9 0 0 0 9 -9H3a9 9 0 0 0 9 9ZM11.38 12a2.4 2.4 0 0 1 -.4 -4.77 2.4 2.4 0 0 1 3.2 -2.77 2.4 2.4 0 0 1 3.47 -.63 2.4 2.4 0 0 1 3.37 3.37 2.4 2.4 0 0 1 -1.1 3.7 2.51 2.51 0 0 1 .03 1.1M13 12l4 -4M10.9 7.25A3.99 3.99 0 0 0 4 10c0 .73 .2 1.41 .54 2
sandwich	food-beverage	food,snack,dish,restaurant,lunch,meal	M2.37 11.223l8.372 -6.777a2 2 0 0 1 2.516 0l8.371 6.777M21 15a1 1 0 0 1 1 1v2a1 1 0 0 1 -1 1h-5.25M3 15a1 1 0 0 0 -1 1v2a1 1 0 0 0 1 1h9M6.67 15l6.13 4.6a2 2 0 0 0 2.8 -.4l3.15 -4.2M3 11h18a1 1 0 0 1 1 1v2a1 1 0 0 1 -1 1h-18a1 1 0 0 1 -1 -1v-2a1 1 0 0 1 1 -1z
satellite	connectivity,science	space station,orbit,transmitter	M13.5 6.5l-3.148 -3.148a1.205 1.205 0 0 0 -1.704 0L6.352 5.648a1.205 1.205 0 0 0 0 1.704L9.5 10.5M16.5 7.5L19 5M17.5 10.5l3.148 3.148a1.205 1.205 0 0 1 0 1.704l-2.296 2.296a1.205 1.205 0 0 1 -1.704 0L13.5 14.5M9 21a6 6 0 0 0 -6 -6M9.352 10.648a1.205 1.205 0 0 0 0 1.704l2.296 2.296a1.205 1.205 0 0 0 1.704 0l4.296 -4.296a1.205 1.205 0 0 0 0 -1.704l-2.296 -2.296a1.205 1.205 0 0 0 -1.704 0z
satellite-dish	connectivity,devices,multimedia	antenna,receiver,dish aerial,saucer,communication,broadcast,signal	M18 12a6 6 0 0 0 -6 -6M2.824 10.459a8 8 0 0 0 10.717 10.717c.558 -.276 .623 -1.012 .183 -1.452l-9.448 -9.448c-.44 -.44 -1.176 -.375 -1.452 .183M22 12A10 10 0 0 0 12 2M9 15l4 -4
saudi-riyal	finance	currency,money,payment	M20 19.5l-5.5 1.2M14.5 4v11.22a1 1 0 0 0 1.242 .97L20 15.2M2.978 19.351l5.549 -1.363A2 2 0 0 0 10 16V2M20 10L4 13.5
save	text,files	floppy disk	M15.2 3a2 2 0 0 1 1.4 .6l3.8 3.8a2 2 0 0 1 .6 1.4V19a2 2 0 0 1 -2 2H5a2 2 0 0 1 -2 -2V5a2 2 0 0 1 2 -2zM17 21v-7a1 1 0 0 0 -1 -1H8a1 1 0 0 0 -1 1v7M7 3v4a1 1 0 0 0 1 1h7
save-all	text,files	floppy disks,copy	M10 2v3a1 1 0 0 0 1 1h5M18 18v-6a1 1 0 0 0 -1 -1h-6a1 1 0 0 0 -1 1v6M18 22H4a2 2 0 0 1 -2 -2V6M8 18a2 2 0 0 1 -2 -2V4a2 2 0 0 1 2 -2h9.172a2 2 0 0 1 1.414 .586l2.828 2.828A2 2 0 0 1 22 6.828V16a2 2 0 0 1 -2.01 2z
save-check	text,files,development	save,save-check,floppy-disk,saved,check,save-success	M12.5 21H5a2 2 0 0 1 -2 -2V5a2 2 0 0 1 2 -2h10.2a2 2 0 0 1 1.4 .6l3.8 3.8a2 2 0 0 1 .6 1.4v4.35M16 19l2 2 4 -4M17 15.13V14a1 1 0 0 0 -1 -1H8a1 1 0 0 0 -1 1v7M7 3v4a1 1 0 0 0 1 1h7
save-off	text,files	floppy disk,unsalvageable	M13 13H8a1 1 0 0 0 -1 1v7M14 8h1M17 21v-4M2 2l20 20M20.41 20.41A2 2 0 0 1 19 21H5a2 2 0 0 1 -2 -2V5a2 2 0 0 1 .59 -1.41M9 3h6.2a2 2 0 0 1 1.4 .6l3.8 3.8a2 2 0 0 1 .6 1.4V15
save-pen	text,files	floppy disk,directory,rename	M13.33 13H8a1 1 0 0 0 -1 1v7M14.363 17.634a2 2 0 0 0 -.506 .854l-.837 2.87a.5 .5 0 0 0 .62 .62l2.87 -.837a2 2 0 0 0 .854 -.506l4.013 -4.009a1 1 0 1 0 -3.004 -3.004zM7 3v4a1 1 0 0 0 1 1h7M9 21H5a2 2 0 0 1 -2 -2V5a2 2 0 0 1 2 -2h10.2a2 2 0 0 1 1.4 .6l3.8 3.8a2 2 0 0 1 .6 1.4v.3
save-plus	text,files	floppy disk,save,plus,add,update,create	M12.5 21H5a2 2 0 0 1 -2 -2V5a2 2 0 0 1 2 -2h10.2a2 2 0 0 1 1.4 .6l3.8 3.8a2 2 0 0 1 .6 1.4V12M16 13H8a1 1 0 0 0 -1 1v7M19 22v-6M22 19h-6M7 3v4a1 1 0 0 0 1 1h7
scale	navigation,science,finance	balance,legal,license,right,rule,law,justice,weight,measure,compare,judge,fair,ethics,decision	M12 3v18M19 8l3 8a5 5 0 0 1 -6 0zV7M3 7h1a17 17 0 0 0 8 -2 17 17 0 0 0 8 2h1M5 8l3 8a5 5 0 0 1 -6 0zV7M7 21h10
scale-3d	design	gizmo,transform,size,axis	M5 7v11a1 1 0 0 0 1 1h11M5.293 18.707L11 13M17 19a2 2 0 1 0 4 0a2 2 0 1 0 -4 0zM3 5a2 2 0 1 0 4 0a2 2 0 1 0 -4 0z
scaling	design	scale,resize,design	M12 3H5a2 2 0 0 0 -2 2v14a2 2 0 0 0 2 2h14a2 2 0 0 0 2 -2v-7M14 15H9v-5M16 3h5v5M21 3L9 15
scan	devices,shopping,security,social,gaming	qr-code,barcode,checkout,augmented reality,ar,target,surveillance,camera,lens,focus,frame,select,box,boundary,bounds,area,square,dashed	M3 7V5a2 2 0 0 1 2 -2h2M17 3h2a2 2 0 0 1 2 2v2M21 17v2a2 2 0 0 1 -2 2h-2M7 21H5a2 2 0 0 1 -2 -2v-2
scan-barcode	shopping,devices	checkout,till,cart,transaction,purchase,buy,product,packaging,retail,consumer	M3 7V5a2 2 0 0 1 2 -2h2M17 3h2a2 2 0 0 1 2 2v2M21 17v2a2 2 0 0 1 -2 2h-2M7 21H5a2 2 0 0 1 -2 -2v-2M8 7v10M12 7v10M17 7v10
scan-box	design,devices,shopping,gaming	ar,augmented reality,3d,object detection,object recognition,tracking,spatial computing,capture,cube,bounding box,camera,frame,shape,boundary,lidar,depth,scanning,mapping,placement	M12 12v5.5M17 3h2a2 2 0 0 1 2 2v2M21 17v2a2 2 0 0 1 -2 2h-2M3 7V5a2 2 0 0 1 2 -2h2M7 21H5a2 2 0 0 1 -2 -2v-2M7.264 9.252L12 12l4.737 -2.748M7.995 8.514A2 2 0 0 0 7 10.244v3.516a2 2 0 0 0 .996 1.73l3 1.74a2 2 0 0 0 2.008 0l3 -1.74A2 2 0 0 0 17 13.76v-3.517a2 2 0 0 0 -.995 -1.73l-3 -1.742a2 2 0 0 0 -1.892 -.064z
scan-eye	photography,multimedia,accessibility,security,devices,account	preview,zoom,expand,fullscreen,gallery,image,camera,watch,surveillance,retina,focus,lens,biometric,identification,authentication,access,login	M3 7V5a2 2 0 0 1 2 -2h2M17 3h2a2 2 0 0 1 2 2v2M21 17v2a2 2 0 0 1 -2 2h-2M7 21H5a2 2 0 0 1 -2 -2v-2M11 12a1 1 0 1 0 2 0a1 1 0 1 0 -2 0zM18.944 12.33a1 1 0 0 0 0 -.66 7.5 7.5 0 0 0 -13.888 0 1 1 0 0 0 0 .66 7.5 7.5 0 0 0 13.888 0
scan-face	account,security,devices,social	face,biometric,identification,authentication,2fa,access,login,dashed	M3 7V5a2 2 0 0 1 2 -2h2M17 3h2a2 2 0 0 1 2 2v2M21 17v2a2 2 0 0 1 -2 2h-2M7 21H5a2 2 0 0 1 -2 -2v-2M8 14s1.5 2 4 2 4 -2 4 -2M9 9h.01M15 9h.01
scan-heart	medical	health,heart rate,pulse,monitoring,healthiness,screening,dashed	M17 3h2a2 2 0 0 1 2 2v2M21 17v2a2 2 0 0 1 -2 2h-2M3 7V5a2 2 0 0 1 2 -2h2M7 21H5a2 2 0 0 1 -2 -2v-2M7.828 13.07A3 3 0 0 1 12 8.764a3 3 0 0 1 4.172 4.306l-3.447 3.62a1 1 0 0 1 -1.449 0z
scan-line	devices,shopping	checkout,till,cart,transaction,purchase,buy,product,packaging,retail,consumer,qr-code,dashed	M3 7V5a2 2 0 0 1 2 -2h2M17 3h2a2 2 0 0 1 2 2v2M21 17v2a2 2 0 0 1 -2 2h-2M7 21H5a2 2 0 0 1 -2 -2v-2M7 12h10
scan-qr-code	account,shopping,devices,security	barcode,scan,qrcode,url,information,digital,scanner	M17 12v4a1 1 0 0 1 -1 1h-4M17 3h2a2 2 0 0 1 2 2v2M17 8V7M21 17v2a2 2 0 0 1 -2 2h-2M3 7V5a2 2 0 0 1 2 -2h2M7 17h.01M7 21H5a2 2 0 0 1 -2 -2v-2M8 7h3a1 1 0 0 1 1 1v3a1 1 0 0 1 -1 1h-3a1 1 0 0 1 -1 -1v-3a1 1 0 0 1 1 -1z
scan-search	photography,multimedia,accessibility	preview,zoom,expand,fullscreen,gallery,image,focus,lens	M3 7V5a2 2 0 0 1 2 -2h2M17 3h2a2 2 0 0 1 2 2v2M21 17v2a2 2 0 0 1 -2 2h-2M7 21H5a2 2 0 0 1 -2 -2v-2M9 12a3 3 0 1 0 6 0a3 3 0 1 0 -6 0zM16 16l-1.9 -1.9
scan-square	photography,design,development	scan,square,detect,recognition,select,frame,object,viewfinder,capture,shape,boundary,camera,scanner,overlay,focus,crop,marker	M3 7V5a2 2 0 0 1 2 -2h2M17 3h2a2 2 0 0 1 2 2v2M21 17v2a2 2 0 0 1 -2 2h-2M7 21H5a2 2 0 0 1 -2 -2v-2M9 8h6a1 1 0 0 1 1 1v6a1 1 0 0 1 -1 1h-6a1 1 0 0 1 -1 -1v-6a1 1 0 0 1 1 -1z
scan-text	text,devices	recognition,read,translate,copy,lines	M3 7V5a2 2 0 0 1 2 -2h2M17 3h2a2 2 0 0 1 2 2v2M21 17v2a2 2 0 0 1 -2 2h-2M7 21H5a2 2 0 0 1 -2 -2v-2M7 8h8M7 12h10M7 16h6
school	buildings,navigation	building,education,childhood,university,learning,campus,scholar,student,lecture,degree,course,academia,study,knowledge,classroom,research,diploma,graduation,professor,tutorial,homework,assignment,exam	M14 21v-3a2 2 0 0 0 -4 0v3M18 4.933V21M4 6l7.106 -3.79a2 2 0 0 1 1.788 0L20 6M6 11l-3.52 2.147a1 1 0 0 0 -.48 .854V19a2 2 0 0 0 2 2h16a2 2 0 0 0 2 -2v-5a1 1 0 0 0 -.48 -.853L18 11M6 4.933V21M10 9a2 2 0 1 0 4 0a2 2 0 1 0 -4 0z
scissors	text,design,tools	cut,snip,chop,stationery,crafts	M3 6a3 3 0 1 0 6 0a3 3 0 1 0 -6 0zM8.12 8.12L12 12M20 4L8.12 15.88M3 18a3 3 0 1 0 6 0a3 3 0 1 0 -6 0zM14.8 14.8L20 20
scissors-line-dashed	design,tools	cut here,along,snip,chop,stationery,crafts,instructions,diagram	M5.42 9.42L8 12M2 8a2 2 0 1 0 4 0a2 2 0 1 0 -4 0zM14 6l-8.58 8.58M2 16a2 2 0 1 0 4 0a2 2 0 1 0 -4 0zM10.8 14.8L14 18M16 12h-2M22 12h-2
scooter	transportation	vehicle,drive,trip,journey,transport,electric,ride,urban,commute,speed	M21 4h-3.5l2 11.05M6.95 17h5.142c.523 0 .95 -.406 1.063 -.916a6.5 6.5 0 0 1 5.345 -5.009M17 17.5a2.5 2.5 0 1 0 5 0a2.5 2.5 0 1 0 -5 0zM2 17.5a2.5 2.5 0 1 0 5 0a2.5 2.5 0 1 0 -5 0z
screen-share	connectivity,devices,communication	host,desktop,monitor	M13 3H4a2 2 0 0 0 -2 2v10a2 2 0 0 0 2 2h16a2 2 0 0 0 2 -2v-3M8 21h8M12 17v4M17 8l5 -5M17 3h5v5
screen-share-off	connectivity,devices,communication	desktop,disconnect,monitor	M13 3H4a2 2 0 0 0 -2 2v10a2 2 0 0 0 2 2h16a2 2 0 0 0 2 -2v-3M8 21h8M12 17v4M22 3l-5 5M17 3l5 5
scroll	gaming,development,text	paper,log,scripture,document,notes,parchment,list,long,script,story,code,coding	M19 17V5a2 2 0 0 0 -2 -2H4M8 21h12a2 2 0 0 0 2 -2v-1a1 1 0 0 0 -1 -1H11a1 1 0 0 0 -1 1v1a2 2 0 1 1 -4 0V5a2 2 0 1 0 -4 0v2a1 1 0 0 0 1 1h3
scroll-text	gaming,development,text	paper,log,scripture,document,notes,parchment,list,long,script,story,code,coding	M15 12h-5M15 8h-5M19 17V5a2 2 0 0 0 -2 -2H4M8 21h12a2 2 0 0 0 2 -2v-1a1 1 0 0 0 -1 -1H11a1 1 0 0 0 -1 1v1a2 2 0 1 1 -4 0V5a2 2 0 1 0 -4 0v2a1 1 0 0 0 1 1h3
search	text,social	find,scan,magnifier,magnifying glass,lens,locate,explore,discover,enlarge,zoom	M21 21l-4.34 -4.34M3 11a8 8 0 1 0 16 0a8 8 0 1 0 -16 0z
search-alert	text,social	find,scan,magnifier,magnifying glass,stop,warning,alert,error,anomaly,lens,locate,explore,discover,enlarge,zoom	M3 11a8 8 0 1 0 16 0a8 8 0 1 0 -16 0zM21 21l-4.3 -4.3M11 7v4M11 15h.01
search-check	text,social	find,scan,magnifier,magnifying glass,found,correct,complete,tick,lens,locate,explore,discover,enlarge,zoom	M8 11l2 2 4 -4M3 11a8 8 0 1 0 16 0a8 8 0 1 0 -16 0zM21 21l-4.3 -4.3
search-code	text,social,development	find,scan,magnifier,magnifying glass,grep,chevrons,<>,lens,locate,explore,discover,enlarge,zoom	M13 13.5l2 -2.5 -2 -2.5M21 21l-4.3 -4.3M9 8.5L7 11l2 2.5M3 11a8 8 0 1 0 16 0a8 8 0 1 0 -16 0z
search-slash	text,social	find,scan,magnifier,magnifying glass,stop,clear,cancel,abort,/,lens,locate,explore,discover,enlarge,zoom	M13.5 8.5l-5 5M3 11a8 8 0 1 0 16 0a8 8 0 1 0 -16 0zM21 21l-4.3 -4.3
search-x	text,social	find,scan,magnifier,magnifying glass,stop,clear,cancel,abort,lens,locate,explore,discover,enlarge,zoom	M13.5 8.5l-5 5M8.5 8.5l5 5M3 11a8 8 0 1 0 16 0a8 8 0 1 0 -16 0zM21 21l-4.3 -4.3
section	text	mark,typography,punctuation,legal,type,text,prose,symbol	M16 5a4 3 0 0 0 -8 0c0 4 8 3 8 7a4 3 0 0 1 -8 0M8 19a4 3 0 0 0 8 0c0 -4 -8 -3 -8 -7a4 3 0 0 1 8 0
send	mail,communication,connectivity	email,message,mail,paper airplane,paper aeroplane,submit	M14.536 21.686a.5 .5 0 0 0 .937 -.024l6.5 -19a.496 .496 0 0 0 -.635 -.635l-19 6.5a.5 .5 0 0 0 -.024 .937l7.93 3.18a2 2 0 0 1 1.112 1.11zM21.854 2.147l-10.94 10.939
send-horizontal	mail,communication,connectivity	email,message,mail,paper airplane,paper aeroplane,submit	M3.714 3.048a.498 .498 0 0 0 -.683 .627l2.843 7.627a2 2 0 0 1 0 1.396l-2.842 7.627a.498 .498 0 0 0 .682 .627l18 -8.5a.5 .5 0 0 0 0 -.904zM6 12h16
send-to-back	design,layout	bring,send,move,under,back,backwards,overlap,layer,order	M16 14h4a2 2 0 0 1 2 2v4a2 2 0 0 1 -2 2h-4a2 2 0 0 1 -2 -2v-4a2 2 0 0 1 2 -2zM4 2h4a2 2 0 0 1 2 2v4a2 2 0 0 1 -2 2h-4a2 2 0 0 1 -2 -2v-4a2 2 0 0 1 2 -2zM7 14v1a2 2 0 0 0 2 2h1M14 7h1a2 2 0 0 1 2 2v1
separator-horizontal	text,arrows,layout	move,split	M16 16l-4 4 -4 -4M3 12h18M8 8l4 -4 4 4
separator-vertical	text,arrows,layout	move,split	M12 3v18M16 16l4 -4 -4 -4M8 8l-4 4 4 4
server	development,devices	cloud,storage	M4 2h16a2 2 0 0 1 2 2v4a2 2 0 0 1 -2 2h-16a2 2 0 0 1 -2 -2v-4a2 2 0 0 1 2 -2zM4 14h16a2 2 0 0 1 2 2v4a2 2 0 0 1 -2 2h-16a2 2 0 0 1 -2 -2v-4a2 2 0 0 1 2 -2zM6 6L6.01 6M6 18L6.01 18
server-cog	development,devices	cloud,storage,computing,cog,gear	M10.852 14.772l-.383 .923M13.148 14.772a3 3 0 1 0 -2.296 -5.544l-.383 -.923M13.148 9.228l.383 -.923M13.53 15.696l-.382 -.924a3 3 0 1 1 -2.296 -5.544M14.772 10.852l.923 -.383M14.772 13.148l.923 .383M4.5 10H4a2 2 0 0 1 -2 -2V4a2 2 0 0 1 2 -2h16a2 2 0 0 1 2 2v4a2 2 0 0 1 -2 2h-.5M4.5 14H4a2 2 0 0 0 -2 2v4a2 2 0 0 0 2 2h16a2 2 0 0 0 2 -2v-4a2 2 0 0 0 -2 -2h-.5M6 18h.01M6 6h.01M9.228 10.852l-.923 -.383M9.228 13.148l-.923 .383
server-crash	development,devices	cloud,storage,problem,error	M6 10H4a2 2 0 0 1 -2 -2V4a2 2 0 0 1 2 -2h16a2 2 0 0 1 2 2v4a2 2 0 0 1 -2 2h-2M6 14H4a2 2 0 0 0 -2 2v4a2 2 0 0 0 2 2h16a2 2 0 0 0 2 -2v-4a2 2 0 0 0 -2 -2h-2M6 6h.01M6 18h.01M13 6l-4 6h6l-4 6
server-off	development,devices	cloud,storage	M7 2h13a2 2 0 0 1 2 2v4a2 2 0 0 1 -2 2h-5M10 10L2.5 2.5C2 2 2 2.5 2 5v3a2 2 0 0 0 2 2h6zM22 17v-1a2 2 0 0 0 -2 -2h-1M4 14a2 2 0 0 0 -2 2v4a2 2 0 0 0 2 2h16.5l1 -.5 .5 .5 -8 -8H4zM6 18h.01M2 2l20 20
server-plus	development,devices	add,create,new,cloud,storage,computing	M12.5 10H4a2 2 0 0 1 -2 -2V4a2 2 0 0 1 2 -2h16a2 2 0 0 1 2 2v2M16 12h6M19 9v6M22 18v2a2 2 0 0 1 -2 2H4a2 2 0 0 1 -2 -2v-4a2 2 0 0 1 2 -2h8.5M6 18h.01M6 6h.01
settings	account	cog,edit,gear,preferences	M9.671 4.136a2.34 2.34 0 0 1 4.659 0 2.34 2.34 0 0 0 3.319 1.915 2.34 2.34 0 0 1 2.33 4.033 2.34 2.34 0 0 0 0 3.831 2.34 2.34 0 0 1 -2.33 4.033 2.34 2.34 0 0 0 -3.319 1.915 2.34 2.34 0 0 1 -4.659 0 2.34 2.34 0 0 0 -3.32 -1.915 2.34 2.34 0 0 1 -2.33 -4.033 2.34 2.34 0 0 0 0 -3.831A2.34 2.34 0 0 1 6.35 6.051a2.34 2.34 0 0 0 3.319 -1.915M9 12a3 3 0 1 0 6 0a3 3 0 1 0 -6 0z
settings-2	account	cog,edit,gear,preferences,slider	M14 17H5M19 7h-9M14 17a3 3 0 1 0 6 0a3 3 0 1 0 -6 0zM4 7a3 3 0 1 0 6 0a3 3 0 1 0 -6 0z
shapes	shapes,gaming	triangle,equilateral,square,circle,classification,different,collection,toy,blocks,learning	M8.3 10a.7 .7 0 0 1 -.626 -1.079L11.4 3a.7 .7 0 0 1 1.198 -.043L16.3 8.9a.7 .7 0 0 1 -.572 1.1ZM4 14h5a1 1 0 0 1 1 1v5a1 1 0 0 1 -1 1h-5a1 1 0 0 1 -1 -1v-5a1 1 0 0 1 1 -1zM14 17.5a3.5 3.5 0 1 0 7 0a3.5 3.5 0 1 0 -7 0z
share	account,social	network,connections	M12 2v13M16 6l-4 -4 -4 4M4 12v8a2 2 0 0 0 2 2h12a2 2 0 0 0 2 -2v-8
share-2	account,social	network,connections	M15 5a3 3 0 1 0 6 0a3 3 0 1 0 -6 0zM3 12a3 3 0 1 0 6 0a3 3 0 1 0 -6 0zM15 19a3 3 0 1 0 6 0a3 3 0 1 0 -6 0zM8.59 13.51L15.42 17.49M15.41 6.51L8.59 10.49
sheet	text,files	spreadsheets,table,excel	M5 3h14a2 2 0 0 1 2 2v14a2 2 0 0 1 -2 2h-14a2 2 0 0 1 -2 -2v-14a2 2 0 0 1 2 -2zM3 9L21 9M3 15L21 15M9 9L9 21M15 9L15 21
shell	animals,development,nature,science,travel,food-beverage,home	beach,sand,holiday,sealife,fossil,ammonite,biology,ocean,terminal,command line,session,bash,zsh,roll,wrap,chewing gum,bubble gum,sweet,sugar,hosepipe,carpet,string,spiral,spinner,hypnotise,hypnosis	M14 11a2 2 0 1 1 -4 0 4 4 0 0 1 8 0 6 6 0 0 1 -12 0 8 8 0 0 1 16 0 10 10 0 1 1 -20 0 11.93 11.93 0 0 1 2.42 -7.22 2 2 0 1 1 3.16 2.44
shelving-unit	home	ledge,rack,storage,inventory,furniture,sill,shelves,shelf,organize,display,store,arrange,unit,cabinet,fixture,retail,warehouse	M12 12V9a1 1 0 0 0 -1 -1H9a1 1 0 0 0 -1 1v3M16 20v-3a1 1 0 0 0 -1 -1h-2a1 1 0 0 0 -1 1v3M20 22V2M4 12h16M4 20h16M4 2v20M4 4h16
shield	account,security,development,gaming,shapes	cybersecurity,secure,safety,protection,guardian,armored,armoured,defense,defence,defender,block,threat,prevention,antivirus,vigilance,vigilant,detection,scan,find,strength,strong,tough,invincible,invincibility,invulnerable,undamaged,audit,admin,verification,crest,bravery,knight,foot soldier,infantry,trooper,pawn,battle,war,military,army,cadet,scout	M20 13c0 5 -3.5 7.5 -7.66 8.95a1 1 0 0 1 -.67 -.01C7.5 20.5 4 18 4 13V6a1 1 0 0 1 1 -1c2 0 4.5 -1.2 6.24 -2.72a1.17 1.17 0 0 1 1.52 0C14.51 3.81 17 5 19 5a1 1 0 0 1 1 1z
shield-alert	account,security,development,notifications,gaming	unshielded,cybersecurity,insecure,unsecured,safety,unsafe,protection,unprotected,guardian,unguarded,unarmored,unarmoured,defenseless,defenceless,undefended,defender,blocked,stopped,intercepted,interception,saved,thwarted,threat,prevention,unprevented,antivirus,vigilance,vigilant,detection,detected,scanned,found,exploit,vulnerability,vulnerable,weakness,infection,infected,compromised,data leak,audited,admin,verification,unverified,uncertified,warning,emergency,attention,urgent,alarm,crest,bravery,strength,tough,attacked,damaged,injured,hit,expired,disabled,inactive,error,exclamation mark,!	M20 13c0 5 -3.5 7.5 -7.66 8.95a1 1 0 0 1 -.67 -.01C7.5 20.5 4 18 4 13V6a1 1 0 0 1 1 -1c2 0 4.5 -1.2 6.24 -2.72a1.17 1.17 0 0 1 1.52 0C14.51 3.81 17 5 19 5a1 1 0 0 1 1 1zM12 8v4M12 16h.01
shield-ban	account,security,development,gaming	unshielded,cybersecurity,insecure,unsecured,safety,unsafe,protection,unprotected,guardian,unguarded,unarmored,unarmoured,defenseless,defenceless,undefended,defender,blocked,stopped,intercepted,interception,saved,thwarted,threat,prevention,unprevented,antivirus,vigilance,vigilant,detection,detected,scanned,found,exploit,vulnerability,vulnerable,weakness,infection,infected,compromised,data leak,audited,admin,verification,unverified,uncertified,cancel,error,crest,bravery,attacked,damaged,injured,hit,expired,eliminated,disabled,inactive,/	M20 13c0 5 -3.5 7.5 -7.66 8.95a1 1 0 0 1 -.67 -.01C7.5 20.5 4 18 4 13V6a1 1 0 0 1 1 -1c2 0 4.5 -1.2 6.24 -2.72a1.17 1.17 0 0 1 1.52 0C14.51 3.81 17 5 19 5a1 1 0 0 1 1 1zM4.243 5.21l14.39 12.472
shield-check	account,security,development,gaming	cybersecurity,secured,safety,protection,protected,guardian,guarded,armored,armoured,defense,defence,defended,blocked,threat,prevention,prevented,antivirus,vigilance,vigilant,active,activated,enabled,detection,scanned,found,strength,strong,tough,invincible,invincibility,invulnerable,undamaged,audited,admin,verification,verified,certification,certified,tested,passed,qualified,cleared,cleaned,disinfected,uninfected,task,completed,todo,done,ticked,checked,crest,bravery	M20 13c0 5 -3.5 7.5 -7.66 8.95a1 1 0 0 1 -.67 -.01C7.5 20.5 4 18 4 13V6a1 1 0 0 1 1 -1c2 0 4.5 -1.2 6.24 -2.72a1.17 1.17 0 0 1 1.52 0C14.51 3.81 17 5 19 5a1 1 0 0 1 1 1zM9 12l2 2 4 -4
shield-cog	account,security,development,gaming,shapes	cybersecurity,secure,safety,protection,guardian,armored,armoured,defense,defence,defender,block,threat,prevention,antivirus,vigilance,vigilant,detection,scan,find,strength,strong,tough,invincible,invincibility,invulnerable,undamaged,audit,admin,verification,crest,bravery,knight,foot soldier,infantry,trooper,pawn,battle,war,military,army,cadet,scout	M10.929 14.467l-.383 .924M10.929 8.923L10.546 8M13.225 8.923L13.608 8M13.607 15.391l-.382 -.924M14.849 10.547l.923 -.383M14.849 12.843l.923 .383M20 13c0 5 -3.5 7.5 -7.66 8.95a1 1 0 0 1 -.67 -.01C7.5 20.5 4 18 4 13V6a1 1 0 0 1 1 -1c2 0 4.5 -1.2 6.24 -2.72a1.17 1.17 0 0 1 1.52 0C14.51 3.81 17 5 19 5a1 1 0 0 1 1 1zM9.305 10.547l-.923 -.383M9.305 12.843l-.923 .383M9.077 11.695a3 3 0 1 0 6 0a3 3 0 1 0 -6 0z
shield-cog-corner	account,security,development,gaming,shapes	cybersecurity,secure,safety,protection,guardian,armored,armoured,defense,defence,defender,block,threat,prevention,antivirus,vigilance,vigilant,detection,scan,find,strength,strong,tough,invincible,invincibility,invulnerable,undamaged,audit,admin,verification,crest,shieldcog,bravery,knight,foot soldier,infantry,trooper,pawn,battle,war,military,army,cadet,scout	M11 22c-3.806 -1.45 -7 -3.966 -7 -9V6a1 1 0 0 1 1 -1c2 0 4.5 -1.2 6.24 -2.72a1.17 1.17 0 0 1 1.52 0C14.51 3.81 17 5 19 5a1 1 0 0 1 1 1v4M14.923 16.547L14 16.164M14.923 18.843l-.923 .383M16.547 14.923L16.164 14M16.547 20.467l-.383 .924M18.843 14.923l.383 -.923M19.225 21.391l-.382 -.924M20.467 16.547l.923 -.383M20.467 18.843l.923 .383M14.695 17.695a3 3 0 1 0 6 0a3 3 0 1 0 -6 0z
shield-ellipsis	account,security,development,gaming	cybersecurity,securing,protecting,guarding,armoring,armouring,defending,blocking,preventing,antivirus,detecting,scanning,finding,auditing,admin,verifying,crest,upgrading,loader,loading,throbber,progress,dots,more,etc,...,…	M20 13c0 5 -3.5 7.5 -7.66 8.95a1 1 0 0 1 -.67 -.01C7.5 20.5 4 18 4 13V6a1 1 0 0 1 1 -1c2 0 4.5 -1.2 6.24 -2.72a1.17 1.17 0 0 1 1.52 0C14.51 3.81 17 5 19 5a1 1 0 0 1 1 1zM8 12h.01M12 12h.01M16 12h.01
shield-half	account,security,development,gaming	cybersecurity,secure,safety,protection,guardian,armored,armoured,defense,defence,defender,block,threat,prevention,antivirus,vigilance,vigilant,detection,scan,strength,strong,tough,invincible,invincibility,invulnerable,undamaged,audit,admin,verification,crest,logo,sigil,flag,team,faction,fraternity,university,college,academy,school,education,uniform,bravery,knight,foot soldier,infantry,trooper,pawn,battle,war,military,ranking,army,cadet,scout	M20 13c0 5 -3.5 7.5 -7.66 8.95a1 1 0 0 1 -.67 -.01C7.5 20.5 4 18 4 13V6a1 1 0 0 1 1 -1c2 0 4.5 -1.2 6.24 -2.72a1.17 1.17 0 0 1 1.52 0C14.51 3.81 17 5 19 5a1 1 0 0 1 1 1zM12 22V2
shield-keyhole	account,security,development,files	cybersecurity,secure,safety,protection,defense,defence,defender,block,threat,prevention,antivirus,vigilance,vigilant,detection,scan,find,strength,strong,tough,invincible,invincibility,invulnerable,undamaged,audit,admin,verification,crest,bravery,trooper,pawn	M12 13v3M20 13c0 5 -3.5 7.5 -7.66 8.95a1 1 0 0 1 -.67 -.01C7.5 20.5 4 18 4 13V6a1 1 0 0 1 1 -1c2 0 4.5 -1.2 6.24 -2.72a1.17 1.17 0 0 1 1.52 0C14.51 3.81 17 5 19 5a1 1 0 0 1 1 1zM10 11a2 2 0 1 0 4 0a2 2 0 1 0 -4 0z
shield-lock	security	antivirus,authentication,authorization,credentials,cybersecurity,data protection,defense,encryption,guard,login,password,privacy,safeguard,ssl,tls,two-factor authentication,verification,vpn	M20 9.807V6a1 1 0 0 0 -1 -1c-2 0 -4.49 -1.19 -6.24 -2.72a1.17 1.17 0 0 0 -1.52 0C9.5 3.8 7 5 5 5a1 1 0 0 0 -1 1v7c0 3.88 2.107 6.254 5 7.796M19 17v-2a2 2 0 0 0 -4 0v2M14 17h6a1 1 0 0 1 1 1v3a1 1 0 0 1 -1 1h-6a1 1 0 0 1 -1 -1v-3a1 1 0 0 1 1 -1z
shield-minus	account,security,development,gaming	unshield,cybersecurity,unsecure,unguard,unblock,antivirus,clean,clear,disinfect,patch,fix,stop,cancel,remove,relax,admin,crest,bravery,weakened,damaged,hit,unarm,disable,deactivate,decommission,downgraded,minimum,-	M20 13c0 5 -3.5 7.5 -7.66 8.95a1 1 0 0 1 -.67 -.01C7.5 20.5 4 18 4 13V6a1 1 0 0 1 1 -1c2 0 4.5 -1.2 6.24 -2.72a1.17 1.17 0 0 1 1.52 0C14.51 3.81 17 5 19 5a1 1 0 0 1 1 1zM9 12h6
shield-off	account,security,development,gaming	unshielded,cybersecurity,insecure,unsecured,safety,unsafe,protection,unprotected,guardian,unguarded,unarmored,unarmoured,defenseless,defenceless,undefended,defender,interception,threat,prevention,unprevented,antivirus,detection,undetected,exploit,vulnerability,vulnerable,weakness,infected,infection,compromised,data leak,unaudited,admin,verification,unverified,inactive,cancelled,error,crest,bravery,damaged,injured,hit,expired,eliminated	M2 2l20 20M5 5a1 1 0 0 0 -1 1v7c0 5 3.5 7.5 7.67 8.94a1 1 0 0 0 .67 .01c2.35 -.82 4.48 -1.97 5.9 -3.71M9.309 3.652A12.252 12.252 0 0 0 11.24 2.28a1.17 1.17 0 0 1 1.52 0C14.51 3.81 17 5 19 5a1 1 0 0 1 1 1v7a9.784 9.784 0 0 1 -.08 1.264
shield-plus	account,security,development,gaming,medical	cybersecurity,secure,safety,protection,guardian,armored,armoured,defense,defence,defender,block,threat,prevention,antivirus,vigilance,vigilant,detection,scan,strength,strong,tough,invincible,invincibility,invulnerable,undamaged,extra,added,professional,enterprise,full,maximum,upgraded,ultra,activate,enable,audit,admin,verification,crest,medic,+	M20 13c0 5 -3.5 7.5 -7.66 8.95a1 1 0 0 1 -.67 -.01C7.5 20.5 4 18 4 13V6a1 1 0 0 1 1 -1c2 0 4.5 -1.2 6.24 -2.72a1.17 1.17 0 0 1 1.52 0C14.51 3.81 17 5 19 5a1 1 0 0 1 1 1zM9 12h6M12 9v6
shield-question-mark	account,security,development,gaming	unshielded,cybersecurity,insecure,unsecured,safety,unsafe,protection,unprotected,guardian,unguarded,unarmored,unarmoured,defenseless,defenceless,undefended,defender,threat,prevention,unprevented,antivirus,vigilance,vigilant,detection,undetected,scan,find,exploit,vulnerability,vulnerable,weakness,infection,compromised,data leak,audit,admin,verification,unverified,uncertified,uncertain,unknown,inactive,crest,question mark,?	M20 13c0 5 -3.5 7.5 -7.66 8.95a1 1 0 0 1 -.67 -.01C7.5 20.5 4 18 4 13V6a1 1 0 0 1 1 -1c2 0 4.5 -1.2 6.24 -2.72a1.17 1.17 0 0 1 1.52 0C14.51 3.81 17 5 19 5a1 1 0 0 1 1 1zM9.1 9a3 3 0 0 1 5.82 1c0 2 -3 3 -3 3M12 17h.01
shield-user	account,security,development	shield,user,admin,protection,protected,safety,guard	M20 13c0 5 -3.5 7.5 -7.66 8.95a1 1 0 0 1 -.67 -.01C7.5 20.5 4 18 4 13V6a1 1 0 0 1 1 -1c2 0 4.5 -1.2 6.24 -2.72a1.17 1.17 0 0 1 1.52 0C14.51 3.81 17 5 19 5a1 1 0 0 1 1 1zM6.376 18.91a6 6 0 0 1 11.249 .003M8 11a4 4 0 1 0 8 0a4 4 0 1 0 -8 0z
shield-x	account,security,development,gaming	unshielded,cybersecurity,insecure,unsecured,safety,unsafe,protection,unprotected,guardian,unguarded,unarmored,unarmoured,defenseless,defenceless,undefended,defender,blocked,stopped,intercepted,interception,saved,thwarted,threat,prevention,prevented,antivirus,vigilance,vigilant,detection,detected,scanned,found,exploit,vulnerability,vulnerable,weakness,infection,infected,compromised,data leak,audited,admin,verification,unverified,inactive,cancel,error,wrong,false,crest,bravery,attacked,damaged,injured,hit,dead,deceased,expired,eliminated,exterminated	M20 13c0 5 -3.5 7.5 -7.66 8.95a1 1 0 0 1 -.67 -.01C7.5 20.5 4 18 4 13V6a1 1 0 0 1 1 -1c2 0 4.5 -1.2 6.24 -2.72a1.17 1.17 0 0 1 1.52 0C14.51 3.81 17 5 19 5a1 1 0 0 1 1 1zM14.5 9.5l-5 5M9.5 9.5l5 5
ship	transportation,navigation,travel	boat,knots,nautical mile,maritime,sailing,yacht,cruise,ocean liner,tanker,vessel,navy,trip,releases	M12 2v2M12 9.189V13M19 12V6a2 2 0 0 0 -2 -2H7a2 2 0 0 0 -2 2v6M19.38 19A11.6 11.6 0 0 0 21 13l-8.188 -3.639a2 2 0 0 0 -1.624 0L3 13.001a11.6 11.6 0 0 0 2.81 7.76M2 20c.6 .5 1.2 1 2.5 1 2.5 0 2.5 -2 5 -2 1.3 0 1.9 .5 2.5 1s1.2 1 2.5 1c2.5 0 2.5 -2 5 -2 1.3 0 1.9 .5 2.5 1
ship-cargo	transportation,navigation,travel	boat,knots,nautical mile,maritime,sailing,cruise,ocean liner,tanker,vessel,navy,cargo,container,freighter,freight,shipping,port,harbor,dock,logistics,import,export	M12 15v-3M12 2v2M16.5 12V9a1 1 0 0 1 1 -1h1a1 1 0 0 0 1 -1V5a1 1 0 0 0 -1 -1h-13a1 1 0 0 0 -1 1v2a1 1 0 0 0 1 1h1a1 1 0 0 1 1 1v3M19.38 19c1.076 -1.815 1.636 -4.89 1.628 -6.008a1 1 0 0 0 -1 -.992H3.984a1 1 0 0 0 -1 .984c-.03 1.86 .97 5.621 2.826 7.776M2 20c.6 .5 1.2 1 2.5 1 2.5 0 2.5 -2 5 -2 1.3 0 1.9 .5 2.5 1s1.2 1 2.5 1c2.5 0 2.5 -2 5 -2 1.3 0 1.9 .5 2.5 1
ship-wheel	transportation,navigation,travel	steering,rudder,boat,knots,nautical mile,maritime,sailing,yacht,cruise,ocean liner,tanker,vessel,navy,trip	M4 12a8 8 0 1 0 16 0a8 8 0 1 0 -16 0zM12 2v7.5M19 5l-5.23 5.23M22 12h-7.5M19 19l-5.23 -5.23M12 14.5V22M10.23 13.77L5 19M9.5 12H2M10.23 10.23L5 5M9.5 12a2.5 2.5 0 1 0 5 0a2.5 2.5 0 1 0 -5 0z
shirt	shopping	t-shirt,shopping,store,clothing,clothes	M20.38 3.46L16 2a4 4 0 0 1 -8 0L3.62 3.46a2 2 0 0 0 -1.34 2.23l.58 3.47a1 1 0 0 0 .99 .84H6v10c0 1.1 .9 2 2 2h8a2 2 0 0 0 2 -2V10h2.15a1 1 0 0 0 .99 -.84l.58 -3.47a2 2 0 0 0 -1.34 -2.23z
shopping-bag	shopping	ecommerce,cart,purchase,store	M16 10a4 4 0 0 1 -8 0M3.103 6.034h17.794M3.4 5.467a2 2 0 0 0 -.4 1.2V20a2 2 0 0 0 2 2h14a2 2 0 0 0 2 -2V6.667a2 2 0 0 0 -.4 -1.2l-2 -2.667A2 2 0 0 0 17 2H7a2 2 0 0 0 -1.6 .8z
shopping-basket	shopping	cart,e-commerce,store,purchase,products,items,ingredients	M15 11l-1 9M19 11l-4 -7M2 11h20M3.5 11l1.6 7.4a2 2 0 0 0 2 1.6h9.8a2 2 0 0 0 2 -1.6l1.7 -7.4M4.5 15.5h15M5 11l4 -7M9 11l1 9
shopping-cart	shopping	trolley,cart,basket,e-commerce,store,purchase,products,items,ingredients	M2.05 2.05l1.099 -.028a1 1 0 0 1 1.008 .815l2.69 14.347A1 1 0 0 0 7.83 18H18M4.563 5h16.435a1 1 0 0 1 .981 1.204l-1.026 6.226A2 2 0 0 1 18.962 14H6.25M16 20a2 2 0 1 0 4 0a2 2 0 1 0 -4 0zM6 20a2 2 0 1 0 4 0a2 2 0 1 0 -4 0z
shopping-cart-minus	shopping	trolley,cart,basket,e-commerce,ecommerce,store,purchase,products,items,checkout,order,retail,remove,decrease,quantity,subtract	M16 5h6M2.05 2.05l1.099 -.028a1 1 0 0 1 1.008 .815l2.69 14.347A1 1 0 0 0 7.83 18H18M4.564 5H12M6.25 14h12.712a2 2 0 0 0 1.991 -1.57l.514 -3.113M16 20a2 2 0 1 0 4 0a2 2 0 1 0 -4 0zM6 20a2 2 0 1 0 4 0a2 2 0 1 0 -4 0z
shopping-cart-plus	shopping	trolley,cart,basket,e-commerce,ecommerce,store,purchase,products,items,checkout,order,retail,add,increase,quantity,buy	M16 5h6M19 2v6M2.05 2.05l1.099 -.028a1 1 0 0 1 1.008 .815l2.69 14.347A1 1 0 0 0 7.83 18H18M4.564 5H12M6.25 14h12.712a2 2 0 0 0 1.991 -1.57l.172 -1.041M16 20a2 2 0 1 0 4 0a2 2 0 1 0 -4 0zM6 20a2 2 0 1 0 4 0a2 2 0 1 0 -4 0z
shovel	nature,tools,gaming	dig,spade,treasure	M21.56 4.56a1.5 1.5 0 0 1 0 2.122l-.47 .47a3 3 0 0 1 -4.212 -.03 3 3 0 0 1 0 -4.243l.44 -.44a1.5 1.5 0 0 1 2.121 0zM3 22a1 1 0 0 1 -1 -1v-3.586a1 1 0 0 1 .293 -.707l3.355 -3.355a1.205 1.205 0 0 1 1.704 0l3.296 3.296a1.205 1.205 0 0 1 0 1.704l-3.355 3.355a1 1 0 0 1 -.707 .293zM9 15l7.879 -7.878
shower-head	home,travel	shower,bath,bathroom,amenities,services	M4 4l2.5 2.5M13.5 6.5a4.95 4.95 0 0 0 -7 7M15 5L5 15M14 17v.01M10 16v.01M13 13v.01M16 10v.01M11 20v.01M17 14v.01M20 11v.01
shredder	mail,files	file,paper,tear,cut,delete,destroy,remove,erase,document,destruction,secure,security,confidential,data,trash,dispose,disposal,information,waste,permanent	M4 13V4a2 2 0 0 1 2 -2h8a2.4 2.4 0 0 1 1.706 .706l3.588 3.588A2.4 2.4 0 0 1 20 8v5M14 2v5a1 1 0 0 0 1 1h5M10 22v-5M14 19v-2M18 20v-3M2 13h20M6 20v-3
shrimp	animals,food-beverage	seafood,shellfish,crustacean,prawn,scallop,whelk,arthropod,littleneck,quahog,marine,creature,fisherman,ocean,fresh,cuisine,marine-life	M10 2a3.28 3.28 0 0 0 3.227 1.798l6.17 -.561A1 1 0 1 1 19.614 8H8.5a6.44 6.44 0 0 0 -5.63 9.75A6.5 6.5 0 0 0 8.5 21c1.38 0 2 -.5 2.5 -1M10 8a8.5 8.5 0 0 0 0 8M11 22c-.5 -.5 -1.12 -1 -2.5 -1a1 1 0 0 1 0 -5H12a7 7 0 0 0 7 -7V8M13 12h.01M8 16c-2 0 -4.5 -4 -4 -6
shrimp-off	animals,food-beverage	marine,creature,fisherman,ocean,fresh,cuisine,marine-life,seafood,shellfish,crustacean,prawn,scallop,whelk,arthropod,littleneck,quahog,allergy,intolerance,diet	M10 2a3.28 3.28 0 0 0 3.227 1.798l6.17 -.561A1 1 0 1 1 19.614 8H13.5M11 20c-.5 .5 -1.12 1 -2.5 1a1 1 0 0 1 0 -5H12a7 7 0 0 0 3.283 -.817M11 22c-.5 -.5 -1.12 -1 -2.5 -1a6.5 6.5 0 0 1 -5.63 -3.25 6.44 6.44 0 0 1 5.236 -9.744M18.04 12.54A7 7 0 0 0 19 9V8M2 2l20 20M8 16c-2 0 -4.5 -4 -4 -6M9.43 9.33A8.5 8.5 0 0 0 10 16
shrink	layout,arrows	scale,fullscreen	M15 15l6 6m-6 -6v4.8m0 -4.8h4.8M9 19.8V15m0 0H4.2M9 15l-6 6M15 4.2V9m0 0h4.8M15 9l6 -6M9 4.2V9m0 0H4.2M9 9L3 3
shrub	nature	forest,undergrowth,park,nature	M12 22v-5.172a2 2 0 0 0 -.586 -1.414L9.5 13.5M14.5 14.5L12 17M17 8.8A6 6 0 0 1 13.8 20H10A6.5 6.5 0 0 1 7 8a5 5 0 0 1 10 0z
shuffle	multimedia,arrows	music,random,reorder	M18 14l4 4 -4 4M18 2l4 4 -4 4M2 18h1.973a4 4 0 0 0 3.3 -1.7l5.454 -8.6a4 4 0 0 1 3.3 -1.7H22M2 6h1.972a4 4 0 0 1 3.6 2.2M22 18h-6.041a4 4 0 0 1 -3.3 -1.8l-.359 -.45
sigma	text,math,science	sum,calculate,formula,math,enumeration,enumerate	M18 7V5a1 1 0 0 0 -1 -1H6.5a.5 .5 0 0 0 -.4 .8l4.5 6a2 2 0 0 1 0 2.4l-4.5 6a.5 .5 0 0 0 .4 .8H17a1 1 0 0 0 1 -1v-2
signal	connectivity	connection,wireless,gsm,phone,2g,3g,4g,5g	M2 20h.01M7 20v-4M12 20v-8M17 20V8M22 4v16
signal-high	connectivity	connection,wireless,gsm,phone,2g,3g,4g,5g	M2 20h.01M7 20v-4M12 20v-8M17 20V8
signal-low	connectivity	connection,wireless,gsm,phone,2g,3g,4g,5g	M2 20h.01M7 20v-4
signal-medium	connectivity	connection,wireless,gsm,phone,2g,3g,4g,5g	M2 20h.01M7 20v-4M12 20v-8
signal-zero	connectivity	connection,wireless,gsm,phone,2g,3g,4g,5g,lost	M2 20h.01
signature	text	text,format,input,contract,autograph,handwriting,sign,cursive,ink,scribble,authorize,personal,agreement,legal,document,identity,authentic,approval,verification,unique	M21 17l-2.156 -1.868A.5 .5 0 0 0 18 15.5v.5a1 1 0 0 1 -1 1h-2a1 1 0 0 1 -1 -1c0 -2.545 -3.991 -3.97 -8.5 -4a1 1 0 0 0 0 5c4.153 0 4.745 -11.295 5.708 -13.5a2.5 2.5 0 1 1 3.31 3.284M3 21h18
signpost	arrows,navigation,development,gaming	navigation,direction,arrow,wayfinding,guide,location,pointer,route,indicator,marker,bidirectional,left,right,east,west	M12 13v8M12 3v3M2.354 10.354a1.207 1.207 0 0 1 0 -1.708l2.06 -2.06A2 2 0 0 1 5.828 6h12.344a2 2 0 0 1 1.414 .586l2.06 2.06a1.207 1.207 0 0 1 0 1.708l-2.06 2.06a2 2 0 0 1 -1.414 .586H5.828a2 2 0 0 1 -1.414 -.586z
signpost-big	arrows,navigation,development,gaming	bidirectional,left,right,east,west	M10 9H4L2 7l2 -2h6M14 5h6l2 2 -2 2h-6M10 22V4a2 2 0 1 1 4 0v18M8 22h8
siren	medical	police,ambulance,emergency,security,alert,alarm,light	M7 18v-6a5 5 0 1 1 10 0v6M5 21a1 1 0 0 0 1 1h12a1 1 0 0 0 1 -1v-1a2 2 0 0 0 -2 -2H7a2 2 0 0 0 -2 2zM21 12h1M18.5 4.5L18 5M2 12h1M12 2v1M4.929 4.929l.707 .707M12 12v6
skip-back	multimedia,arrows	arrow,previous,music	M17.971 4.285A2 2 0 0 1 21 6v12a2 2 0 0 1 -3.029 1.715l-9.997 -5.998a2 2 0 0 1 -.003 -3.432zM3 20V4
skip-forward	multimedia,arrows	arrow,skip,next,music	M21 4v16M6.029 4.285A2 2 0 0 0 3 6v12a2 2 0 0 0 3.029 1.715l9.997 -5.998a2 2 0 0 0 .003 -3.432z
skull	gaming	death,danger,bone	M12.5 17l-.5 -1 -.5 1h1zM15 22a1 1 0 0 0 1 -1v-1a2 2 0 0 0 1.56 -3.25 8 8 0 1 0 -11.12 0A2 2 0 0 0 8 20v1a1 1 0 0 0 1 1zM14 12a1 1 0 1 0 2 0a1 1 0 1 0 -2 0zM8 12a1 1 0 1 0 2 0a1 1 0 1 0 -2 0z
slash	development,math	divide,division,or,/	M22 2L2 22
slice	design	cutter,scalpel,knife	M11 16.586V19a1 1 0 0 1 -1 1H2L18.37 3.63a1 1 0 1 1 3 3l-9.663 9.663a1 1 0 0 1 -1.414 0L8 14
sliders-horizontal	account	settings,filters,controls	M10 5H3M12 19H3M14 3v4M16 17v4M21 12h-9M21 19h-5M21 5h-7M8 10v4M8 12H3
sliders-vertical	account	settings,controls	M10 8h4M12 21v-9M12 8V3M17 16h4M19 12V3M19 21v-5M3 14h4M5 10V3M5 21v-7
smartphone	connectivity,devices	phone,cellphone,device,mobile,screen,display,touchscreen,portable,responsive	M7 2h10a2 2 0 0 1 2 2v16a2 2 0 0 1 -2 2h-10a2 2 0 0 1 -2 -2v-16a2 2 0 0 1 2 -2zM12 18h.01
smartphone-charging	connectivity,devices	phone,cellphone,device,power,screen	M7 2h10a2 2 0 0 1 2 2v16a2 2 0 0 1 -2 2h-10a2 2 0 0 1 -2 -2v-16a2 2 0 0 1 2 -2zM12.667 8L10 12h4l-2.667 4
smartphone-nfc	communication,finance,devices	contactless,payment,near-field communication,screen	M3 6h5a1 1 0 0 1 1 1v10a1 1 0 0 1 -1 1h-5a1 1 0 0 1 -1 -1v-10a1 1 0 0 1 1 -1zM13 8.32a7.43 7.43 0 0 1 0 7.36M16.46 6.21a11.76 11.76 0 0 1 0 11.58M19.91 4.1a15.91 15.91 0 0 1 .01 15.8
snail	animals,food-beverage	animal,insect,slow,speed,delicacy,spiral	M2 13a6 6 0 1 0 12 0 4 4 0 1 0 -8 0 2 2 0 0 0 4 0M2 13a8 8 0 1 0 16 0a8 8 0 1 0 -16 0zM2 21h12c4.4 0 8 -3.6 8 -8V7a2 2 0 1 0 -4 0v6M18 3L19.1 5.2M22 3L20.9 5.2
snowflake	weather,seasons	cold,weather,freeze,snow,winter	M10 20l-1.25 -2.5L6 18M10 4L8.75 6.5 6 6M14 20l1.25 -2.5L18 18M14 4l1.25 2.5L18 6M17 21l-3 -6h-4M17 3l-3 6 1.5 3M2 12h6.5L10 9M20 10l-1.5 2 1.5 2M22 12h-6.5L14 15M4 10l1.5 2L4 14M7 21l3 -6 -1.5 -3M7 3l3 6h4
soap-dispenser-droplet	home,travel	wash,bath,water,liquid,fluid,wet,moisture,damp,bead,globule	M10.5 2v4M14 2H7a2 2 0 0 0 -2 2M19.29 14.76A6.67 6.67 0 0 1 17 11a6.6 6.6 0 0 1 -2.29 3.76c-1.15 .92 -1.71 2.04 -1.71 3.19 0 2.22 1.8 4.05 4 4.05s4 -1.83 4 -4.05c0 -1.16 -.57 -2.26 -1.71 -3.19M9.607 21H6a2 2 0 0 1 -2 -2v-7a2 2 0 0 1 2 -2h7V7a1 1 0 0 0 -1 -1H9a1 1 0 0 0 -1 1v3
sofa	home	armchair,furniture,leisure,lounge,loveseat,couch	M20 9V6a2 2 0 0 0 -2 -2H6a2 2 0 0 0 -2 2v3M2 16a2 2 0 0 0 2 2h16a2 2 0 0 0 2 -2v-5a2 2 0 0 0 -4 0v1.5a.5 .5 0 0 1 -.5 .5h-11a.5 .5 0 0 1 -.5 -.5V11a2 2 0 0 0 -4 0zM4 18v2M20 18v2M12 4v9
solar-panel	home,science,sustainability,weather	solar panel,solar,panel,sun,energy,electricity,light	M11 2h2M14.28 14l-4.56 8M21 22l-1.558 -4H4.558M3 10v2M6.245 15.04A2 2 0 0 1 8 14h12a1 1 0 0 1 .864 1.505l-3.11 5.457A2 2 0 0 1 16 22H4a1 1 0 0 1 -.863 -1.506zM7 2a4 4 0 0 1 -4 4M8.66 7.66l1.41 1.41
soup	food-beverage	food,dish,restaurant,course,meal,bowl,starter	M12 21a9 9 0 0 0 9 -9H3a9 9 0 0 0 9 9ZM7 21h10M19.5 12L22 6M16.25 3c.27 .1 .8 .53 .75 1.36 -.06 .83 -.93 1.2 -1 2.02 -.05 .78 .34 1.24 .73 1.62M11.25 3c.27 .1 .8 .53 .74 1.36 -.05 .83 -.93 1.2 -.98 2.02 -.06 .78 .33 1.24 .72 1.62M6.25 3c.27 .1 .8 .53 .75 1.36 -.06 .83 -.93 1.2 -1 2.02 -.05 .78 .34 1.24 .74 1.62
space	text	text,selection,letters,characters,font,typography	M22 17v1c0 .5 -.5 1 -1 1H3c-.5 0 -1 -.5 -1 -1v-1
spade	shapes,gaming	shape,suit,playing,cards	M12 18v4M2 14.499a5.5 5.5 0 0 0 9.591 3.675 .6 .6 0 0 1 .818 .001A5.5 5.5 0 0 0 22 14.5c0 -2.29 -1.5 -4 -3 -5.5l-5.492 -5.312a2 2 0 0 0 -3 -.02L5 8.999c-1.5 1.5 -3 3.2 -3 5.5
sparkle	shapes	star,effect,filter,night,magic,shiny,glitter,twinkle,celebration	M11.017 2.814a1 1 0 0 1 1.966 0l1.051 5.558a2 2 0 0 0 1.594 1.594l5.558 1.051a1 1 0 0 1 0 1.966l-5.558 1.051a2 2 0 0 0 -1.594 1.594l-1.051 5.558a1 1 0 0 1 -1.966 0l-1.051 -5.558a2 2 0 0 0 -1.594 -1.594l-5.558 -1.051a1 1 0 0 1 0 -1.966l5.558 -1.051a2 2 0 0 0 1.594 -1.594z
sparkles	cursors,multimedia,gaming,weather	stars,effect,filter,night,magic	M11.017 2.814a1 1 0 0 1 1.966 0l1.051 5.558a2 2 0 0 0 1.594 1.594l5.558 1.051a1 1 0 0 1 0 1.966l-5.558 1.051a2 2 0 0 0 -1.594 1.594l-1.051 5.558a1 1 0 0 1 -1.966 0l-1.051 -5.558a2 2 0 0 0 -1.594 -1.594l-5.558 -1.051a1 1 0 0 1 0 -1.966l5.558 -1.051a2 2 0 0 0 1.594 -1.594zM20 2v4M22 4h-4M2 20a2 2 0 1 0 4 0a2 2 0 1 0 -4 0z
speaker	multimedia,devices	sound,audio,music,tweeter,subwoofer,bass,production,producer,dj	M6 2h12a2 2 0 0 1 2 2v16a2 2 0 0 1 -2 2h-12a2 2 0 0 1 -2 -2v-16a2 2 0 0 1 2 -2zM12 6h.01M8 14a4 4 0 1 0 8 0a4 4 0 1 0 -8 0zM12 14h.01
speech	accessibility,communication	disability,disabled,dda,human,accessibility,people,sound	M8.8 20v-4.1l1.9 .2a2.3 2.3 0 0 0 2.164 -2.1V8.3A5.37 5.37 0 0 0 2 8.25c0 2.8 .656 3.054 1 4.55a5.77 5.77 0 0 1 .029 2.758L2 20M19.8 17.8a7.5 7.5 0 0 0 .003 -10.603M17 15a3.5 3.5 0 0 0 -.025 -4.975
spell-check	text,development	spelling,error,mistake,oversight,typo,correction,code,linter,a	M20 15l-5.5 5.5L12 18M4 16l6 -12 5.115 10.23M6 12h8
spell-check-2	text,development	spelling,error,mistake,oversight,typo,correction,code,linter,a	M6 16l6 -12 6 12M8 12h8M4 21c1.1 0 1.1 -1 2.3 -1s1.1 1 2.3 1c1.1 0 1.1 -1 2.3 -1 1.1 0 1.1 1 2.3 1 1.1 0 1.1 -1 2.3 -1 1.1 0 1.1 1 2.3 1 1.1 0 1.1 -1 2.3 -1
spline	design	path,pen,tool,shape,curve,draw	M17 5a2 2 0 1 0 4 0a2 2 0 1 0 -4 0zM3 19a2 2 0 1 0 4 0a2 2 0 1 0 -4 0zM5 17A12 12 0 0 1 17 5
spline-pointer	arrows,cursors,design,tools	path,tool,curve,node,click,pointer,target,vector	M12.034 12.681a.498 .498 0 0 1 .647 -.647l9 3.5a.5 .5 0 0 1 -.033 .943l-3.444 1.068a1 1 0 0 0 -.66 .66l-1.067 3.443a.5 .5 0 0 1 -.943 .033zM5 17A12 12 0 0 1 17 5M17 5a2 2 0 1 0 4 0a2 2 0 1 0 -4 0zM3 19a2 2 0 1 0 4 0a2 2 0 1 0 -4 0z
split	development,arrows	break,disband,divide,separate,branch,disunite	M16 3h5v5M8 3H3v5M12 22v-8.3a4 4 0 0 0 -1.172 -2.872L3 3M15 9l6 -6
spool	communication,tools,social	bobbin,spindle,yarn,thread,string,sewing,needlework	M17 13.44L4.442 17.082A2 2 0 0 0 4.982 21H19a2 2 0 0 0 .558 -3.921l-1.115 -.32A2 2 0 0 1 17 14.837V7.66M7 10.56l12.558 -3.642A2 2 0 0 0 19.018 3H5a2 2 0 0 0 -.558 3.921l1.115 .32A2 2 0 0 1 7 9.163v7.178
sport-shoe	sports	footwear,sports,running,athletic,shoe,sneaker,training,exercise,fitness	M15 10.42l4.8 -5.07M19 18h3M9.5 22L21.414 9.415A2 2 0 0 0 21.2 6.4l-5.61 -4.208A1 1 0 0 0 14 3v2a2 2 0 0 1 -1.394 1.906L8.677 8.053A1 1 0 0 0 8 9c-.155 6.393 -2.082 9 -4 9a2 2 0 0 0 0 4h14
spotlight	devices,photography,multimedia,communication	winner,soapbox,stage,entertainment,drama,podium,actor,actress,singer,light,beam,play,theatre,show,focus,concert,performance,lens,leaderboard,followspot,best,highlight	M15.295 19.562L16 22M17 16l3.758 2.098M19 12.5l3.026 -.598M7.61 6.3a3 3 0 0 0 -3.92 1.3l-1.38 2.79a3 3 0 0 0 1.3 3.91l6.89 3.597a1 1 0 0 0 1.342 -.447l3.106 -6.211a1 1 0 0 0 -.447 -1.341zM8 9V2
spray-can	design,tools	paint,color,graffiti,decoration,aerosol,deodorant,shaving foam,air freshener	M3 3h.01M7 5h.01M11 7h.01M3 7h.01M7 9h.01M3 11h.01M15 5h4v4h-4zM19 9l2 2v10c0 .6 -.4 1 -1 1h-6c-.6 0 -1 -.4 -1 -1V11l2 -2M13 14l8 -2M13 19l8 -2
sprout	nature,gaming,sustainability	eco,green,growth,leaf,nature,plant,seed,spring,sustainability	M14 9.536V7a4 4 0 0 1 4 -4h1.5a.5 .5 0 0 1 .5 .5V5a4 4 0 0 1 -4 4 4 4 0 0 0 -4 4c0 2 1 3 1 5a5 5 0 0 1 -1 3M4 9a5 5 0 0 1 8 4 5 5 0 0 1 -8 -4M5 21h14
square	shapes,multimedia	stop,playback,music,audio,video,rectangle,aspect ratio,1:1,shape	M5 3h14a2 2 0 0 1 2 2v14a2 2 0 0 1 -2 2h-14a2 2 0 0 1 -2 -2v-14a2 2 0 0 1 2 -2z
square-activity	medical,social,science,multimedia	pulse,action,motion,movement,exercise,fitness,healthcare,heart rate monitor,vital signs,vitals,emergency room,er,intensive care,hospital,defibrillator,earthquake,seismic,magnitude,richter scale,aftershock,tremor,shockwave,audio,waveform,synthesizer,synthesiser,music	M5 3h14a2 2 0 0 1 2 2v14a2 2 0 0 1 -2 2h-14a2 2 0 0 1 -2 -2v-14a2 2 0 0 1 2 -2zM17 12h-2l-2 5 -2 -10 -2 5H7
square-arrow-down	arrows,gaming	backwards,reverse,direction,south,sign,keyboard,button	M5 3h14a2 2 0 0 1 2 2v14a2 2 0 0 1 -2 2h-14a2 2 0 0 1 -2 -2v-14a2 2 0 0 1 2 -2zM12 8v8M8 12l4 4 4 -4
square-arrow-down-left	arrows,gaming	direction,south-west,diagonal,sign,turn,keyboard,button	M15 15H9l6 -6M9 15V9M5 3h14a2 2 0 0 1 2 2v14a2 2 0 0 1 -2 2h-14a2 2 0 0 1 -2 -2v-14a2 2 0 0 1 2 -2z
square-arrow-down-right	arrows,gaming	direction,south-east,diagonal,sign,turn,keyboard,button	M15 15L9 9M9 15h6V9M5 3h14a2 2 0 0 1 2 2v14a2 2 0 0 1 -2 2h-14a2 2 0 0 1 -2 -2v-14a2 2 0 0 1 2 -2z
square-arrow-left	arrows	previous,back,direction,west,sign,keyboard,button,<-	M5 3h14a2 2 0 0 1 2 2v14a2 2 0 0 1 -2 2h-14a2 2 0 0 1 -2 -2v-14a2 2 0 0 1 2 -2zM12 8l-4 4 4 4M16 12H8
square-arrow-out-down-left	arrows	outwards,direction,south-west,diagonal	M13 21h6a2 2 0 0 0 2 -2V5a2 2 0 0 0 -2 -2H5a2 2 0 0 0 -2 2v6M3 21l9 -9M9 21H3v-6
square-arrow-out-down-right	arrows	outwards,direction,south-east,diagonal	M21 11V5a2 2 0 0 0 -2 -2H5a2 2 0 0 0 -2 2v14a2 2 0 0 0 2 2h6M21 21l-9 -9M21 15v6h-6
square-arrow-out-up-left	arrows	outwards,direction,north-west,diagonal	M13 3h6a2 2 0 0 1 2 2v14a2 2 0 0 1 -2 2H5a2 2 0 0 1 -2 -2v-6M3 3l9 9M3 9V3h6
square-arrow-out-up-right	arrows,social	outwards,direction,north-east,diagonal,share,open,external,link	M21 13v6a2 2 0 0 1 -2 2H5a2 2 0 0 1 -2 -2V5a2 2 0 0 1 2 -2h6M21 3l-9 9M15 3h6v6
square-arrow-right	arrows	next,forward,direction,west,sign,keyboard,button,->	M5 3h14a2 2 0 0 1 2 2v14a2 2 0 0 1 -2 2h-14a2 2 0 0 1 -2 -2v-14a2 2 0 0 1 2 -2zM8 12h8M12 16l4 -4 -4 -4
square-arrow-right-enter	arrows,shapes,layout,multimedia	left,in,inside,input,insert,source,import,place,->	M10 16l4 -4 -4 -4M3 12h11M3 8V5a2 2 0 0 1 2 -2h14a2 2 0 0 1 2 2v14a2 2 0 0 1 -2 2H5a2 2 0 0 1 -2 -2v-3
square-arrow-right-exit	arrows,shapes,layout,multimedia	out,outside,output,export,->	M10 12h11M17 16l4 -4 -4 -4M21 6.344V5a2 2 0 0 0 -2 -2H5a2 2 0 0 0 -2 2v14a2 2 0 0 0 2 2h14a2 2 0 0 0 2 -2v-1.344
square-arrow-up	arrows	forward,direction,north,sign,keyboard,button	M5 3h14a2 2 0 0 1 2 2v14a2 2 0 0 1 -2 2h-14a2 2 0 0 1 -2 -2v-14a2 2 0 0 1 2 -2zM16 12l-4 -4 -4 4M12 16V8
square-arrow-up-left	arrows	direction,north-west,diagonal,sign,keyboard,button	M15 15L9 9M9 15V9h6M5 3h14a2 2 0 0 1 2 2v14a2 2 0 0 1 -2 2h-14a2 2 0 0 1 -2 -2v-14a2 2 0 0 1 2 -2z
square-arrow-up-right	arrows,social	direction,north-east,diagonal,sign,keyboard,button,share	M15 15V9H9M9 15l6 -6M5 3h14a2 2 0 0 1 2 2v14a2 2 0 0 1 -2 2h-14a2 2 0 0 1 -2 -2v-14a2 2 0 0 1 2 -2z
square-asterisk	text,security,math,development	password,secret,access,key,multiply,multiplication,glob pattern,wildcard,*	M5 3h14a2 2 0 0 1 2 2v14a2 2 0 0 1 -2 2h-14a2 2 0 0 1 -2 -2v-14a2 2 0 0 1 2 -2zM12 8v8M8.5 14l7 -4M8.5 10l7 4
square-bookmark	photography,multimedia	photo,book	M11 3v7.751a.25 .25 0 0 0 .407 .195l2.28 -1.834a.5 .5 0 0 1 .627 0l2.28 1.834a.25 .25 0 0 0 .406 -.195V3M5 3h14a2 2 0 0 1 2 2v14a2 2 0 0 1 -2 2h-14a2 2 0 0 1 -2 -2v-14a2 2 0 0 1 2 -2z
square-bottom-dashed-scissors	text,design,tools,files,development	cut,snippet,chop,stationery,crafts	M14 21h1M17 17l-2.18 -2.18M5 21a2 2 0 0 1 -2 -2V5a2 2 0 0 1 2 -2h14a2 2 0 0 1 2 2v14a2 2 0 0 1 -2 2M9 21h1M9.56 14.44L17 7M9.56 9.56L12 12M7 15.5a1.5 1.5 0 1 0 3 0a1.5 1.5 0 1 0 -3 0zM7 8.5a1.5 1.5 0 1 0 3 0a1.5 1.5 0 1 0 -3 0z
square-centerline-dashed-horizontal	design,photography	reflect,mirror,alignment,dashed	M8 3H5a2 2 0 0 0 -2 2v14c0 1.1 .9 2 2 2h3M16 3h3a2 2 0 0 1 2 2v14a2 2 0 0 1 -2 2h-3M12 20v2M12 14v2M12 8v2M12 2v2
square-centerline-dashed-vertical	design,photography	reflect,mirror,alignment,dashed	M21 8V5a2 2 0 0 0 -2 -2H5a2 2 0 0 0 -2 2v3M21 16v3a2 2 0 0 1 -2 2H5a2 2 0 0 1 -2 -2v-3M4 12H2M10 12H8M16 12h-2M22 12h-2
square-chart-gantt	charts,time,development,design	projects,manage,overview,roadmap,plan,intentions,timeline,deadline,date,event,range,period,productivity,work,agile,code,coding,toolbar,button	M5 3h14a2 2 0 0 1 2 2v14a2 2 0 0 1 -2 2h-14a2 2 0 0 1 -2 -2v-14a2 2 0 0 1 2 -2zM9 8h7M8 12h6M11 16h5
square-check	notifications	done,todo,tick,complete,task	M5 3h14a2 2 0 0 1 2 2v14a2 2 0 0 1 -2 2h-14a2 2 0 0 1 -2 -2v-14a2 2 0 0 1 2 -2zM16 9l-5.5 5.5L8 12
square-check-big	notifications	done,todo,tick,complete,task	M21 10.656V19a2 2 0 0 1 -2 2H5a2 2 0 0 1 -2 -2V5a2 2 0 0 1 2 -2h12.344M9 11l3 3L22 4
square-chevron-down	arrows,navigation	back,menu,panel	M5 3h14a2 2 0 0 1 2 2v14a2 2 0 0 1 -2 2h-14a2 2 0 0 1 -2 -2v-14a2 2 0 0 1 2 -2zM16 10l-4 4 -4 -4
square-chevron-left	arrows,navigation	back,previous,less than,fewer,menu,panel,button,keyboard,<	M5 3h14a2 2 0 0 1 2 2v14a2 2 0 0 1 -2 2h-14a2 2 0 0 1 -2 -2v-14a2 2 0 0 1 2 -2zM14 16l-4 -4 4 -4
square-chevron-right	arrows,navigation,development	forward,next,more than,greater,menu,panel,code,coding,command line,terminal,prompt,shell,console,>	M5 3h14a2 2 0 0 1 2 2v14a2 2 0 0 1 -2 2h-14a2 2 0 0 1 -2 -2v-14a2 2 0 0 1 2 -2zM10 8l4 4 -4 4
square-chevron-up	arrows,navigation,math	caret,keyboard,button,mac,control,ctrl,superscript,exponential,power,ahead,menu,panel,^	M5 3h14a2 2 0 0 1 2 2v14a2 2 0 0 1 -2 2h-14a2 2 0 0 1 -2 -2v-14a2 2 0 0 1 2 -2zM8 14l4 -4 4 4
square-code	text,development	gist,source,programming,html,xml,coding	M10 9l-3 3 3 3M14 15l3 -3 -3 -3M5 3h14a2 2 0 0 1 2 2v14a2 2 0 0 1 -2 2h-14a2 2 0 0 1 -2 -2v-14a2 2 0 0 1 2 -2z
square-dashed	text,design	selection,square,rectangular,marquee,tool,dashed,box	M5 3a2 2 0 0 0 -2 2M19 3a2 2 0 0 1 2 2M21 19a2 2 0 0 1 -2 2M5 21a2 2 0 0 1 -2 -2M9 3h1M9 21h1M14 3h1M14 21h1M3 9v1M21 9v1M3 14v1M21 14v1
square-dashed-bottom	development,files	rectangle,aspect ratio,1:1,shape,snippet,code,coding	M5 21a2 2 0 0 1 -2 -2V5a2 2 0 0 1 2 -2h14a2 2 0 0 1 2 2v14a2 2 0 0 1 -2 2M9 21h1M14 21h1
square-dashed-bottom-code	development,files	rectangle,aspect ratio,1:1,shape,snippet,code,coding	M10 9.5L8 12l2 2.5M14 21h1M14 9.5l2 2.5 -2 2.5M5 21a2 2 0 0 1 -2 -2V5a2 2 0 0 1 2 -2h14a2 2 0 0 1 2 2v14a2 2 0 0 1 -2 2M9 21h1
square-dashed-kanban	charts,development,design	projects,manage,overview,board,tickets,issues,roadmap,plan,intentions,productivity,work,agile,draft,template,boilerplate,code,coding	M8 7v7M12 7v4M16 7v9M5 3a2 2 0 0 0 -2 2M9 3h1M14 3h1M19 3a2 2 0 0 1 2 2M21 9v1M21 14v1M21 19a2 2 0 0 1 -2 2M14 21h1M9 21h1M5 21a2 2 0 0 1 -2 -2M3 14v1M3 9v1
square-dashed-mouse-pointer	arrows,cursors,development,tools	inspector,element,mouse,click,pointer,box,browser,selector,target,dom,node	M12.034 12.681a.498 .498 0 0 1 .647 -.647l9 3.5a.5 .5 0 0 1 -.033 .943l-3.444 1.068a1 1 0 0 0 -.66 .66l-1.067 3.443a.5 .5 0 0 1 -.943 .033zM5 3a2 2 0 0 0 -2 2M19 3a2 2 0 0 1 2 2M5 21a2 2 0 0 1 -2 -2M9 3h1M9 21h2M14 3h1M3 9v1M21 9v2M3 14v1
square-dashed-plus	design,layout,shapes	selection,select,add,new,placeholder,marquee,box,dashed,plus,insert,frame,empty	M5 3a2 2 0 0 0 -2 2M19 3a2 2 0 0 1 2 2M21 19a2 2 0 0 1 -2 2M5 21a2 2 0 0 1 -2 -2M9 3h1M9 21h1M14 3h1M14 21h1M3 9v1M21 9v1M3 14v1M21 14v1M8 12h8M12 8v8
square-dashed-text	text,cursors	find,search,selection,dashed	M14 21h1M14 3h1M19 3a2 2 0 0 1 2 2M21 14v1M21 19a2 2 0 0 1 -2 2M21 9v1M3 14v1M3 9v1M5 21a2 2 0 0 1 -2 -2M5 3a2 2 0 0 0 -2 2M7 12h10M7 16h6M7 8h8M9 21h1M9 3h1
square-dashed-top-solid	design,development,layout	square,border,width,layout,style,design,rectangular,marquee,dashed,box,rectangle,aspect ratio,1:1	M14 21h1M21 14v1M21 19a2 2 0 0 1 -2 2M21 9v1M3 14v1M3 5a2 2 0 0 1 2 -2h14a2 2 0 0 1 2 2M3 9v1M5 21a2 2 0 0 1 -2 -2M9 21h1
square-dashed-x	design,development,layout	deselect,unselect,delete,select,selection,border,width,layout,style,design,rectangular,marquee,box,rectangle,aspect ratio,1:1	M14 21h1M14 3h1M19 3a2 2 0 0 1 2 2M21 14v1M21 19a2 2 0 0 1 -2 2M21 9v1M3 14v1M3 9v1M5 21a2 2 0 0 1 -2 -2M5 3a2 2 0 0 0 -2 2M9 15l6 -6M9 21h1M9 3h1M9 9l6 6
square-dashed-x-corner	design,development,layout	deselect,unselect,delete,select,selection,border,width,layout,style,design,rectangular,marquee,box,rectangle,aspect ratio,1:1	M14 3h1M16 16l5 5M19 3a2 2 0 0 1 2 2M21 16l-5 5M21 9v1M3 14v1M3 9v1M5 21a2 2 0 0 1 -2 -2M5 3a2 2 0 0 0 -2 2M9 21h1M9 3h1
square-dimensions	design,layout	ratio,size,width,height,resize,scale,frame,proportions,aspect,bounds,measurements,canvas	M5 3h14a2 2 0 0 1 2 2v14a2 2 0 0 1 -2 2h-14a2 2 0 0 1 -2 -2v-14a2 2 0 0 1 2 -2zM12 7H7v5M12 17h5v-5
square-divide	math	calculate,math,÷,/	M5 3h14a2 2 0 0 1 2 2v14a2 2 0 0 1 -2 2h-14a2 2 0 0 1 -2 -2v-14a2 2 0 0 1 2 -2zM8 12L16 12M12 16L12 16M12 8L12 8
square-dot	development	git,diff,modified,.	M5 3h14a2 2 0 0 1 2 2v14a2 2 0 0 1 -2 2h-14a2 2 0 0 1 -2 -2v-14a2 2 0 0 1 2 -2zM11 12a1 1 0 1 0 2 0a1 1 0 1 0 -2 0z
square-equal	math	calculate,=	M5 3h14a2 2 0 0 1 2 2v14a2 2 0 0 1 -2 2h-14a2 2 0 0 1 -2 -2v-14a2 2 0 0 1 2 -2zM7 10h10M7 14h10
square-exclamation-point	notifications,shapes	warning,alert,danger,exclamation mark,rectangle,square,notification,attention,important,caution	M5 3h14a2 2 0 0 1 2 2v14a2 2 0 0 1 -2 2h-14a2 2 0 0 1 -2 -2v-14a2 2 0 0 1 2 -2zM12 8L12 12M12 16L12.01 16
square-function	development,math	programming,code,automation,math	M5 3h14a2 2 0 0 1 2 2v14a2 2 0 0 1 -2 2h-14a2 2 0 0 1 -2 -2v-14a2 2 0 0 1 2 -2zM9 17c2 0 2.8 -1 2.8 -2.8V10c0 -2 1 -3.3 3.2 -3M9 11.2h5.7
square-kanban	charts,development,design	projects,manage,overview,board,tickets,issues,roadmap,plan,intentions,productivity,work,agile,code,coding,toolbar,button	M5 3h14a2 2 0 0 1 2 2v14a2 2 0 0 1 -2 2h-14a2 2 0 0 1 -2 -2v-14a2 2 0 0 1 2 -2zM8 7v7M12 7v4M16 7v9
square-library	text,photography,multimedia,navigation,development	books,reading,written,authors,stories,fiction,novels,information,knowledge,education,high school,university,college,academy,learning,study,research,collection,vinyl,records,albums,music,package	M5 3h14a2 2 0 0 1 2 2v14a2 2 0 0 1 -2 2h-14a2 2 0 0 1 -2 -2v-14a2 2 0 0 1 2 -2zM7 7v10M11 7v10M15 7l2 10
square-m	transportation,navigation	metro,subway,underground,track,line	M8 16V8.5a.5 .5 0 0 1 .9 -.3l2.7 3.599a.5 .5 0 0 0 .8 0l2.7 -3.6a.5 .5 0 0 1 .9 .3V16M5 3h14a2 2 0 0 1 2 2v14a2 2 0 0 1 -2 2h-14a2 2 0 0 1 -2 -2v-14a2 2 0 0 1 2 -2z
square-menu	layout	bars,navigation,hamburger,options,menu bar,panel	M5 3h14a2 2 0 0 1 2 2v14a2 2 0 0 1 -2 2h-14a2 2 0 0 1 -2 -2v-14a2 2 0 0 1 2 -2zM7 8h10M7 12h10M7 16h10
square-minus	math,development,text,tools,devices	subtract,remove,decrease,reduce,calculator,button,keyboard,line,divider,separator,horizontal rule,hr,html,markup,markdown,---,toolbar,operator,code,coding,minimum,downgrade	M5 3h14a2 2 0 0 1 2 2v14a2 2 0 0 1 -2 2h-14a2 2 0 0 1 -2 -2v-14a2 2 0 0 1 2 -2zM8 12h8
square-mouse-pointer	arrows,cursors,development,tools	inspector,element,mouse,click,pointer,box,browser,selector,target,dom,node	M12.034 12.681a.498 .498 0 0 1 .647 -.647l9 3.5a.5 .5 0 0 1 -.033 .943l-3.444 1.068a1 1 0 0 0 -.66 .66l-1.067 3.443a.5 .5 0 0 1 -.943 .033zM21 11V5a2 2 0 0 0 -2 -2H5a2 2 0 0 0 -2 2v14a2 2 0 0 0 2 2h6
square-off	shapes,design	/,not,slash,off,disabled,inactive,cancel,none,block,forbidden,unavailable,stopped,checkbox,unchecked,toggle,negation,form,ui	M20.4 20.4a2 2 0 0 1 -1.4 .6H5a2 2 0 0 1 -2 -2V5a2 2 0 0 1 .59 -1.41M21 15.3V5a2 2 0 0 0 -2 -2H8.7M22 22L2 2
square-parking	transportation,navigation	parking lot,car park	M5 3h14a2 2 0 0 1 2 2v14a2 2 0 0 1 -2 2h-14a2 2 0 0 1 -2 -2v-14a2 2 0 0 1 2 -2zM9 17V7h4a3 3 0 0 1 0 6H9
square-parking-off	transportation,navigation	parking lot,car park,no parking	M3.6 3.6A2 2 0 0 1 5 3h14a2 2 0 0 1 2 2v14a2 2 0 0 1 -.59 1.41M3 8.7V19a2 2 0 0 0 2 2h10.3M2 2l20 20M13 13a3 3 0 1 0 0 -6H9v2M9 17v-2.3
square-pause	multimedia	music,audio,stop	M5 3h14a2 2 0 0 1 2 2v14a2 2 0 0 1 -2 2h-14a2 2 0 0 1 -2 -2v-14a2 2 0 0 1 2 -2zM10 15L10 9M14 15L14 9
square-pen	text	pencil,edit,change,create,draw,sketch,draft,writer,writing,biro,ink,marker,felt tip,stationery,artist	M12 3H5a2 2 0 0 0 -2 2v14a2 2 0 0 0 2 2h14a2 2 0 0 0 2 -2v-7M18.375 2.625a1 1 0 0 1 3 3l-9.013 9.014a2 2 0 0 1 -.853 .505l-2.873 .84a.5 .5 0 0 1 -.62 -.62l.84 -2.873a2 2 0 0 1 .506 -.852z
square-percent	social,finance,shopping,math	verified,unverified,sale,discount,offer,marketing,sticker,price tag	M5 3h14a2 2 0 0 1 2 2v14a2 2 0 0 1 -2 2h-14a2 2 0 0 1 -2 -2v-14a2 2 0 0 1 2 -2zM15 9l-6 6M9 9h.01M15 15h.01
square-pi	development,math	constant,code,coding,programming,symbol,trigonometry,geometry,formula	M5 3h14a2 2 0 0 1 2 2v14a2 2 0 0 1 -2 2h-14a2 2 0 0 1 -2 -2v-14a2 2 0 0 1 2 -2zM7 7h10M10 7v10M16 17a2 2 0 0 1 -2 -2V7
square-pilcrow	text	paragraph,mark,paraph,blind,typography,type,text,prose,symbol	M5 3h14a2 2 0 0 1 2 2v14a2 2 0 0 1 -2 2h-14a2 2 0 0 1 -2 -2v-14a2 2 0 0 1 2 -2zM12 12H9.5a2.5 2.5 0 0 1 0 -5H17M12 7v10M16 7v10
square-play	arrows,multimedia	music,audio,video,start,run	M5 3h14a2 2 0 0 1 2 2v14a2 2 0 0 1 -2 2h-14a2 2 0 0 1 -2 -2v-14a2 2 0 0 1 2 -2zM9 9.003a1 1 0 0 1 1.517 -.859l4.997 2.997a1 1 0 0 1 0 1.718l-4.997 2.997A1 1 0 0 1 9 14.996z
square-plus	math,tools,development,text	add,new,increase,increment,positive,calculate,calculator,button,keyboard,toolbar,maximum,upgrade,extra,operator,join,concatenate,code,coding,+	M5 3h14a2 2 0 0 1 2 2v14a2 2 0 0 1 -2 2h-14a2 2 0 0 1 -2 -2v-14a2 2 0 0 1 2 -2zM8 12h8M12 8v8
square-power	connectivity	on,off,device,switch,toggle,binary,boolean,reboot,restart,button,keyboard,troubleshoot	M12 7v4M7.998 9.003a5 5 0 1 0 8 -.005M5 3h14a2 2 0 0 1 2 2v14a2 2 0 0 1 -2 2h-14a2 2 0 0 1 -2 -2v-14a2 2 0 0 1 2 -2z
square-radical	development,math	calculate,formula,math,operator,root,square,symbol	M7 12h2l2 5 2 -10h4M5 3h14a2 2 0 0 1 2 2v14a2 2 0 0 1 -2 2h-14a2 2 0 0 1 -2 -2v-14a2 2 0 0 1 2 -2z
square-round-corner	design,development,layout	border,radius,style,design,corner,layout,round,rounded	M21 11a8 8 0 0 0 -8 -8M21 15v4a2 2 0 0 1 -2 2H5a2 2 0 0 1 -2 -2V5a2 2 0 0 1 2 -2h4
square-scissors	text,design,tools,files,development	cut,snippet,chop,stationery,crafts,toolbar,button	M17 17l-2.18 -2.18M9.56 14.44L17 7M9.56 9.56L12 12M7 15.5a1.5 1.5 0 1 0 3 0a1.5 1.5 0 1 0 -3 0zM7 8.5a1.5 1.5 0 1 0 3 0a1.5 1.5 0 1 0 -3 0zM5 3h14a2 2 0 0 1 2 2v14a2 2 0 0 1 -2 2h-14a2 2 0 0 1 -2 -2v-14a2 2 0 0 1 2 -2z
square-sigma	text,math	sum,calculate,formula,math,enumeration,enumerate	M5 3h14a2 2 0 0 1 2 2v14a2 2 0 0 1 -2 2h-14a2 2 0 0 1 -2 -2v-14a2 2 0 0 1 2 -2zM16 8.9V7H8l4 5 -4 5h8v-1.9
square-slash	development,math	git,diff,ignored,divide,division,shortcut,or,/	M5 3h14a2 2 0 0 1 2 2v14a2 2 0 0 1 -2 2h-14a2 2 0 0 1 -2 -2v-14a2 2 0 0 1 2 -2zM9 15L15 9
square-sparkles	photography,text,multimedia,files	picture,photo,sparkles	M11 15H7M15.41 2.49a.6 .6 0 0 1 1.18 0l.63 3.334a1.2 1.2 0 0 0 .956 .955l3.334 .631a.6 .6 0 0 1 0 1.18l-3.334 .63a1.2 1.2 0 0 0 -.955 .956l-.631 3.334a.6 .6 0 0 1 -1.18 0l-.63 -3.334a1.2 1.2 0 0 0 -.956 -.955L10.49 8.59a.6 .6 0 0 1 0 -1.18l3.334 -.63a1.2 1.2 0 0 0 .955 -.956zM21 13v6a2 2 0 0 1 -2 2H5a2 2 0 0 1 -2 -2V5a2 2 0 0 1 2 -2h6M9 13v4
square-split-horizontal	layout	split,divide	M12 2v20M16 3h3a2 2 0 0 1 2 2v14a2 2 0 0 1 -2 2h-3M8 21H5a2 2 0 0 1 -2 -2V5a2 2 0 0 1 2 -2h3
square-split-vertical	layout	split,divide	M2 12h20M21 16v3a2 2 0 0 1 -2 2H5a2 2 0 0 1 -2 -2v-3M3 8V5a2 2 0 0 1 2 -2h14a2 2 0 0 1 2 2v3
square-square	layout	float,center,rectangle	M5 3h14a2 2 0 0 1 2 2v14a2 2 0 0 1 -2 2h-14a2 2 0 0 1 -2 -2v-14a2 2 0 0 1 2 -2zM9 8h6a1 1 0 0 1 1 1v6a1 1 0 0 1 -1 1h-6a1 1 0 0 1 -1 -1v-6a1 1 0 0 1 1 -1z
square-stack	text,files,development	versions,clone,copy,duplicate,multiple,revisions,version control,backup,history	M4 10c-1.1 0 -2 -.9 -2 -2V4c0 -1.1 .9 -2 2 -2h4c1.1 0 2 .9 2 2M10 16c-1.1 0 -2 -.9 -2 -2v-4c0 -1.1 .9 -2 2 -2h4c1.1 0 2 .9 2 2M16 14h4a2 2 0 0 1 2 2v4a2 2 0 0 1 -2 2h-4a2 2 0 0 1 -2 -2v-4a2 2 0 0 1 2 -2z
square-star	sports,gaming	badge,medal,honour,decoration,order,pin,laurel,trophy,medallion,insignia,bronze,silver,gold	M11.035 7.69a1 1 0 0 1 1.909 .024l.737 1.452a1 1 0 0 0 .737 .535l1.634 .256a1 1 0 0 1 .588 1.806l-1.172 1.168a1 1 0 0 0 -.282 .866l.259 1.613a1 1 0 0 1 -1.541 1.134l-1.465 -.75a1 1 0 0 0 -.912 0l-1.465 .75a1 1 0 0 1 -1.539 -1.133l.258 -1.613a1 1 0 0 0 -.282 -.866l-1.156 -1.153a1 1 0 0 1 .572 -1.822l1.633 -.256a1 1 0 0 0 .737 -.535zM5 3h14a2 2 0 0 1 2 2v14a2 2 0 0 1 -2 2h-14a2 2 0 0 1 -2 -2v-14a2 2 0 0 1 2 -2z
square-stop	multimedia	media,music	M5 3h14a2 2 0 0 1 2 2v14a2 2 0 0 1 -2 2h-14a2 2 0 0 1 -2 -2v-14a2 2 0 0 1 2 -2zM10 9h4a1 1 0 0 1 1 1v4a1 1 0 0 1 -1 1h-4a1 1 0 0 1 -1 -1v-4a1 1 0 0 1 1 -1z
square-terminal	development	code,command line,prompt,shell	M7 11l2 -2 -2 -2M11 13h4M5 3h14a2 2 0 0 1 2 2v14a2 2 0 0 1 -2 2h-14a2 2 0 0 1 -2 -2v-14a2 2 0 0 1 2 -2z
square-text	text,shapes,development	text,paragraph,content,note,document,body,copy,article,square,container,block,card,placeholder,log,page,paper,sheet,list,script,code,editor	M5 3h14a2 2 0 0 1 2 2v14a2 2 0 0 1 -2 2h-14a2 2 0 0 1 -2 -2v-14a2 2 0 0 1 2 -2zM7 8h8M7 12h10M7 16h6
square-user	account	person,account,contact	M5 3h14a2 2 0 0 1 2 2v14a2 2 0 0 1 -2 2h-14a2 2 0 0 1 -2 -2v-14a2 2 0 0 1 2 -2zM9 10a3 3 0 1 0 6 0a3 3 0 1 0 -6 0zM7 21v-2a2 2 0 0 1 2 -2h6a2 2 0 0 1 2 2v2
square-user-round	account	person,account,contact	M18 21a6 6 0 0 0 -12 0M8 11a4 4 0 1 0 8 0a4 4 0 1 0 -8 0zM5 3h14a2 2 0 0 1 2 2v14a2 2 0 0 1 -2 2h-14a2 2 0 0 1 -2 -2v-14a2 2 0 0 1 2 -2z
square-x	math,notifications	cancel,close,delete,remove,times,clear,math,multiply,multiplication	M5 3h14a2 2 0 0 1 2 2v14a2 2 0 0 1 -2 2h-14a2 2 0 0 1 -2 -2v-14a2 2 0 0 1 2 -2zM15 9l-6 6M9 9l6 6
squares-exclude	design	square,pathfinder,path,exclude,invert,xor,shape,vector	M16 12v2a2 2 0 0 1 -2 2H9a1 1 0 0 0 -1 1v3a2 2 0 0 0 2 2h10a2 2 0 0 0 2 -2V10a2 2 0 0 0 -2 -2h0M4 16a2 2 0 0 1 -2 -2V4a2 2 0 0 1 2 -2h10a2 2 0 0 1 2 2v3a1 1 0 0 1 -1 1h-5a2 2 0 0 0 -2 2v2
squares-intersect	design	square,pathfinder,path,intersect,shape,include,vector	M10 22a2 2 0 0 1 -2 -2M14 2a2 2 0 0 1 2 2M16 22h-2M2 10V8M2 4a2 2 0 0 1 2 -2M20 8a2 2 0 0 1 2 2M22 14v2M22 20a2 2 0 0 1 -2 2M4 16a2 2 0 0 1 -2 -2M8 10a2 2 0 0 1 2 -2h5a1 1 0 0 1 1 1v5a2 2 0 0 1 -2 2H9a1 1 0 0 1 -1 -1zM8 2h2
squares-subtract	design	square,pathfinder,path,minus,subtract,subtraction,shape,front,vector	M10 22a2 2 0 0 1 -2 -2M16 22h-2M16 4a2 2 0 0 0 -2 -2H4a2 2 0 0 0 -2 2v10a2 2 0 0 0 2 2h3a1 1 0 0 0 1 -1v-5a2 2 0 0 1 2 -2h5a1 1 0 0 0 1 -1zM20 8a2 2 0 0 1 2 2M22 14v2M22 20a2 2 0 0 1 -2 2
squares-unite	design	square,pathfinder,path,unite,union,shape,merge,vector	M4 16a2 2 0 0 1 -2 -2V4a2 2 0 0 1 2 -2h10a2 2 0 0 1 2 2v3a1 1 0 0 0 1 1h3a2 2 0 0 1 2 2v10a2 2 0 0 1 -2 2H10a2 2 0 0 1 -2 -2v-3a1 1 0 0 0 -1 -1z
squircle	shapes	shape	M12 3c7.2 0 9 1.8 9 9s-1.8 9 -9 9 -9 -1.8 -9 -9 1.8 -9 9 -9
squircle-dashed	development,shapes,design	shape,pending,progress,issue,draft,code,coding,version control	M13.77 3.043a34 34 0 0 0 -3.54 0M13.771 20.956a33 33 0 0 1 -3.541 .001M20.18 17.74c-.51 1.15 -1.29 1.93 -2.439 2.44M20.18 6.259c-.51 -1.148 -1.291 -1.929 -2.44 -2.438M20.957 10.23a33 33 0 0 1 0 3.54M3.043 10.23a34 34 0 0 0 .001 3.541M6.26 20.179c-1.15 -.508 -1.93 -1.29 -2.44 -2.438M6.26 3.82c-1.149 .51 -1.93 1.291 -2.44 2.44
squirrel	animals	animal,rodent,pet,pest,nuts,retrieve,updates,storage,stash	M15.236 22a3 3 0 0 0 -2.2 -5M16 20a3 3 0 0 1 3 -3h1a2 2 0 0 0 2 -2v-2a4 4 0 0 0 -4 -4V4M18 13h.01M18 6a4 4 0 0 0 -4 4 7 7 0 0 0 -7 7c0 -5 4 -5 4 -10.5a4.5 4.5 0 1 0 -9 0 2.5 2.5 0 0 0 5 0C7 10 3 11 3 17c0 2.8 2.2 5 5 5h10
stamp	design,cursors,tools	mark,print,clone,loyalty,library	M14 13V8.5C14 7 15 7 15 5a3 3 0 0 0 -6 0c0 2 1 2 1 3.5V13M20 15.5a2.5 2.5 0 0 0 -2.5 -2.5h-11A2.5 2.5 0 0 0 4 15.5V17a1 1 0 0 0 1 1h14a1 1 0 0 0 1 -1zM5 22h14
star	account,social,shapes,multimedia,weather,emoji,gaming	bookmark,favorite,like,review,rating	M11.525 2.295a.53 .53 0 0 1 .95 0l2.31 4.679a2.123 2.123 0 0 0 1.595 1.16l5.166 .756a.53 .53 0 0 1 .294 .904l-3.736 3.638a2.123 2.123 0 0 0 -.611 1.878l.882 5.14a.53 .53 0 0 1 -.771 .56l-4.618 -2.428a2.122 2.122 0 0 0 -1.973 0L6.396 21.01a.53 .53 0 0 1 -.77 -.56l.881 -5.139a2.122 2.122 0 0 0 -.611 -1.879L2.16 9.795a.53 .53 0 0 1 .294 -.906l5.165 -.755a2.122 2.122 0 0 0 1.597 -1.16z
star-check	account,social,shapes,multimedia,weather,emoji,gaming	bookmark,favorite,like,review,rating,check,star	M19.06 12.501l2.78 -2.707a.53 .53 0 0 0 -.294 -.905l-5.166 -.755a2.1 2.1 0 0 1 -1.595 -1.16l-2.31 -4.68a.53 .53 0 0 0 -.95 .001L9.216 6.974a2.1 2.1 0 0 1 -1.597 1.16l-5.165 .755a.53 .53 0 0 0 -.294 .906l3.736 3.637a2.1 2.1 0 0 1 .611 1.879l-.88 5.139a.53 .53 0 0 0 .769 .56l4.617 -2.428 .027 -.014M15 18l2 2 4 -4
star-half	social,multimedia	bookmark,favorite,like,review,rating	M12 18.338a2.1 2.1 0 0 0 -.987 .244L6.396 21.01a.53 .53 0 0 1 -.77 -.56l.881 -5.139a2.12 2.12 0 0 0 -.611 -1.879L2.16 9.795a.53 .53 0 0 1 .294 -.906l5.165 -.755a2.12 2.12 0 0 0 1.597 -1.16l2.309 -4.679A.53 .53 0 0 1 12 2
star-minus	account,social,shapes,multimedia,weather,emoji,gaming	bookmark,favorite,like,review,rating,minus,remove,deselect,star	M15 18h6M17.688 14a2.1 2.1 0 0 1 .416 -.568l3.736 -3.638a.53 .53 0 0 0 -.294 -.905l-5.166 -.755a2.1 2.1 0 0 1 -1.595 -1.16l-2.31 -4.68a.53 .53 0 0 0 -.95 .001L9.216 6.974a2.1 2.1 0 0 1 -1.597 1.16l-5.165 .755a.53 .53 0 0 0 -.294 .906l3.736 3.637a2.1 2.1 0 0 1 .611 1.879l-.88 5.139a.53 .53 0 0 0 .769 .56l4.617 -2.428 .027 -.014
star-off	multimedia,social	dislike,unlike,remove,unrate	M10.344 4.688l1.181 -2.393a.53 .53 0 0 1 .95 0l2.31 4.679a2.12 2.12 0 0 0 1.595 1.16l5.166 .756a.53 .53 0 0 1 .294 .904l-3.237 3.152M17.945 17.945l.43 2.505a.53 .53 0 0 1 -.771 .56l-4.618 -2.428a2.12 2.12 0 0 0 -1.973 0L6.396 21.01a.53 .53 0 0 1 -.77 -.56l.881 -5.139a2.12 2.12 0 0 0 -.611 -1.879L2.16 9.795a.53 .53 0 0 1 .294 -.906l5.165 -.755a8 8 0 0 0 .4 -.099M2 2l20 20
star-plus	account,social,shapes,multimedia,weather,emoji,gaming	bookmark,favorite,like,review,rating,plus,add,join,star	M11.013 18.582L6.396 21.01a.53 .53 0 0 1 -.77 -.56l.881 -5.139a2.12 2.12 0 0 0 -.611 -1.879L2.16 9.795a.53 .53 0 0 1 .294 -.906l5.165 -.755a2.12 2.12 0 0 0 1.597 -1.16l2.309 -4.679a.53 .53 0 0 1 .95 0l2.31 4.679a2.12 2.12 0 0 0 1.595 1.16l5.166 .756a.53 .53 0 0 1 .294 .904L20 11.5M15 18h6M18 15v6
star-x	account,social,shapes,multimedia,weather,emoji,gaming	mark,symbol,shape,vector,design,graphic,bookmark,favorite,like,review,rating,x,cancel,reject,star	M15.5 15.5l5 5M20.063 11.525l1.777 -1.731a.53 .53 0 0 0 -.294 -.905l-5.166 -.755a2.1 2.1 0 0 1 -1.595 -1.16l-2.31 -4.68a.53 .53 0 0 0 -.95 .001L9.216 6.974a2.1 2.1 0 0 1 -1.597 1.16l-5.165 .755a.53 .53 0 0 0 -.294 .906l3.736 3.637a2.1 2.1 0 0 1 .611 1.879l-.88 5.139a.53 .53 0 0 0 .769 .56l4.617 -2.428a2.1 2.1 0 0 1 .987 -.243 2 2 0 0 1 .132 .004M20.5 15.5l-5 5
step-back	multimedia,arrows	arrow,previous,music,left,reverse	M13.971 4.285A2 2 0 0 1 17 6v12a2 2 0 0 1 -3.029 1.715l-9.997 -5.998a2 2 0 0 1 -.003 -3.432zM21 20V4
step-forward	multimedia,arrows	arrow,next,music,right,continue	M10.029 4.285A2 2 0 0 0 7 6v12a2 2 0 0 0 3.029 1.715l9.997 -5.998a2 2 0 0 0 .003 -3.432zM3 4v16
stethoscope	science,medical	phonendoscope,medical,heart,lungs,sound	M11 2v2M5 2v2M5 3H4a2 2 0 0 0 -2 2v4a6 6 0 0 0 12 0V5a2 2 0 0 0 -2 -2h-1M8 15a6 6 0 0 0 12 0v-3M18 10a2 2 0 1 0 4 0a2 2 0 1 0 -4 0z
sticker	social	reaction,emotion,smile,happy,feedback	M21 9a2.4 2.4 0 0 0 -.706 -1.706l-3.588 -3.588A2.4 2.4 0 0 0 15 3H5a2 2 0 0 0 -2 2v14a2 2 0 0 0 2 2h14a2 2 0 0 0 2 -2zM15 3v5a1 1 0 0 0 1 1h5M8 13h.01M16 13h.01M10 16s.8 1 2 1c1.3 0 2 -1 2 -1
sticky-note	text,social	post-it,comment,annotation,reaction,memo,reminder,todo,task,idea,brainstorm,document,page,paper,sheet,stationary,office	M21 9a2.4 2.4 0 0 0 -.706 -1.706l-3.588 -3.588A2.4 2.4 0 0 0 15 3H5a2 2 0 0 0 -2 2v14a2 2 0 0 0 2 2h14a2 2 0 0 0 2 -2zM15 3v5a1 1 0 0 0 1 1h5
sticky-note-check	text,social	post-it,comment,annotation,reaction,memo,reminder,todo,task,idea,brainstorm,document,page,paper,sheet,stationary,office,done,complete,success,check,verified	M15 19l2 2 4 -4M15 3v5a1 1 0 0 0 1 1h5M21 13V9a2.4 2.4 0 0 0 -.706 -1.706l-3.588 -3.588A2.4 2.4 0 0 0 15 3H5a2 2 0 0 0 -2 2v14a2 2 0 0 0 2 2h6.5
sticky-note-minus	text,social	post-it,comment,annotation,reaction,memo,reminder,todo,task,idea,brainstorm,document,page,paper,sheet,stationary,office,remove,delete,minus	M15 3v5a1 1 0 0 0 1 1h5M21 14V9a2.4 2.4 0 0 0 -.706 -1.706l-3.588 -3.588A2.4 2.4 0 0 0 15 3H5a2 2 0 0 0 -2 2v14a2 2 0 0 0 2 2h7.35M21 18h-6
sticky-note-off	text,social	post-it,comment,annotation,reaction,memo,reminder,todo,task,idea,brainstorm,document,page,paper,sheet,stationary,office,disabled,hidden,mute,inactive	M15 3v5a1 1 0 0 0 1 1h5M2 2l20 20M3.586 3.586A2 2 0 0 0 3 5v14a2 2 0 0 0 2 2h14a2 2 0 0 0 1.414 -.586M8.656 3H15a2.4 2.4 0 0 1 1.706 .706l3.588 3.588A2.4 2.4 0 0 1 21 9v6.344
sticky-note-plus	text,social	post-it,comment,annotation,reaction,memo,reminder,todo,task,idea,brainstorm,document,page,paper,sheet,stationary,office,add,create,new,plus	M15 3v5a1 1 0 0 0 1 1h5M18 15v6M21 12.356V9a2.4 2.4 0 0 0 -.706 -1.706l-3.588 -3.588A2.4 2.4 0 0 0 15 3H5a2 2 0 0 0 -2 2v14a2 2 0 0 0 2 2h7.355M21 18h-6
sticky-note-x	text,social	post-it,comment,annotation,reaction,memo,reminder,todo,task,idea,brainstorm,document,page,paper,sheet,stationary,office,close,cancel,delete,remove	M15 3v5a1 1 0 0 0 1 1h5M16 16l5 5M21 12V9a2.4 2.4 0 0 0 -.706 -1.706l-3.588 -3.588A2.4 2.4 0 0 0 15 3H5a2 2 0 0 0 -2 2v14a2 2 0 0 0 2 2h7M21 16l-5 5
sticky-notes	text,social	post-it,annotation,memo,reminder,todo,tasks,ideas,brainstorm,documents,notes,multiple,collection,group,stack,clone,duplicate,copy	M10 8a2.4 2.4 0 0 1 1.706 .706l3.588 3.588A2.4 2.4 0 0 1 16 14v6a2 2 0 0 1 -2 2H4a2 2 0 0 1 -2 -2V10a2 2 0 0 1 2 -2zM10 8v5a1 1 0 0 0 1 1h5M8 4a2 2 0 0 1 2 -2h6a2.4 2.4 0 0 1 1.706 .706l3.588 3.588A2.4 2.4 0 0 1 22 8v6a2 2 0 0 1 -2 2M16 2v5a1 1 0 0 0 1 1h5
stone	nature	mineral,geology,nature,solid,pebble,crystal,ore,hard,coal,stone,rock,boulder	M11.264 2.205A4 4 0 0 0 6.42 4.211l-4 8a4 4 0 0 0 1.359 5.117l6 4a4 4 0 0 0 4.438 0l6 -4a4 4 0 0 0 1.576 -4.592l-2 -6a4 4 0 0 0 -2.53 -2.53zM11.99 22L14 12l7.822 3.184M14 12L8.47 2.302
store	buildings,navigation,shopping	shop,supermarket,stand,boutique,building	M15 21v-5a1 1 0 0 0 -1 -1h-4a1 1 0 0 0 -1 1v5M17.774 10.31a1.12 1.12 0 0 0 -1.549 0 2.5 2.5 0 0 1 -3.451 0 1.12 1.12 0 0 0 -1.548 0 2.5 2.5 0 0 1 -3.452 0 1.12 1.12 0 0 0 -1.549 0 2.5 2.5 0 0 1 -3.77 -3.248l2.889 -4.184A2 2 0 0 1 7 2h10a2 2 0 0 1 1.653 .873l2.895 4.192a2.5 2.5 0 0 1 -3.774 3.244M4 10.95V19a2 2 0 0 0 2 2h12a2 2 0 0 0 2 -2v-8.05
stretch-horizontal	layout	items,flex,justify,distribute	M4 4h16a2 2 0 0 1 2 2v2a2 2 0 0 1 -2 2h-16a2 2 0 0 1 -2 -2v-2a2 2 0 0 1 2 -2zM4 14h16a2 2 0 0 1 2 2v2a2 2 0 0 1 -2 2h-16a2 2 0 0 1 -2 -2v-2a2 2 0 0 1 2 -2z
stretch-vertical	layout	items,flex,justify,distribute	M6 2h2a2 2 0 0 1 2 2v16a2 2 0 0 1 -2 2h-2a2 2 0 0 1 -2 -2v-16a2 2 0 0 1 2 -2zM16 2h2a2 2 0 0 1 2 2v16a2 2 0 0 1 -2 2h-2a2 2 0 0 1 -2 -2v-16a2 2 0 0 1 2 -2z
strikethrough	text	cross out,delete,remove,format	M16 4H9a3 3 0 0 0 -2.83 4M14 12a4 4 0 0 1 0 8H6M4 12L20 12
subscript	text	text	M4 5l8 8M12 5l-8 8M20 19h-4c0 -1.5 .44 -2 1.5 -2.5S20 15.33 20 14c0 -.47 -.17 -.93 -.48 -1.29a2.11 2.11 0 0 0 -2.62 -.44c-.42 .24 -.74 .62 -.9 1.07
summary	text	brief,abstract,synopsis,report,digest,outline,recap,condensation,summary,ai,text,overview	M15 4H7M18 16l3 3 -3 3M3 4v13a2 2 0 0 0 2 2h16M7 14h7M7 9h12
sun	accessibility,weather,seasons,sustainability	brightness,weather,light,summer	M8 12a4 4 0 1 0 8 0a4 4 0 1 0 -8 0zM12 2v2M12 20v2M4.93 4.93l1.41 1.41M17.66 17.66l1.41 1.41M2 12h2M20 12h2M6.34 17.66l-1.41 1.41M19.07 4.93l-1.41 1.41
sun-dim	accessibility,weather	brightness,dim,low,brightness low	M8 12a4 4 0 1 0 8 0a4 4 0 1 0 -8 0zM12 4h.01M20 12h.01M12 20h.01M4 12h.01M17.657 6.343h.01M17.657 17.657h.01M6.343 17.657h.01M6.343 6.343h.01
sun-medium	accessibility,weather	brightness,medium	M8 12a4 4 0 1 0 8 0a4 4 0 1 0 -8 0zM12 3v1M12 20v1M3 12h1M20 12h1M18.364 5.636l-.707 .707M6.343 17.657l-.707 .707M5.636 5.636l.707 .707M17.657 17.657l.707 .707
sun-moon	accessibility	dark,light,moon,sun,brightness,theme,auto theme,system theme,appearance	M12 2v2M14.837 16.385a6 6 0 1 1 -7.223 -7.222c.624 -.147 .97 .66 .715 1.248a4 4 0 0 0 5.26 5.259c.589 -.255 1.396 .09 1.248 .715M16 12a4 4 0 0 0 -4 -4M19 5l-1.256 1.256M20 12h2
sun-snow	weather	weather,air conditioning,temperature,hot,cold,seasons	M10 21v-1M10 4V3M10 9a3 3 0 0 0 0 6M14 20l1.25 -2.5L18 18M14 4l1.25 2.5L18 6M17 21l-3 -6 1.5 -3H22M17 3l-3 6 1.5 3M2 12h1M20 10l-1.5 2 1.5 2M3.64 18.36l.7 -.7M4.34 6.34l-.7 -.7
sunrise	arrows,weather,time	weather,time,morning,day	M12 2v8M4.93 10.93l1.41 1.41M2 18h2M20 18h2M19.07 10.93l-1.41 1.41M22 22H2M8 6l4 -4 4 4M16 18a4 4 0 0 0 -8 0
sunset	arrows,weather	weather,time,evening,night	M12 10V2M4.93 10.93l1.41 1.41M2 18h2M20 18h2M19.07 10.93l-1.41 1.41M22 22H2M16 6l-4 4 -4 -4M16 18a4 4 0 0 0 -8 0
superscript	text	text,exponent	M4 19l8 -8M12 19l-8 -8M20 12h-4c0 -1.5 .442 -2 1.5 -2.5S20 8.334 20 7.002c0 -.472 -.17 -.93 -.484 -1.29a2.105 2.105 0 0 0 -2.617 -.436c-.42 .239 -.738 .614 -.899 1.06
swatch-book	design,home,photography	colors,colours,swatches,pantone,shades,tint,hue,saturation,brightness,theme,scheme,palette,samples,textile,carpet	M11 17a4 4 0 0 1 -8 0V5a2 2 0 0 1 2 -2h4a2 2 0 0 1 2 2ZM16.7 13H19a2 2 0 0 1 2 2v4a2 2 0 0 1 -2 2H7M7 17h.01M11 8l2.3 -2.3a2.4 2.4 0 0 1 3.404 .004L18.6 7.6a2.4 2.4 0 0 1 .026 3.434L9.9 19.8
swiss-franc	finance	currency,money,payment	M10 21V3h8M6 16h9M10 9.5h7
switch-camera	communication,devices	photo,selfie,front,back	M11 19H4a2 2 0 0 1 -2 -2V7a2 2 0 0 1 2 -2h5M13 5h7a2 2 0 0 1 2 2v10a2 2 0 0 1 -2 2h-5M9 12a3 3 0 1 0 6 0a3 3 0 1 0 -6 0zM18 22l-3 -3 3 -3M6 2l3 3 -3 3
sword	gaming,tools	battle,challenge,combat,duel,fantasy,game,knight,melee,medieval,offense,rpg,sharp,weapon,war,warrior	M11 19l-6 -6M5 21l-2 -2M8 16l-4 4M9.5 17.5L20.414 6.586A2 2 0 0 0 21 5.172V3h-2.172a2 2 0 0 0 -1.414 .586L6.5 14.5
swords	gaming,tools	battle,challenge,combat,conflict,crossed,duel,faction,fantasy,game,melee,medieval,opponent,rivalry,rpg,versus,weapon,war,warrior	M13 19l6 -6M14.5 17.5L3.586 6.586A2 2 0 0 1 3 5.172V3h2.172a2 2 0 0 1 1.414 .586L17.5 14.5M14.828 6.172l2.586 -2.586A2 2 0 0 1 18.828 3H21v2.172a2 2 0 0 1 -.586 1.414l-2.586 2.586M16 16l4 4M19 21l2 -2M5 14l4 4M5 21l-2 -2M7.5 16.5L4 20
syringe	science,medical	medicine,medical,needle,pump,plunger,nozzle,blood	M18 2l4 4M17 7l3 -3M19 9L8.7 19.3c-1 1 -2.5 1 -3.4 0l-.6 -.6c-1 -1 -1 -2.5 0 -3.4L15 5M9 11l4 4M5 19l-3 3M14 4l6 6
table	text,files	spreadsheet,grid	M12 3v18M5 3h14a2 2 0 0 1 2 2v14a2 2 0 0 1 -2 2h-14a2 2 0 0 1 -2 -2v-14a2 2 0 0 1 2 -2zM3 9h18M3 15h18
table-2	text,files	spreadsheet,grid	M3 9h18M9 3v18M5 3h14a2 2 0 0 1 2 2v14a2 2 0 0 1 -2 2h-14a2 2 0 0 1 -2 -2v-14a2 2 0 0 1 2 -2z
table-cells-merge	text,files	spreadsheet,grid,row	M12 21v-6M12 9V3M3 15h18M3 9h18M5 3h14a2 2 0 0 1 2 2v14a2 2 0 0 1 -2 2h-14a2 2 0 0 1 -2 -2v-14a2 2 0 0 1 2 -2z
table-cells-split	text,files	spreadsheet,grid,row	M12 15V9M3 15h18M3 9h18M5 3h14a2 2 0 0 1 2 2v14a2 2 0 0 1 -2 2h-14a2 2 0 0 1 -2 -2v-14a2 2 0 0 1 2 -2z
table-columns-split	text,files	spreadsheet,grid,cut,break,divide,separate,segment	M14 14v2M14 20v2M14 2v2M14 8v2M2 15h8M2 3h6a2 2 0 0 1 2 2v14a2 2 0 0 1 -2 2H2M2 9h8M22 15h-4M22 3h-2a2 2 0 0 0 -2 2v14a2 2 0 0 0 2 2h2M22 9h-4M5 3v18
table-of-contents	text	toc,outline,navigation,document structure,index,overview,sections,chapters,content,documentation,manual,knowledge base,faq	M16 5H3M16 12H3M16 19H3M21 5h.01M21 12h.01M21 19h.01
table-properties	text,development,files	property list,plist,spreadsheet,grid,dictionary,object,hash	M15 3v18M5 3h14a2 2 0 0 1 2 2v14a2 2 0 0 1 -2 2h-14a2 2 0 0 1 -2 -2v-14a2 2 0 0 1 2 -2zM21 9H3M21 15H3
table-rows-split	text,files	spreadsheet,grid,cut,break,divide,separate,segment	M14 10h2M15 22v-8M15 2v4M2 10h2M20 10h2M3 19h18M3 22v-6a2 2 135 0 1 2 -2h14a2 2 45 0 1 2 2v6M3 2v2a2 2 45 0 0 2 2h14a2 2 135 0 0 2 -2V2M8 10h2M9 22v-8M9 2v4
tablet	devices	device,mobile,screen,display,touchscreen,portable,responsive	M6 2h12a2 2 0 0 1 2 2v16a2 2 0 0 1 -2 2h-12a2 2 0 0 1 -2 -2v-16a2 2 0 0 1 2 -2zM12 18L12.01 18
tablet-smartphone	devices,design,development,tools	phone,cellphone,device,mobile,screen,display,touchscreen,portable,responsive,screens,browser,testing	M5 8h6a2 2 0 0 1 2 2v10a2 2 0 0 1 -2 2h-6a2 2 0 0 1 -2 -2v-10a2 2 0 0 1 2 -2zM5 4a2 2 0 0 1 2 -2h12a2 2 0 0 1 2 2v16a2 2 0 0 1 -2 2h-2.4M8 18h.01
tablets	medical	medicine,medication,drug,prescription,pills,pharmacy	M2 7a5 5 0 1 0 10 0a5 5 0 1 0 -10 0zM12 17a5 5 0 1 0 10 0a5 5 0 1 0 -10 0zM12 17h10M3.46 10.54l7.08 -7.08
tag	account	label,badge,ticket,mark	M12.586 2.586A2 2 0 0 0 11.172 2H4a2 2 0 0 0 -2 2v7.172a2 2 0 0 0 .586 1.414l8.704 8.704a2.426 2.426 0 0 0 3.42 0l6.58 -6.58a2.426 2.426 0 0 0 0 -3.42zM7 7.5a.5 .5 0 1 0 1 0a.5 .5 0 1 0 -1 0z
tag-plus	account	label,badge,ticket,mark,new,add,create,+	M16 13h6M16.5 6.5l-3.914 -3.914A2 2 0 0 0 11.172 2H4a2 2 0 0 0 -2 2v7.172a2 2 0 0 0 .586 1.414l8.704 8.704a2.426 2.426 0 0 0 3.42 0l1.79 -1.79M19 10v6M7 7.5a.5 .5 0 1 0 1 0a.5 .5 0 1 0 -1 0z
tag-x	account	label,badge,ticket,mark,x,delete,remove	M16.5 6.5l-3.914 -3.914A2 2 0 0 0 11.172 2H4a2 2 0 0 0 -2 2v7.172a2 2 0 0 0 .586 1.414l8.704 8.704a2.43 2.43 0 0 0 3.42 0l1.79 -1.79M16.5 10.5l5 5M21.5 10.5l-5 5M7 7.5a.5 .5 0 1 0 1 0a.5 .5 0 1 0 -1 0z
tags	account	labels,badges,tickets,marks,copy,multiple	M13.172 2a2 2 0 0 1 1.414 .586l6.71 6.71a2.4 2.4 0 0 1 0 3.408l-4.592 4.592a2.4 2.4 0 0 1 -3.408 0l-6.71 -6.71A2 2 0 0 1 6 9.172V3a1 1 0 0 1 1 -1zM2 7v6.172a2 2 0 0 0 .586 1.414l6.71 6.71a2.4 2.4 0 0 0 3.191 .193M10 6.5a.5 .5 0 1 0 1 0a.5 .5 0 1 0 -1 0z
tally-1	math,gaming	count,score,enumerate,days,one,1,first,bar,prison,cell,sentence	M4 4v16
tally-2	math,gaming	count,score,enumerate,days,two,2,second,double,bars,prison,cell,sentence	M4 4v16M9 4v16
tally-3	math,gaming	count,score,enumerate,days,three,3,third,triple,bars,prison,cell,sentence	M4 4v16M9 4v16M14 4v16
tally-4	math,gaming	count,score,enumerate,days,4,fourth,quadruple,bars,prison,cell,sentence	M4 4v16M9 4v16M14 4v16M19 4v16
tally-5	math,gaming	count,score,enumerate,days,five,5,fifth,bars,prison,cell,sentence,slash,/	M4 4v16M9 4v16M14 4v16M19 4v16M22 6L2 18
tangent	shapes,math,design,tools	tangential,shape,circle,geometry,trigonometry,bezier curve	M15 4a2 2 0 1 0 4 0a2 2 0 1 0 -4 0zM15.59 5.41L5.41 15.59M2 17a2 2 0 1 0 4 0a2 2 0 1 0 -4 0zM12 22s-4 -9 -1.5 -11.5S22 12 22 12
target	gaming	logo,bullseye,deadline,projects,overview,work,productivity	M2 12a10 10 0 1 0 20 0a10 10 0 1 0 -20 0zM6 12a6 6 0 1 0 12 0a6 6 0 1 0 -12 0zM10 12a2 2 0 1 0 4 0a2 2 0 1 0 -4 0z
telescope	science,development,tools	astronomy,space,discovery,exploration,explore,vision,perspective,focus,stargazing,observe,view	M10.065 12.493l-6.18 1.318a.934 .934 0 0 1 -1.108 -.702l-.537 -2.15a1.07 1.07 0 0 1 .691 -1.265l13.504 -4.44M13.56 11.747l4.332 -.924M16 21l-3.105 -6.21M16.485 5.94a2 2 0 0 1 1.455 -2.425l1.09 -.272a1 1 0 0 1 1.212 .727l1.515 6.06a1 1 0 0 1 -.727 1.213l-1.09 .272a2 2 0 0 1 -2.425 -1.455zM6.158 8.633l1.114 4.456M8 21l3.105 -6.21M10 13a2 2 0 1 0 4 0a2 2 0 1 0 -4 0z
tent	travel,nature,sustainability	tipi,teepee,wigwam,lodge,camping,campsite,holiday,retreat,nomadic,native american,indian,wilderness,outdoors	M3.5 21L14 3M20.5 21L10 3M15.5 21L12 15l-3.5 6M2 21h20
tent-tree	travel,nature	camping,campsite,holiday,retreat,nomadic,wilderness,outdoors	M2 4a2 2 0 1 0 4 0a2 2 0 1 0 -4 0zM14 5l3 -3 3 3M14 10l3 -3 3 3M17 14V2M17 14H7l-5 8h20ZM8 14v8M9 14l5 8
terminal	development	code,command line,prompt,shell	M12 19h8M4 17l6 -6 -6 -6
test-tube	science	tube,vial,phial,flask,ampoule,ampule,lab,chemistry,experiment,test	M14.5 2v17.5c0 1.4 -1.1 2.5 -2.5 2.5c-1.4 0 -2.5 -1.1 -2.5 -2.5V2M8.5 2h7M14.5 16h-5
test-tube-diagonal	science	tube,vial,phial,flask,ampoule,ampule,lab,chemistry,experiment,test	M21 7L6.82 21.18a2.83 2.83 0 0 1 -3.99 -.01a2.83 2.83 0 0 1 0 -4L17 3M16 2l6 6M12 16H4
test-tubes	science	tubes,vials,phials,flasks,ampoules,ampules,lab,chemistry,experiment,test	M9 2v17.5A2.5 2.5 0 0 1 6.5 22A2.5 2.5 0 0 1 4 19.5V2M20 2v17.5a2.5 2.5 0 0 1 -2.5 2.5a2.5 2.5 0 0 1 -2.5 -2.5V2M3 2h7M14 2h7M9 16H4M20 16h-5
text-align-center	text	text,alignment,center	M21 5H3M17 12H7M19 19H5
text-align-end	text	text,alignment,right	M21 5H3M21 12H9M21 19H7
text-align-justify	text	text,alignment,justified,menu,list	M3 5h18M3 12h18M3 19h18
text-align-justify-center	text	paragraph,alignment,justified,center,middle,typography,editor,document	M3 5h18M3 12h18M7 19h10
text-align-justify-end	text	paragraph,alignment,justified,right,end,typography,editor,document	M3 5h18M3 12h18M11 19h10
text-align-justify-start	text	paragraph,alignment,justified,left,start,typography,editor,document	M3 5h18M3 12h18M3 19h10
text-align-start	text	text,alignment,left,list	M21 5H3M15 12H3M17 19H3
text-cursor	text,cursors	select,caret,type,typing,write,writing,edit,insert,input,textarea	M17 22h-1a4 4 0 0 1 -4 -4V6a4 4 0 0 1 4 -4h1M7 22h1a4 4 0 0 0 4 -4M7 2h1a4 4 0 0 1 4 4
text-cursor-input	text,layout	select	M12 20h-1a2 2 0 0 1 -2 -2 2 2 0 0 1 -2 2H6M13 8h7a2 2 0 0 1 2 2v4a2 2 0 0 1 -2 2h-7M5 16H4a2 2 0 0 1 -2 -2v-4a2 2 0 0 1 2 -2h1M6 4h1a2 2 0 0 1 2 2 2 2 0 0 1 2 -2h1M9 6v12
text-initial	text	drop cap,text,format,typography,letter,font size	M15 5h6M15 12h6M3 19h18M3 12l3.553 -7.724a.5 .5 0 0 1 .894 0L11 12M3.92 10h6.16
text-quote	text	blockquote,quotation,indent,reply,response	M17 5H3M21 12H8M21 19H8M3 12v7
text-search	text	find,data,copy,txt,pdf,document,scan,magnifier,magnifying glass,lens	M21 5H3M10 12H3M10 19H3M14 15a3 3 0 1 0 6 0a3 3 0 1 0 -6 0zM21 19l-1.9 -1.9
text-wrap	text,arrows	words,lines,break,paragraph	M16 16l-3 3 3 3M3 12h14.5a1 1 0 0 1 0 7H13M3 19h6M3 5h18
theater	buildings,social	theater,theatre,entertainment,podium,stage,musical	M2 10s3 -3 3 -8M22 10s-3 -3 -3 -8M10 2c0 4.4 -3.6 8 -8 8M14 2c0 4.4 3.6 8 8 8M2 10s2 2 2 5M22 10s-2 2 -2 5M8 15h8M2 22v-1a2 2 0 0 1 2 -2h4a2 2 0 0 1 2 2v1M14 22v-1a2 2 0 0 1 2 -2h4a2 2 0 0 1 2 2v1
thermometer	weather	temperature,celsius,fahrenheit,weather	M14 4v10.54a4 4 0 1 1 -4 0V4a2 2 0 0 1 4 0Z
thermometer-snowflake	weather	temperature,celsius,fahrenheit,weather,cold,freeze,freezing	M10 20l-1.25 -2.5L6 18M10 4L8.75 6.5 6 6M10.585 15H10M2 12h6.5L10 9M20 14.54a4 4 0 1 1 -4 0V4a2 2 0 0 1 4 0zM4 10l1.5 2L4 14M7 21l3 -6 -1.5 -3M7 3l3 6h2
thermometer-sun	weather	temperature,celsius,fahrenheit,weather,warm,hot	M12 2v2M12 8a4 4 0 0 0 -1.645 7.647M2 12h2M20 14.54a4 4 0 1 1 -4 0V4a2 2 0 0 1 4 0zM4.93 4.93l1.41 1.41M6.34 17.66l-1.41 1.41
thumbs-down	account,social,emoji	dislike,bad,emotion	M9 18.12L10 14H4.17a2 2 0 0 1 -1.92 -2.56l2.33 -8A2 2 0 0 1 6.5 2H20a2 2 0 0 1 2 2v8a2 2 0 0 1 -2 2h-2.76a2 2 0 0 0 -1.79 1.11L12 22a3.13 3.13 0 0 1 -3 -3.88ZM17 14V2
thumbs-up	account,social,emoji	like,good,emotion	M15 5.88L14 10h5.83a2 2 0 0 1 1.92 2.56l-2.33 8A2 2 0 0 1 17.5 22H4a2 2 0 0 1 -2 -2v-8a2 2 0 0 1 2 -2h2.76a2 2 0 0 0 1.79 -1.11L12 2a3.13 3.13 0 0 1 3 3.88ZM7 10v12
tic-tac-toe	gaming	game,board,grid,strategy,noughts and crosses	M12 2v20M21 16l-5 5M21 21l-5 -5M22 12H2M8 3L3 8M8 8L3 3M16 5.5a2.5 2.5 0 1 0 5 0a2.5 2.5 0 1 0 -5 0zM3 18.5a2.5 2.5 0 1 0 5 0a2.5 2.5 0 1 0 -5 0z
ticket	account,transportation	entry,pass,voucher,event,concert,show,perforated,dashed	M2 9a3 3 0 0 1 0 6v2a2 2 0 0 0 2 2h16a2 2 0 0 0 2 -2v-2a3 3 0 0 1 0 -6V7a2 2 0 0 0 -2 -2H4a2 2 0 0 0 -2 2ZM13 5v2M13 17v2M13 11v2
ticket-check	transportation	entry,pass,voucher,event,concert,show,booked,purchased,receipt,redeemed,validated,verified,certified,checked,used	M2 9a3 3 0 0 1 0 6v2a2 2 0 0 0 2 2h16a2 2 0 0 0 2 -2v-2a3 3 0 0 1 0 -6V7a2 2 0 0 0 -2 -2H4a2 2 0 0 0 -2 2ZM9 12l2 2 4 -4
ticket-minus	transportation	entry,pass,voucher,event,concert,show,remove,cancel,unbook,subtract,decrease,-	M2 9a3 3 0 0 1 0 6v2a2 2 0 0 0 2 2h16a2 2 0 0 0 2 -2v-2a3 3 0 0 1 0 -6V7a2 2 0 0 0 -2 -2H4a2 2 0 0 0 -2 2ZM9 12h6
ticket-percent	transportation,shopping	discount,reduced,offer,voucher,entry,pass,event,concert,show,book,purchase,%	M2 9a3 3 0 1 1 0 6v2a2 2 0 0 0 2 2h16a2 2 0 0 0 2 -2v-2a3 3 0 1 1 0 -6V7a2 2 0 0 0 -2 -2H4a2 2 0 0 0 -2 2ZM9 9h.01M15 9l-6 6M15 15h.01
ticket-plus	transportation	entry,pass,voucher,event,concert,show,book,purchase,add,+	M2 9a3 3 0 0 1 0 6v2a2 2 0 0 0 2 2h16a2 2 0 0 0 2 -2v-2a3 3 0 0 1 0 -6V7a2 2 0 0 0 -2 -2H4a2 2 0 0 0 -2 2ZM9 12h6M12 9v6
ticket-slash	transportation	entry,pass,voucher,event,concert,show,redeemed,used,marked,checked,verified,spoiled,invalidated,void,denied,refused,banned,barred,forbidden,prohibited,cancelled,cancellation,refunded,delete,remove,clear,error	M2 9a3 3 0 0 1 0 6v2a2 2 0 0 0 2 2h16a2 2 0 0 0 2 -2v-2a3 3 0 0 1 0 -6V7a2 2 0 0 0 -2 -2H4a2 2 0 0 0 -2 2ZM9.5 14.5l5 -5
ticket-x	transportation	entry,pass,voucher,event,concert,show,cancelled,cancellation,refunded,used,void,invalidated,spoiled,denied,refused,banned,barred,forbidden,prohibited,delete,remove,clear,error,x	M2 9a3 3 0 0 1 0 6v2a2 2 0 0 0 2 2h16a2 2 0 0 0 2 -2v-2a3 3 0 0 1 0 -6V7a2 2 0 0 0 -2 -2H4a2 2 0 0 0 -2 2ZM9.5 14.5l5 -5M9.5 9.5l5 5
tickets	travel,account,transportation	trip,travel,pass,entry,voucher,event,concert,show,perforated,dashed	M3.173 8.18l11 -5a2 2 0 0 1 2.647 .993L18.56 8M6 10V8M6 14v1M6 19v2M4 8h16a2 2 0 0 1 2 2v9a2 2 0 0 1 -2 2h-16a2 2 0 0 1 -2 -2v-9a2 2 0 0 1 2 -2z
tickets-plane	transportation,travel	plane,trip,airplane,flight,travel,fly,takeoff,vacation,passenger,pass,check-in,airport	M10.5 17h1.227a2 2 0 0 0 1.345 -.52L18 12M12 13.5l3.794 .506M3.173 8.18l11 -5a2 2 0 0 1 2.647 .993L18.56 8M6 10V8M6 14v1M6 19v2M4 8h16a2 2 0 0 1 2 2v9a2 2 0 0 1 -2 2h-16a2 2 0 0 1 -2 -2v-9a2 2 0 0 1 2 -2z
timeline	time	tags,history	M4 12h.01M4 16h.01M4 20h.01M4 4h.01M4 8h.01M9.414 13.414a2 2 0 0 0 1.414 .586H19a1 1 0 0 0 1 -1v-2a1 1 0 0 0 -1 -1h-8.172a2 2 0 0 0 -1.414 .586L8 12zM9.414 21.414a2 2 0 0 0 1.414 .586H19a1 1 0 0 0 1 -1v-2a1 1 0 0 0 -1 -1h-8.172a2 2 0 0 0 -1.414 .586L8 20zM9.414 5.414A2 2 0 0 0 10.828 6H19a1 1 0 0 0 1 -1V3a1 1 0 0 0 -1 -1h-8.172a2 2 0 0 0 -1.414 .586L8 4z
timer	time	time,timer,stopwatch	M10 2L14 2M12 14L15 11M4 14a8 8 0 1 0 16 0a8 8 0 1 0 -16 0z
timer-off	time	time,timer,stopwatch	M10 2h4M4.6 11a8 8 0 0 0 1.7 8.7 8 8 0 0 0 8.7 1.7M7.4 7.4a8 8 0 0 1 10.3 1 8 8 0 0 1 .9 10.2M2 2l20 20M12 12v-2
timer-reset	time	time,timer,stopwatch	M10 2h4M12 14v-4M4 13a8 8 0 0 1 8 -7 8 8 0 1 1 -5.3 14L4 17.6M9 17H4v5
toggle-left	layout,account,development	on,off,switch,boolean	M6 12a3 3 0 1 0 6 0a3 3 0 1 0 -6 0zM9 5h6a7 7 0 0 1 7 7v0a7 7 0 0 1 -7 7h-6a7 7 0 0 1 -7 -7v0a7 7 0 0 1 7 -7z
toggle-right	layout,account,development	on,off,switch,boolean	M12 12a3 3 0 1 0 6 0a3 3 0 1 0 -6 0zM9 5h6a7 7 0 0 1 7 7v0a7 7 0 0 1 -7 7h-6a7 7 0 0 1 -7 -7v0a7 7 0 0 1 7 -7z
toilet	devices,home	toilet,potty,bathroom,washroom	M7 12h13a1 1 0 0 1 1 1 5 5 0 0 1 -5 5h-.598a.5 .5 0 0 0 -.424 .765l1.544 2.47a.5 .5 0 0 1 -.424 .765H5.402a.5 .5 0 0 1 -.424 -.765L7 18M8 18a5 5 0 0 1 -5 -5V4a2 2 0 0 1 2 -2h8a2 2 0 0 1 2 2v8
tool-case	tools,development,home	tools,maintenance,repair	M10 15h4M14.817 10.995l-.971 -1.45 1.034 -1.232a2 2 0 0 0 -2.025 -3.238l-1.82 .364L9.91 3.885a2 2 0 0 0 -3.625 .748L6.141 6.55l-1.725 .426a2 2 0 0 0 -.19 3.756l.657 .27M18.822 10.995l2.26 -5.38a1 1 0 0 0 -.557 -1.318L16.954 2.9a1 1 0 0 0 -1.281 .533l-.924 2.122M4 12.006A1 1 0 0 1 4.994 11H19a1 1 0 0 1 1 1v7a2 2 0 0 1 -2 2H6a2 2 0 0 1 -2 -2z
toolbox	tools,home	toolkit,tools,trunk,chest,box,storage,utility,utilities,container,kit,set,repair,fix,service,maintenance,mechanic,workshop,construction,hardware,equipment,gear,handyman,engineering,craft,diy	M16 12v4M16 6V4a2 2 0 0 0 -2 -2h-4a2 2 0 0 0 -2 2v2M17 6a2 2 0 0 1 1.414 .586l3 3A2 2 0 0 1 22 11v8a2 2 0 0 1 -2 2H4a2 2 0 0 1 -2 -2v-8a2 2 0 0 1 .586 -1.414l3 -3A2 2 0 0 1 7 6zM2 14h20M8 12v4
toothbrush	home,travel,tools,medical	dental care,oral hygiene,brushing,teeth,dentist,bathroom,toiletries,personal care,cleaning,bristles,handle,plaque,toothpaste,selfcare,grooming	M15 11c-2 2 -4 2 -6 4l-7 7M22 4l-7.414 7.414 -2 -2A2 2 0 0 1 14 6c0 -.512 .196 -1.024 .586 -1.414A2 2 0 0 1 16 4a2 2 0 0 1 3.262 -1.552l2.152 2.138
toothbrush-sparkles	home,tools,medical,travel	dental care,oral hygiene,brushing,teeth,dentist,bathroom,toiletries,personal care,cleaning,bristles,handle,plaque,toothpaste,selfcare,grooming,fresh,clean	M10 3H8M14.586 11.414L22 4M15 11a8 8 0 0 1 -.429 .4M2 22l7 -7c1.857 -1.857 3.714 -1.99 5.571 -3.6l-1.985 -1.986A2 2 0 0 1 14 6a2 2 0 0 1 2 -2 2 2 0 0 1 3.262 -1.552l2.152 2.138M20 15v4M22 17h-4M4 5v4M6 7H2M9 2v2
tornado	weather	weather,wind,storm,hurricane	M21 4H3M18 8H6M19 12H9M16 16h-6M11 20H9
torus	shapes,design,tools,food-beverage	donut,doughnut,ring,hollow,3d,fast food,junk food,snack,treat,sweet,sugar,dessert	M9 11a3 2 0 1 0 6 0a3 2 0 1 0 -6 0zM2 12.5a10 8.5 0 1 0 20 0a10 8.5 0 1 0 -20 0z
touchpad	devices	trackpad,cursor	M4 4h16a2 2 0 0 1 2 2v12a2 2 0 0 1 -2 2h-16a2 2 0 0 1 -2 -2v-12a2 2 0 0 1 2 -2zM2 14h20M12 20v-6
touchpad-off	devices	trackpad,cursor	M12 20v-6M19.656 14H22M2 14h12M2 2l20 20M20 20H4a2 2 0 0 1 -2 -2V6a2 2 0 0 1 2 -2M9.656 4H20a2 2 0 0 1 2 2v10.344
towel-rack	home,travel	flannel,bathroom,toiletries,sanitation,clean,fresh,dry,laundry,laundrette,hospitality,housekeeping,room service,spa break,health club,amenities,hanging	M22 7h-2M6.5 3h11A2.5 2.5 0 0 1 20 5.5V20a1 1 0 0 1 -1 1h-9a1 1 0 0 1 -1 -1V5.5a1 1 0 0 0 -5 0V17a1 1 0 0 0 1 1h4M9 7H2
tower-control	travel,transportation	airport,travel,tower,transportation,lighthouse	M18.2 12.27L20 6H4l1.8 6.27a1 1 0 0 0 .95 .73h10.5a1 1 0 0 0 .96 -.73ZM8 13v9M16 22v-9M9 6l1 7M15 6l-1 7M12 6V2M13 2h-2
toy-brick	gaming,development	lego,block,addon,plugin,integration	M4 8h16a1 1 0 0 1 1 1v10a1 1 0 0 1 -1 1h-16a1 1 0 0 1 -1 -1v-10a1 1 0 0 1 1 -1zM10 8V5c0 -.6 -.4 -1 -1 -1H6a1 1 0 0 0 -1 1v3M19 8V5c0 -.6 -.4 -1 -1 -1h-3a1 1 0 0 0 -1 1v3
tractor	transportation,sustainability,food-beverage	farming,farmer,ranch,harvest,equipment,vehicle	M10 11l11 .9a1 1 0 0 1 .8 1.1l-.665 4.158a1 1 0 0 1 -.988 .842H20M16 18h-5M18 5a1 1 0 0 0 -1 1v5.573M3 4h8.129a1 1 0 0 1 .99 .863L13 11.246M4 11V4M7 15h.01M8 10.1V4M16 18a2 2 0 1 0 4 0a2 2 0 1 0 -4 0zM2 15a5 5 0 1 0 10 0a5 5 0 1 0 -10 0z
traffic-cone	transportation	roadworks,tarmac,safety,block	M16.05 10.966a5 2.5 0 0 1 -8.1 0M16.923 14.049l4.48 2.04a1 1 0 0 1 .001 1.831l-8.574 3.9a2 2 0 0 1 -1.66 0l-8.574 -3.91a1 1 0 0 1 0 -1.83l4.484 -2.04M16.949 14.14a5 2.5 0 1 1 -9.9 0L10.063 3.5a2 2 0 0 1 3.874 0zM9.194 6.57a5 2.5 0 0 0 5.61 0
trailer	transportation	tow,shipping,delivery,haulage,vehicle,equipment,freight	M10 11.341V10M14 13v-3M18 17V8a2 2 0 0 0 -2 -2H4a2 2 0 0 0 -2 2v7a2 2 0 0 0 2 2h2M22 15v1a1 1 0 0 1 -1 1H10M6 11.341V10M6 17a2 2 0 1 0 4 0a2 2 0 1 0 -4 0z
train-front	transportation	railway,metro,subway,underground,high-speed,bullet,fast,track,line	M8 3.1V7a4 4 0 0 0 8 0V3.1M9 15l-1 -1M15 15l1 -1M9 19c-2.8 0 -5 -2.2 -5 -5v-4a8 8 0 0 1 16 0v4c0 2.8 -2.2 5 -5 5ZM8 19l-2 3M16 19l2 3
train-front-tunnel	transportation,navigation	railway,metro,subway,underground,speed,bullet,fast,track,line	M2 22V12a10 10 0 1 1 20 0v10M15 6.8v1.4a3 2.8 0 1 1 -6 0V6.8M10 15h.01M14 15h.01M10 19a4 4 0 0 1 -4 -4v-3a6 6 0 1 1 12 0v3a4 4 0 0 1 -4 4ZM9 19l-2 3M15 19l2 3
train-track	transportation,navigation	railway,line	M2 17L17 2M2 14l8 8M5 11l8 8M8 8l8 8M11 5l8 8M14 2l8 8M7 22L22 7
tram-front	transportation	railway,metro,subway,underground,track,line,tourism	M6 3h12a2 2 0 0 1 2 2v12a2 2 0 0 1 -2 2h-12a2 2 0 0 1 -2 -2v-12a2 2 0 0 1 2 -2zM4 11h16M12 3v8M8 19l-2 3M18 22l-2 -3M8 15h.01M16 15h.01
transgender	medical,accessibility	gender,inclusive	M12 16v6M14 20h-4M18 2h4v4M2 2l7.17 7.17M2 5.355V2h3.357M22 2l-7.17 7.17M8 5L5 8M8 12a4 4 0 1 0 8 0a4 4 0 1 0 -8 0z
trash	files,mail	empty,deletion,cleanup,junk,clear,garbage,delete,remove,bin,waste,recycle,discard,binoculars,rubbish	M10 11v6M14 11v6M19 6v14a2 2 0 0 1 -2 2H7a2 2 0 0 1 -2 -2V6M3 6h18M8 6V4a2 2 0 0 1 2 -2h4a2 2 0 0 1 2 2v2
trash-off	files,mail	empty,deletion,cleanup,junk,clear,garbage,delete,remove,bin,trash,waste,recycle,discard,rubbish,disabled,off,prevent,locked,unavailable,protected	M10 11v6M14 17v-3M16 6V4a2 2 0 0 0 -2 -2h-4a2 2 0 0 0 -1.576 .768M19 6v7.344M2 2l20 20M21 6h-9.344M3 6h3M5 6v14a2 2 0 0 0 2 2h10a2 2 0 0 0 2 -2v-1
tree-deciduous	nature,sustainability	tree,forest,park,nature	M8 19a4 4 0 0 1 -2.24 -7.32A3.5 3.5 0 0 1 9 6.03V6a3 3 0 1 1 6 0v.04a3.5 3.5 0 0 1 3.24 5.65A4 4 0 0 1 16 19ZM12 19v3
tree-palm	nature,sustainability	vacation,leisure,island	M13 8c0 -2.76 -2.46 -5 -5.5 -5S2 5.24 2 8h2l1 -1 1 1h4M13 7.14A5.82 5.82 0 0 1 16.5 6c3.04 0 5.5 2.24 5.5 5h-3l-1 -1 -1 1h-3M5.89 9.71c-2.15 2.15 -2.3 5.47 -.35 7.43l4.24 -4.25 .7 -.7 .71 -.71 2.12 -2.12c-1.95 -1.96 -5.27 -1.8 -7.42 .35M11 15.5c.5 2.5 -.17 4.5 -1 6.5h4c2 -5.5 -.5 -12 -1 -14
tree-pine	nature,sustainability	tree,pine,forest,park,nature	M17 14l3 3.3a1 1 0 0 1 -.7 1.7H4.7a1 1 0 0 1 -.7 -1.7L7 14h-.3a1 1 0 0 1 -.7 -1.7L9 9h-.2A1 1 0 0 1 8 7.3L12 3l4 4.3a1 1 0 0 1 -.8 1.7H15l3 3.3a1 1 0 0 1 -.7 1.7H17ZM12 22v-3
trees	nature,sustainability	tree,forest,park,nature	M10 10v.2A3 3 0 0 1 8.9 16H5a3 3 0 0 1 -1 -5.8V10a3 3 0 0 1 6 0ZM7 16v6M13 19v3M12 19h8.3a1 1 0 0 0 .7 -1.7L18 14h.3a1 1 0 0 0 .7 -1.7L16 9h.2a1 1 0 0 0 .8 -1.7L13 3l-1.4 1.5
trending-down	charts,arrows	statistics	M16 17h6v-6M22 17l-8.5 -8.5 -5 5L2 7
trending-up	charts,arrows	statistics	M16 7h6v6M22 7l-8.5 8.5 -5 -5L2 17
trending-up-down	charts,arrows	arrows,estimated,indeterminate,data fluctuation,uncertain,forecast,variable,prediction,dynamic,volatile	M14.828 14.828L21 21M21 16v5h-5M21 3l-9 9 -4 -4 -6 6M21 8V3h-5
triangle	shapes	equilateral,delta,shape,pyramid,hierarchy	M13.73 4a2 2 0 0 0 -3.46 0l-8 14A2 2 0 0 0 4 21h16a2 2 0 0 0 1.73 -3Z
triangle-alert	notifications,shapes,development	warning,alert,danger,exclamation mark,linter	M21.73 18l-8 -14a2 2 0 0 0 -3.48 0l-8 14A2 2 0 0 0 4 21h16a2 2 0 0 0 1.73 -3M12 9v4M12 17h.01
triangle-dashed	shapes	equilateral,delta,shape,pyramid,hierarchy,dashed	M10.17 4.193a2 2 0 0 1 3.666 .013M14 21h2M15.874 7.743l1 1.732M18.849 12.952l1 1.732M21.824 18.18a2 2 0 0 1 -1.835 2.824M4.024 21a2 2 0 0 1 -1.839 -2.839M5.136 12.952l-1 1.732M8 21h2M8.102 7.743l-1 1.732
triangle-right	shapes,math	volume,controls,controller,tv remote,geometry,delta,ramp,slope,incline,increase	M22 18a2 2 0 0 1 -2 2H3c-1.1 0 -1.3 -.6 -.4 -1.3L20.4 4.3c.9 -.7 1.6 -.4 1.6 .7Z
triangles-centerline-dashed-horizontal	design,photography	reflect,mirror,alignment,dashed	M10 12H8M16 12h-2M22 12h-2M4 12H2M7.298 20.288A1 1 0 0 0 8 22h8a1 1 0 0 0 .703 -1.712l-3.991 -3.99a1 1 0 0 0 -1.424 -.001zM7.298 3.712A1 1 0 0 1 8 2h8a1 1 0 0 1 .703 1.712l-3.991 3.99a1 1 0 0 1 -1.424 .001z
triangles-centerline-dashed-vertical	design,photography	reflect,mirror,alignment,dashed	M12 14v2M12 20v2M12 2v2M12 8v2M20.288 16.703A1 1 0 0 0 22 16V8a1 1 0 0 0 -1.712 -.703l-3.99 3.991a1 1 0 0 0 -.001 1.424zM3.712 16.703A1 1 0 0 1 2 16V8a1 1 0 0 1 1.712 -.703l3.99 3.991a1 1 0 0 1 .001 1.424z
trophy	sports,gaming	prize,sports,winner,achievement,award,champion,celebration,victory,competition,tournament,leaderboard,ranking,success,reward,cup,first,gold	M10 14.66V17a1 1 0 0 1 -1 1 2 2 0 0 0 -2 2v2M14 14.66V17a1 1 0 0 0 1 1 2 2 0 0 1 2 2v2M17.916 10H19.5A2.5 2.5 0 0 0 22 7.5V5a1 1 0 0 0 -1 -1h-3M4 22h16M6 9a6 6 0 0 0 12 0V3a1 1 0 0 0 -1 -1H7a1 1 0 0 0 -1 1zM6.084 10H4.5A2.5 2.5 0 0 1 2 7.5V5a1 1 0 0 1 1 -1h3
truck	transportation	delivery,van,shipping,haulage,lorry	M14 18V6a2 2 0 0 0 -2 -2H4a2 2 0 0 0 -2 2v11a1 1 0 0 0 1 1h2M15 18H9M19 18h2a1 1 0 0 0 1 -1v-3.65a1 1 0 0 0 -.22 -.624l-3.48 -4.35A1 1 0 0 0 17.52 8H14M15 18a2 2 0 1 0 4 0a2 2 0 1 0 -4 0zM5 18a2 2 0 1 0 4 0a2 2 0 1 0 -4 0z
truck-electric	transportation	delivery,van,shipping,haulage,lorry,electric	M14 19V7a2 2 0 0 0 -2 -2H9M15 19H9M19 19h2a1 1 0 0 0 1 -1v-3.65a1 1 0 0 0 -.22 -.62L18.3 9.38a1 1 0 0 0 -.78 -.38H14M2 13v5a1 1 0 0 0 1 1h2M4 3L2.15 5.15a.495 .495 0 0 0 .35 .86h2.15a.47 .47 0 0 1 .35 .86L3 9.02M15 19a2 2 0 1 0 4 0a2 2 0 1 0 -4 0zM5 19a2 2 0 1 0 4 0a2 2 0 1 0 -4 0z
tube-lotion	medical,home,shopping,travel,seasons	sunscreen,sunblock,spf,uv,cream,skincare,toothpaste,ointment,bottle,toiletries,bathroom,beach,summer	M15 18v3a1 1 0 0 1 -1 1h-4a1 1 0 0 1 -1 -1v-3M17 2a2 2 0 0 1 1.6 3.2A8 8 0 0 0 17 10v6a2 2 0 0 1 -2 2H9a2 2 0 0 1 -2 -2v-6a8 8 0 0 0 -1.6 -4.8A2 2 0 0 1 7 2zM7 10a6.47 6.47 0 0 1 5 0 6.47 6.47 0 0 0 5 0
turkish-lira	finance	currency,money,payment	M15 4L5 9M15 8.5l-10 5M18 12a9 9 0 0 1 -9 9V3
turntable	multimedia,home	record player,gramophone,stereo,phonograph,vinyl,lp,disc,platter,cut,music,analog,retro,dj deck,disc jockey,scratch,spinning	M10 12.01h.01M18 8v4a8 8 0 0 1 -1.07 4M6 12a4 4 0 1 0 8 0a4 4 0 1 0 -8 0zM4 4h16a2 2 0 0 1 2 2v12a2 2 0 0 1 -2 2h-16a2 2 0 0 1 -2 -2v-12a2 2 0 0 1 2 -2z
turtle	animals	animal,pet,tortoise,slow,speed	M12 10l2 4v3a1 1 0 0 0 1 1h2a1 1 0 0 0 1 -1v-3a8 8 0 1 0 -16 0v3a1 1 0 0 0 1 1h2a1 1 0 0 0 1 -1v-3l2 -4h4ZM4.82 7.9L8 10M15.18 7.9L12 10M16.93 10H20a2 2 0 0 1 0 4H2
tv	devices,multimedia,communication	television,stream,display,widescreen,high-definition,hd,1080p,4k,8k,smart,digital,video,entertainment,showtime,channels,terrestrial,satellite,cable,broadcast,live,frequency,tune,scan,aerial,receiver,transmission,signal,connection,connectivity	M17 2l-5 5 -5 -5M4 7h16a2 2 0 0 1 2 2v11a2 2 0 0 1 -2 2h-16a2 2 0 0 1 -2 -2v-11a2 2 0 0 1 2 -2z
tv-minimal	devices,multimedia	flatscreen,television,stream,display,widescreen,high-definition,hd,1080p,4k,8k,smart,digital,video,home cinema,entertainment,showtime,channels,catchup	M7 21h10M4 3h16a2 2 0 0 1 2 2v10a2 2 0 0 1 -2 2h-16a2 2 0 0 1 -2 -2v-10a2 2 0 0 1 2 -2z
tv-minimal-play	devices,multimedia	flatscreen,television,stream,display,widescreen,high-definition,hd,1080p,4k,8k,smart,digital,video,movie,live,ott,running,start,film,home cinema,entertainment,showtime,channels,catchup	M15.033 9.44a.647 .647 0 0 1 0 1.12l-4.065 2.352a.645 .645 0 0 1 -.968 -.56V7.648a.645 .645 0 0 1 .967 -.56zM7 21h10M4 3h16a2 2 0 0 1 2 2v10a2 2 0 0 1 -2 2h-16a2 2 0 0 1 -2 -2v-10a2 2 0 0 1 2 -2z
type	text	text,font,typography	M12 4v16M4 7V5a1 1 0 0 1 1 -1h14a1 1 0 0 1 1 1v2M9 20h6
type-outline	text	text,font,typography,silhouette,profile,contour,stroke,line	M14 16.5a.5 .5 0 0 0 .5 .5h.5a2 2 0 0 1 0 4H9a2 2 0 0 1 0 -4h.5a.5 .5 0 0 0 .5 -.5v-9a.5 .5 0 0 0 -.5 -.5h-3a.5 .5 0 0 0 -.5 .5V8a2 2 0 0 1 -4 0V5a2 2 0 0 1 2 -2h16a2 2 0 0 1 2 2v3a2 2 0 0 1 -4 0v-.5a.5 .5 0 0 0 -.5 -.5h-3a.5 .5 0 0 0 -.5 .5Z
umbrella	weather	rain,weather	M12 13v7a2 2 0 0 0 4 0M12 2v2M20.992 13a1 1 0 0 0 .97 -1.274 10.284 10.284 0 0 0 -19.923 0A1 1 0 0 0 3 13z
umbrella-off	weather	rain,weather,uncovered,uninsured,antivirus,unprotected,risky	M12 13v7a2 2 0 0 0 4 0M12 2v2M18.656 13h2.336a1 1 0 0 0 .97 -1.274 10.284 10.284 0 0 0 -12.07 -7.51M2 2l20 20M5.961 5.957a10.28 10.28 0 0 0 -3.922 5.769A1 1 0 0 0 3 13h10
underline	text	text,format	M6 4v6a6 6 0 0 0 12 0V4M4 20L20 20
undo	text,arrows	redo,rerun,history	M3 7v6h6M21 17a9 9 0 0 0 -9 -9 9 9 0 0 0 -6 2.3L3 13
undo-2	text,arrows	redo,rerun,history,back,return,reverse,revert,direction,u-turn	M9 14L4 9l5 -5M4 9h10.5a5.5 5.5 0 0 1 5.5 5.5a5.5 5.5 0 0 1 -5.5 5.5H11
undo-dot	text,arrows	redo,history,step,back	M21 17a9 9 0 0 0 -15 -6.7L3 13M3 7v6h6M11 17a1 1 0 1 0 2 0a1 1 0 1 0 -2 0z
unfold-horizontal	arrows,layout	arrow,collapse,fold,vertical,dashed	M16 12h6M8 12H2M12 2v2M12 8v2M12 14v2M12 20v2M19 15l3 -3 -3 -3M5 9l-3 3 3 3
unfold-vertical	arrows,layout	arrow,expand,vertical,dashed	M12 22v-6M12 8V2M4 12H2M10 12H8M16 12h-2M22 12h-2M15 19l-3 3 -3 -3M15 5l-3 -3 -3 3
ungroup	shapes,files	cubes,packages,parts,units,collection,cluster,separate	M13 14h6a2 2 0 0 1 2 2v3a2 2 0 0 1 -2 2h-6a2 2 0 0 1 -2 -2v-3a2 2 0 0 1 2 -2zM5 3h6a2 2 0 0 1 2 2v3a2 2 0 0 1 -2 2h-6a2 2 0 0 1 -2 -2v-3a2 2 0 0 1 2 -2z
university	buildings,navigation	building,education,childhood,school,college,academy,institute	M14 21v-3a2 2 0 0 0 -4 0v3M18 12h.01M18 16h.01M22 7a1 1 0 0 0 -1 -1h-2a2 2 0 0 1 -1.143 -.359L13.143 2.36a2 2 0 0 0 -2.286 -.001L6.143 5.64A2 2 0 0 1 5 6H3a1 1 0 0 0 -1 1v12a2 2 0 0 0 2 2h16a2 2 0 0 0 2 -2zM6 12h.01M6 16h.01M10 10a2 2 0 1 0 4 0a2 2 0 1 0 -4 0z
unlink	text	url,unchain	M18.84 12.25l1.72 -1.71h-.02a5.004 5.004 0 0 0 -.12 -7.07 5.006 5.006 0 0 0 -6.95 0l-1.72 1.71M5.17 11.75l-1.71 1.71a5.004 5.004 0 0 0 .12 7.07 5.006 5.006 0 0 0 6.95 0l1.71 -1.71M8 2L8 5M2 8L5 8M16 19L16 22M19 16L22 16
unlink-2	text	url,unchain	M15 7h2a5 5 0 0 1 0 10h-2m-6 0H7A5 5 0 0 1 7 7h2
unplug	devices,development	electricity,energy,electronics,socket,outlet,disconnect	M19 5l3 -3M2 22l3 -3M6.3 20.3a2.4 2.4 0 0 0 3.4 0L12 18l-6 -6 -2.3 2.3a2.4 2.4 0 0 0 0 3.4ZM7.5 13.5L10 11M10.5 16.5L13 14M12 6l6 6 2.3 -2.3a2.4 2.4 0 0 0 0 -3.4l-2.6 -2.6a2.4 2.4 0 0 0 -3.4 0Z
upload	arrows,files	file	M12 3v12M17 8l-5 -5 -5 5M21 15v4a2 2 0 0 1 -2 2H5a2 2 0 0 1 -2 -2v-4
usb	devices,multimedia,home	universal,serial,bus,controller,connector,interface	M9 7a1 1 0 1 0 2 0a1 1 0 1 0 -2 0zM3 20a1 1 0 1 0 2 0a1 1 0 1 0 -2 0zM4.7 19.3L19 5M21 3l-3 1 2 2ZM9.26 7.68L5 12l2 5M10 14l5 2 3.5 -3.5M18 12l1 -1 1 1 -1 1Z
usb-c-port	devices,multimedia,home,gaming	universal,serial,bus,controller,connector,interface,socket,plug,slot,data,input,output	M6 12h12M6 8h12a4 4 0 0 1 4 4v0a4 4 0 0 1 -4 4h-12a4 4 0 0 1 -4 -4v0a4 4 0 0 1 4 -4z
user	account	person,account,contact	M19 21v-2a4 4 0 0 0 -4 -4H9a4 4 0 0 0 -4 4v2M8 7a4 4 0 1 0 8 0a4 4 0 1 0 -8 0z
user-check	account	followed,subscribed,done,todo,tick,complete,task	M16 11l2 2 4 -4M16 21v-2a4 4 0 0 0 -4 -4H6a4 4 0 0 0 -4 4v2M5 7a4 4 0 1 0 8 0a4 4 0 1 0 -8 0z
user-cog	account	settings,edit,cog,gear	M10 15H6a4 4 0 0 0 -4 4v2M14.305 16.53l.923 -.382M15.228 13.852l-.923 -.383M16.852 12.228l-.383 -.923M16.852 17.772l-.383 .924M19.148 12.228l.383 -.923M19.53 18.696l-.382 -.924M20.772 13.852l.924 -.383M20.772 16.148l.924 .383M15 15a3 3 0 1 0 6 0a3 3 0 1 0 -6 0zM5 7a4 4 0 1 0 8 0a4 4 0 1 0 -8 0z
user-group	account,people,social	group,people,team,members,community,membership,collaboration,organization,contacts,directory,staff,family,ancestry,ancestors,lineage,parents	M17 21v-1a2 2 0 0 0 -2 -2H9a2 2 0 0 0 -2 2v1M19 10h1a2 2 0 0 1 2 2v1M5 10H4a2 2 0 0 0 -2 2v1M9 11a3 3 0 1 0 6 0a3 3 0 1 0 -6 0zM16 4a2 2 0 1 0 4 0a2 2 0 1 0 -4 0zM4 4a2 2 0 1 0 4 0a2 2 0 1 0 -4 0z
user-key	account	passkey,password,login,authentication,authorization,roles,permissions,private,public,security,person,account,contact	M20 11v6M20 13h2M3 21v-2a4 4 0 0 1 4 -4h6a4 4 0 0 1 2.072 .578M6 7a4 4 0 1 0 8 0a4 4 0 1 0 -8 0zM18 19a2 2 0 1 0 4 0a2 2 0 1 0 -4 0z
user-lock	account,security	person,lock,locked,account,secure	M19 16v-2a2 2 0 0 0 -4 0v2M9.5 15H7a4 4 0 0 0 -4 4v2M6 7a4 4 0 1 0 8 0a4 4 0 1 0 -8 0zM13.899 16h6.202a.899 .899 0 0 1 .899 .899v3.202a.899 .899 0 0 1 -.899 .899h-6.202a.899 .899 0 0 1 -.899 -.899v-3.202a.899 .899 0 0 1 .899 -.899z
user-minus	account	delete,remove,unfollow,unsubscribe	M16 21v-2a4 4 0 0 0 -4 -4H6a4 4 0 0 0 -4 4v2M5 7a4 4 0 1 0 8 0a4 4 0 1 0 -8 0zM22 11L16 11
user-pen	account	person,account,contact,profile,edit,change	M11.5 15H7a4 4 0 0 0 -4 4v2M21.378 16.626a1 1 0 0 0 -3.004 -3.004l-4.01 4.012a2 2 0 0 0 -.506 .854l-.837 2.87a.5 .5 0 0 0 .62 .62l2.87 -.837a2 2 0 0 0 .854 -.506zM6 7a4 4 0 1 0 8 0a4 4 0 1 0 -8 0z
user-plus	account	new,add,create,follow,subscribe	M16 21v-2a4 4 0 0 0 -4 -4H6a4 4 0 0 0 -4 4v2M5 7a4 4 0 1 0 8 0a4 4 0 1 0 -8 0zM19 8L19 14M22 11L16 11
user-round	account	person,account,contact	M7 8a5 5 0 1 0 10 0a5 5 0 1 0 -10 0zM20 21a8 8 0 0 0 -16 0
user-round-arrow-left	account,people,arrows	person,assign,move,give,setup,self,me,myself,profile,avatar,incoming,recipient,assignee,inbound	M19 16l-3 3M2 21a8 8 0 0 1 12.664 -6.5M22 19h-6l3 3M5 8a5 5 0 1 0 10 0a5 5 0 1 0 -10 0z
user-round-check	account	followed,subscribed,done,todo,tick,complete,task	M2 21a8 8 0 0 1 13.292 -6M5 8a5 5 0 1 0 10 0a5 5 0 1 0 -10 0zM16 19l2 2 4 -4
user-round-cog	account	settings,edit,cog,gear	M14.305 19.53l.923 -.382M15.228 16.852l-.923 -.383M16.852 15.228l-.383 -.923M16.852 20.772l-.383 .924M19.148 15.228l.383 -.923M19.53 21.696l-.382 -.924M2 21a8 8 0 0 1 10.434 -7.62M20.772 16.852l.924 -.383M20.772 19.148l.924 .383M5 8a5 5 0 1 0 10 0a5 5 0 1 0 -10 0zM15 18a3 3 0 1 0 6 0a3 3 0 1 0 -6 0z
user-round-group	account,people,social	group,people,team,members,community,membership,collaboration,organization,contacts,directory,staff,family,ancestry,ancestors,lineage,parents	M17 21a5 5 0 0 0 -10 0M22 10.5a3.5 3.5 0 0 0 -5.507 -2.868M7.507 7.632A3.5 3.5 0 0 0 2 10.5M9 13a3 3 0 1 0 6 0a3 3 0 1 0 -6 0zM16 4.5a2.5 2.5 0 1 0 5 0a2.5 2.5 0 1 0 -5 0zM3 4.5a2.5 2.5 0 1 0 5 0a2.5 2.5 0 1 0 -5 0z
user-round-key	account	passkey,password,login,authentication,authorization,roles,permissions,private,public,security,person,account,contact	M19 11v6M19 13h2M2 21a8 8 0 0 1 12.868 -6.349M5 8a5 5 0 1 0 10 0a5 5 0 1 0 -10 0zM17 19a2 2 0 1 0 4 0a2 2 0 1 0 -4 0z
user-round-minus	account	delete,remove,unfollow,unsubscribe	M2 21a8 8 0 0 1 13.292 -6M5 8a5 5 0 1 0 10 0a5 5 0 1 0 -10 0zM22 19h-6
user-round-pen	account	person,account,contact,profile,edit,change	M2 21a8 8 0 0 1 10.821 -7.487M21.378 16.626a1 1 0 0 0 -3.004 -3.004l-4.01 4.012a2 2 0 0 0 -.506 .854l-.837 2.87a.5 .5 0 0 0 .62 .62l2.87 -.837a2 2 0 0 0 .854 -.506zM5 8a5 5 0 1 0 10 0a5 5 0 1 0 -10 0z
user-round-plus	account	new,add,create,follow,subscribe	M2 21a8 8 0 0 1 13.292 -6M5 8a5 5 0 1 0 10 0a5 5 0 1 0 -10 0zM19 16v6M22 19h-6
user-round-search	account,social	person,account,contact,find,scan,magnifier,magnifying glass,lens	M5 8a5 5 0 1 0 10 0a5 5 0 1 0 -10 0zM2 21a8 8 0 0 1 10.434 -7.62M15 18a3 3 0 1 0 6 0a3 3 0 1 0 -6 0zM22 22l-1.9 -1.9
user-round-x	account	delete,remove,unfollow,unsubscribe,unavailable	M16.5 16.5l5 5M2 21a8 8 0 0 1 11.531 -7.18M21.5 16.5l-5 5M5 8a5 5 0 1 0 10 0a5 5 0 1 0 -10 0z
user-search	account,social	person,account,contact,find,scan,magnifier,magnifying glass,lens	M6 7a4 4 0 1 0 8 0a4 4 0 1 0 -8 0zM10.3 15H7a4 4 0 0 0 -4 4v2M14 17a3 3 0 1 0 6 0a3 3 0 1 0 -6 0zM21 21l-1.9 -1.9
user-shield	account,security,development,people	user,shield,admin,protected,guard,profile,security,privacy,permissions,role	M10 15H6a4 4 0 0 0 -4 4v2M22 17.5c0 2.499 -1.75 3.749 -3.83 4.474a.5 .5 0 0 1 -.335 -.005c-2.085 -.72 -3.835 -1.97 -3.835 -4.47V14a.5 .5 0 0 1 .5 -.499c1 0 2.25 -.6 3.12 -1.36a.6 .6 0 0 1 .76 -.001c.875 .765 2.12 1.36 3.12 1.36a.5 .5 0 0 1 .5 .5zM5 7a4 4 0 1 0 8 0a4 4 0 1 0 -8 0z
user-star	account	person,account,favorite,contact,like,review,rating,admin	M16.051 12.616a1 1 0 0 1 1.909 .024l.737 1.452a1 1 0 0 0 .737 .535l1.634 .256a1 1 0 0 1 .588 1.806l-1.172 1.168a1 1 0 0 0 -.282 .866l.259 1.613a1 1 0 0 1 -1.541 1.134l-1.465 -.75a1 1 0 0 0 -.912 0l-1.465 .75a1 1 0 0 1 -1.539 -1.133l.258 -1.613a1 1 0 0 0 -.282 -.866l-1.156 -1.153a1 1 0 0 1 .572 -1.822l1.633 -.256a1 1 0 0 0 .737 -.535zM8 15H7a4 4 0 0 0 -4 4v2M6 7a4 4 0 1 0 8 0a4 4 0 1 0 -8 0z
user-x	account	delete,remove,unfollow,unsubscribe,unavailable	M16 21v-2a4 4 0 0 0 -4 -4H6a4 4 0 0 0 -4 4v2M5 7a4 4 0 1 0 8 0a4 4 0 1 0 -8 0zM17 8L22 13M22 8L17 13
users	account	group,people	M16 21v-2a4 4 0 0 0 -4 -4H6a4 4 0 0 0 -4 4v2M16 3.128a4 4 0 0 1 0 7.744M22 21v-2a4 4 0 0 0 -3 -3.87M5 7a4 4 0 1 0 8 0a4 4 0 1 0 -8 0z
users-round	account	group,people	M18 21a8 8 0 0 0 -16 0M5 8a5 5 0 1 0 10 0a5 5 0 1 0 -10 0zM22 20c0 -3.37 -2 -6.5 -4 -8a5 5 0 0 0 -.45 -8.3
utensils	food-beverage,travel,navigation	fork,knife,cutlery,flatware,tableware,silverware,food,restaurant,meal,breakfast,dinner,supper	M3 2v7c0 1.1 .9 2 2 2h4a2 2 0 0 0 2 -2V2M7 2v20M21 15V2a5 5 0 0 0 -5 5v6c0 1.1 .9 2 2 2h3Zm0 0v7
utensils-crossed	food-beverage,travel,navigation	fork,knife,cutlery,flatware,tableware,silverware,food,restaurant,meal,breakfast,dinner,supper	M16 2l-2.3 2.3a3 3 0 0 0 0 4.2l1.8 1.8a3 3 0 0 0 4.2 0L22 8M15 15L3.3 3.3a4.2 4.2 0 0 0 0 6l7.3 7.3c.7 .7 2 .7 2.8 0L15 15Zm0 0l7 7M2.1 21.8l6.4 -6.3M19 5l-7 7
utility-pole	buildings,home,sustainability	electricity,energy,transmission line,telegraph pole,power lines,phone	M12 2v20M2 5h20M3 3v2M7 3v2M17 3v2M21 3v2M19 5l-7 7 -7 -7
van	transportation	minivan,cart,wagon,truck,lorry,trailer,camper,vehicle,drive,trip,journey,van,transport,carriage,delivery,travel	M13 6v5a1 1 0 0 0 1 1h6.102a1 1 0 0 1 .712 .298l.898 .91a1 1 0 0 1 .288 .702V17a1 1 0 0 1 -1 1h-3M5 18H3a1 1 0 0 1 -1 -1V8a2 2 0 0 1 2 -2h12c1.1 0 2.1 .8 2.4 1.8l1.176 4.2M9 18h5M14 18a2 2 0 1 0 4 0a2 2 0 1 0 -4 0zM5 18a2 2 0 1 0 4 0a2 2 0 1 0 -4 0z
variable	development,math	code,coding,programming,symbol,calculate,algebra,x,parentheses,parenthesis,brackets,parameter,(,)	M8 21s-4 -3 -4 -9 4 -9 4 -9M16 3s4 3 4 9 -4 9 -4 9M15 9L9 15M9 9L15 15
vault	security,travel,home	safe,lockbox,deposit,locker,coffer,strongbox,safety,secure,storage,valuables,bank	M5 3h14a2 2 0 0 1 2 2v14a2 2 0 0 1 -2 2h-14a2 2 0 0 1 -2 -2v-14a2 2 0 0 1 2 -2zM7 7.5a.5 .5 0 1 0 1 0a.5 .5 0 1 0 -1 0zM7.9 7.9l2.7 2.7M16 7.5a.5 .5 0 1 0 1 0a.5 .5 0 1 0 -1 0zM13.4 10.6l2.7 -2.7M7 16.5a.5 .5 0 1 0 1 0a.5 .5 0 1 0 -1 0zM7.9 16.1l2.7 -2.7M16 16.5a.5 .5 0 1 0 1 0a.5 .5 0 1 0 -1 0zM13.4 13.4l2.7 2.7M10 12a2 2 0 1 0 4 0a2 2 0 1 0 -4 0z
vector-polygon	design,math,shapes	map,vector,geometry,coordinates,shape,location,boundary,area,region,gis,geospatial,vertices,points,outline,drawing,design,math	M12.828 4.813l5.344 2.375M15.769 18.153l3.461 -8.306M5.687 14.074l7.625 4.852M9.772 5.579L5.228 11.42M9 4a2 2 0 1 0 4 0a2 2 0 1 0 -4 0zM13 20a2 2 0 1 0 4 0a2 2 0 1 0 -4 0zM18 8a2 2 0 1 0 4 0a2 2 0 1 0 -4 0zM2 13a2 2 0 1 0 4 0a2 2 0 1 0 -4 0z
vector-square	shapes,math,design,tools	shape,geometry,art,width,height,size,calculate,measure,select,graphics,box	M17.055 4.533a24 24 0 0 0 -10.11 0M19.467 17.055a24 24 0 0 0 0 -10.11M4.533 6.945a24 24 0 0 0 0 10.11M6.945 19.467a24 24 0 0 0 10.11 0M17 19a2 2 0 1 0 4 0a2 2 0 1 0 -4 0zM17 5a2 2 0 1 0 4 0a2 2 0 1 0 -4 0zM3 19a2 2 0 1 0 4 0a2 2 0 1 0 -4 0zM3 5a2 2 0 1 0 4 0a2 2 0 1 0 -4 0z
vegan	food-beverage,sustainability	vegetarian,fruitarian,herbivorous,animal rights,diet	M16 8q6 0 6 -6 -6 0 -6 6M17.41 3.59a10 10 0 1 0 3 3M2 2a26.6 26.6 0 0 1 10 20c.9 -6.82 1.5 -9.5 4 -14
venetian-mask	account,gaming	mask,masquerade,impersonate,secret,incognito	M18 11c-1.5 0 -2.5 .5 -3 2M4 6a2 2 0 0 0 -2 2v4a5 5 0 0 0 5 5 8 8 0 0 1 5 2 8 8 0 0 1 5 -2 5 5 0 0 0 5 -5V8a2 2 0 0 0 -2 -2h-3a8 8 0 0 0 -5 2 8 8 0 0 0 -5 -2zM6 11c1.5 0 2.5 .5 3 2
venus	medical	gender,sex,female,feminine,woman,girl	M12 15v7M9 19h6M6 9a6 6 0 1 0 12 0a6 6 0 1 0 -12 0z
venus-and-mars	medical	gender,sex,intersex,androgynous,hermaphrodite	M10 20h4M12 16v6M17 2h4v4M21 2l-5.46 5.46M7 11a5 5 0 1 0 10 0a5 5 0 1 0 -10 0z
vibrate	devices,connectivity,account,notifications	smartphone,notification,rumble,haptic feedback,screen	M2 8l2 2 -2 2 2 2 -2 2M22 8l-2 2 2 2 -2 2 2 2M9 5h6a1 1 0 0 1 1 1v12a1 1 0 0 1 -1 1h-6a1 1 0 0 1 -1 -1v-12a1 1 0 0 1 1 -1z
vibrate-off	devices,connectivity,account	smartphone,notification,rumble,haptic feedback,notifications,screen	M2 8l2 2 -2 2 2 2 -2 2M22 8l-2 2 2 2 -2 2 2 2M8 8v10c0 .55 .45 1 1 1h6c.55 0 1 -.45 1 -1v-2M16 10.34V6c0 -.55 -.45 -1 -1 -1h-4.34M2 2L22 22
video	devices,communication,connectivity,photography	camera,movie,film,recording,motion picture,camcorder,reel	M16 13l5.223 3.482a.5 .5 0 0 0 .777 -.416V7.87a.5 .5 0 0 0 -.752 -.432L16 10.5M4 6h10a2 2 0 0 1 2 2v8a2 2 0 0 1 -2 2h-10a2 2 0 0 1 -2 -2v-8a2 2 0 0 1 2 -2z
video-off	devices,communication,connectivity,photography	camera,movie,film	M10.66 6H14a2 2 0 0 1 2 2v2.5l5.248 -3.062A.5 .5 0 0 1 22 7.87v8.196M16 16a2 2 0 0 1 -2 2H4a2 2 0 0 1 -2 -2V8a2 2 0 0 1 2 -2h2M2 2l20 20
videotape	devices,communication,connectivity,photography,files	vhs,movie,film,recording,motion picture,showreel,cassette	M4 4h16a2 2 0 0 1 2 2v12a2 2 0 0 1 -2 2h-16a2 2 0 0 1 -2 -2v-12a2 2 0 0 1 2 -2zM2 8h20M6 14a2 2 0 1 0 4 0a2 2 0 1 0 -4 0zM8 12h8M14 14a2 2 0 1 0 4 0a2 2 0 1 0 -4 0z
view	design,photography	eye,look	M21 17v2a2 2 0 0 1 -2 2H5a2 2 0 0 1 -2 -2v-2M21 7V5a2 2 0 0 0 -2 -2H5a2 2 0 0 0 -2 2v2M11 12a1 1 0 1 0 2 0a1 1 0 1 0 -2 0zM18.944 12.33a1 1 0 0 0 0 -.66 7.5 7.5 0 0 0 -13.888 0 1 1 0 0 0 0 .66 7.5 7.5 0 0 0 13.888 0
virus	medical,science,security	pathogen,infection,disease,illness,contagion,outbreak,pandemic,epidemic,covid,coronavirus,germ,microbe,microorganism,biology,medical,healthcare,malware,cybersecurity,threat	M12 14.991h.01M12 22v-3M12 2v3M13 22h-2M13 2h-2M13.99 10H14M16.5 19.794l-1 -1.733M16.5 4.205l-1 1.732M19.794 16.5l-1.732 -1M19.794 7.5l-1.732 1M2 12h3M2 13v-2M22 12h-3M22 13v-2M4.206 16.5l1.732 -1M4.206 7.5l1.732 1M7.5 19.794l1 -1.733M7.5 4.205l1 1.732M9 12h.01M5 12a7 7 0 1 0 14 0a7 7 0 1 0 -14 0z
virus-off	medical,science,security	pathogen,infection,disease,illness,contagion,outbreak,pandemic,epidemic,covid,coronavirus,germ,microbe,microorganism,biology,medical,healthcare,malware,cybersecurity,threat,antivirus,blocked,removed,clean,safe,prevention,quarantine	M10.01 10h.01M12 14.991h.01M12 22v-3M12 2v3M13 22h-2M13 2h-2M16.5 19.794l-1 -1.733M16.5 4.205l-1 1.732M18.891 13.235a7 7 0 0 0 -8.126 -8.126M19.794 7.5l-1.732 1M2 12h3M2 13v-2M2 2l20 20M22 12h-3M22 13v-2M4.206 16.5l1.732 -1M4.206 7.5l1.732 1M7.05 7.05a7 7 0 0 0 9.9 9.9M7.5 19.794l1 -1.733M9 12h.01
voicemail	connectivity,devices,social	phone,cassette,tape,reel,recording,audio	M2 12a4 4 0 1 0 8 0a4 4 0 1 0 -8 0zM14 12a4 4 0 1 0 8 0a4 4 0 1 0 -8 0zM6 16L18 16
volleyball	sports,gaming,travel	beach,sand,net,holiday,vacation,summer,soccer,football,futbol,kick,pitch,goal,score,bounce,leather,wool,yarn,knitting,sewing,thread,embroidery,textile	M11 7a16 16 20 0 1 10.98 4.362M12 12a13 13 0 0 1 -8.66 5M16.83 13.634a16 16 0 0 1 -9.267 7.328M20.66 17A13 13 0 0 0 12 12a13 13 0 0 1 0 -10M8.17 15.366a16 16 0 0 1 -1.713 -11.69M2 12a10 10 0 1 0 20 0a10 10 0 1 0 -20 0z
volume	connectivity,communication,multimedia	music,sound,mute,speaker	M11 4.702a.705 .705 0 0 0 -1.203 -.498L6.413 7.587A1.4 1.4 0 0 1 5.416 8H3a1 1 0 0 0 -1 1v6a1 1 0 0 0 1 1h2.416a1.4 1.4 0 0 1 .997 .413l3.383 3.384A.705 .705 0 0 0 11 19.298z
volume-1	connectivity,communication,multimedia	music,sound,speaker	M11 4.702a.705 .705 0 0 0 -1.203 -.498L6.413 7.587A1.4 1.4 0 0 1 5.416 8H3a1 1 0 0 0 -1 1v6a1 1 0 0 0 1 1h2.416a1.4 1.4 0 0 1 .997 .413l3.383 3.384A.705 .705 0 0 0 11 19.298zM16 9a5 5 0 0 1 0 6
volume-2	connectivity,communication,multimedia	music,sound,speaker	M11 4.702a.705 .705 0 0 0 -1.203 -.498L6.413 7.587A1.4 1.4 0 0 1 5.416 8H3a1 1 0 0 0 -1 1v6a1 1 0 0 0 1 1h2.416a1.4 1.4 0 0 1 .997 .413l3.383 3.384A.705 .705 0 0 0 11 19.298zM16 9a5 5 0 0 1 0 6M19.364 18.364a9 9 0 0 0 0 -12.728
volume-off	connectivity,communication,multimedia	music,sound,mute,speaker	M16 9a5 5 0 0 1 .95 2.293M19.364 5.636a9 9 0 0 1 1.889 9.96M2 2l20 20M7 7l-.587 .587A1.4 1.4 0 0 1 5.416 8H3a1 1 0 0 0 -1 1v6a1 1 0 0 0 1 1h2.416a1.4 1.4 0 0 1 .997 .413l3.383 3.384A.705 .705 0 0 0 11 19.298V11M9.828 4.172A.686 .686 0 0 1 11 4.657v.686
volume-x	connectivity,communication,multimedia	music,sound,mute,speaker	M11 4.702a.7 .7 0 0 0 -1.203 -.498L6.413 7.587A1.4 1.4 0 0 1 5.416 8H3a1 1 0 0 0 -1 1v6a1 1 0 0 0 1 1h2.416a1.4 1.4 0 0 1 .997 .413l3.383 3.384A.7 .7 0 0 0 11 19.298zM16.5 14.5l5 -5M16.5 9.5l5 5
vote	social	vote,poll,ballot,political,social,check,tick	M9 12l2 2 4 -4M5 7c0 -1.1 .9 -2 2 -2h10a2 2 0 0 1 2 2v12H5V7ZM22 19H2
wallet	account,finance	money,finance,pocket	M19 7V4a1 1 0 0 0 -1 -1H5a2 2 0 0 0 0 4h15a1 1 0 0 1 1 1v4h-3a2 2 0 0 0 0 4h3a1 1 0 0 0 1 -1v-2a1 1 0 0 0 -1 -1M3 5v14a2 2 0 0 0 2 2h15a1 1 0 0 0 1 -1v-4
wallet-cards	account,finance	wallet,cards,banking,cash,debit,transport,money,finance,pocket,credit,purchase,payment,shopping,retail,consumer,cc	M3 11h3.75a2 2 0 0 1 1.6 .8l.45 .6a4 4 0 0 0 6.4 0l.45 -.6a2 2 0 0 1 1.6 -.8H21M3 7h18M5 3h14a2 2 0 0 1 2 2v14a2 2 0 0 1 -2 2h-14a2 2 0 0 1 -2 -2v-14a2 2 0 0 1 2 -2z
wallet-minimal	account,finance	finance,pocket	M17 14h.01M7 7h12a2 2 0 0 1 2 2v10a2 2 0 0 1 -2 2H5a2 2 0 0 1 -2 -2V5a2 2 0 0 1 2 -2h14
wallpaper	account,devices	background,texture,image,art,design,visual,decor,pattern,screen,cover,lock screen	M12 17v4M8 21h8M9 17l6.1 -6.1a2 2 0 0 1 2.81 .01L22 15M6 9a2 2 0 1 0 4 0a2 2 0 1 0 -4 0zM4 3h16a2 2 0 0 1 2 2v10a2 2 0 0 1 -2 2h-16a2 2 0 0 1 -2 -2v-10a2 2 0 0 1 2 -2z
wand	design,gaming,cursors,photography	magic,selection	M15 4V2M15 16v-2M8 9h2M20 9h2M17.8 11.8L19 13M15 9h.01M17.8 6.2L19 5M3 21l9 -9M12.2 6.2L11 5
wand-sparkles	design,gaming,cursors,photography	magic,wizard,magician	M21.64 3.64l-1.28 -1.28a1.21 1.21 0 0 0 -1.72 0L2.36 18.64a1.21 1.21 0 0 0 0 1.72l1.28 1.28a1.2 1.2 0 0 0 1.72 0L21.64 5.36a1.2 1.2 0 0 0 0 -1.72M14 7l3 3M5 6v4M19 14v4M10 2v2M7 8H3M21 16h-4M11 3H9
warehouse	buildings,navigation	storage,storehouse,depot,depository,repository,stockroom,logistics,building	M18 21V10a1 1 0 0 0 -1 -1H7a1 1 0 0 0 -1 1v11M22 19a2 2 0 0 1 -2 2H4a2 2 0 0 1 -2 -2V8a2 2 0 0 1 1.132 -1.803l7.95 -3.974a2 2 0 0 1 1.837 0l7.948 3.974A2 2 0 0 1 22 8zM6 13h12M6 17h12
washing-machine	home,devices,travel	tumble dryer,amenities,electronics,cycle,clothes,rinse,spin,drum	M3 6h3M17 6h.01M5 2h14a2 2 0 0 1 2 2v16a2 2 0 0 1 -2 2h-14a2 2 0 0 1 -2 -2v-16a2 2 0 0 1 2 -2zM7 13a5 5 0 1 0 10 0a5 5 0 1 0 -10 0zM12 18a2.5 2.5 0 0 0 0 -5 2.5 2.5 0 0 1 0 -5
watch	time	clock,time	M12 10v2.2l1.6 1M16.13 7.66l-.81 -4.05a2 2 0 0 0 -2 -1.61h-2.68a2 2 0 0 0 -2 1.61l-.78 4.05M7.88 16.36l.8 4a2 2 0 0 0 2 1.61h2.72a2 2 0 0 0 2 -1.61l.81 -4.05M6 12a6 6 0 1 0 12 0a6 6 0 1 0 -12 0z
waves-arrow-down	weather,sustainability	water,sea,level,sound,hertz,wavelength,vibrate,low,tide,ocean,rising,down,falling	M12 10L12 2M16 6L12 10L8 6M2 15C2.6 15.5 3.2 16 4.5 16C7 16 7 14 9.5 14C12.1 14 11.9 16 14.5 16C17 16 17 14 19.5 14C20.8 14 21.4 14.5 22 15M2 21C2.6 21.5 3.2 22 4.5 22C7 22 7 20 9.5 20C12.1 20 11.9 22 14.5 22C17 22 17 20 19.5 20C20.8 20 21.4 20.5 22 21
waves-arrow-up	weather,sustainability	water,sea,level,sound,hertz,wavelength,vibrate,high,tide,ocean,rising	M12 2v8M2 15c.6 .5 1.2 1 2.5 1 2.5 0 2.5 -2 5 -2 2.6 0 2.4 2 5 2 2.5 0 2.5 -2 5 -2 1.3 0 1.9 .5 2.5 1M2 21c.6 .5 1.2 1 2.5 1 2.5 0 2.5 -2 5 -2 2.6 0 2.4 2 5 2 2.5 0 2.5 -2 5 -2 1.3 0 1.9 .5 2.5 1M8 6l4 -4 4 4
waves-horizontal	weather,navigation,multimedia,sustainability	water,sea,sound,hertz,wavelength,vibrate,ocean,swimming,frequency	M2 12q2.5 2 5 0t5 0 5 0 5 0M2 19q2.5 2 5 0t5 0 5 0 5 0M2 5q2.5 2 5 0t5 0 5 0 5 0
waves-ladder	sports,home	swimming,water,pool,lifeguard,ocean,🌊,🏊‍♂️,🏊‍♀️,🏊,🥽	M19 5a2 2 0 0 0 -2 2v11M2 18c.6 .5 1.2 1 2.5 1 2.5 0 2.5 -2 5 -2 2.6 0 2.4 2 5 2 2.5 0 2.5 -2 5 -2 1.3 0 1.9 .5 2.5 1M7 13h10M7 9h10M9 5a2 2 0 0 0 -2 2v11
waves-vertical	weather,sustainability	steam,warmth,temperature,burn,hot,boiling,heat,smoke,vapor,smell,aroma,sauna	M12 2q2 2.5 0 5t0 5 0 5 0 5M19 2q2 2.5 0 5t0 5 0 5 0 5M5 2q2 2.5 0 5t0 5 0 5 0 5
waypoints	security,account,navigation,development,social	indirection,vpn,virtual private network,proxy,connections,bounce,reroute,path,journey,planner,stops,stations,shared,spread,viral	M10.586 5.414l-5.172 5.172M18.586 13.414l-5.172 5.172M6 12h12M10 20a2 2 0 1 0 4 0a2 2 0 1 0 -4 0zM10 4a2 2 0 1 0 4 0a2 2 0 1 0 -4 0zM18 12a2 2 0 1 0 4 0a2 2 0 1 0 -4 0zM2 12a2 2 0 1 0 4 0a2 2 0 1 0 -4 0z
webcam	connectivity,devices,communication	camera,security	M4 10a8 8 0 1 0 16 0a8 8 0 1 0 -16 0zM9 10a3 3 0 1 0 6 0a3 3 0 1 0 -6 0zM7 22h10M12 22v-4
webcam-off	connectivity,devices,communication	camera,security	M12 22v-4M12.754 7.096a3 3 0 0 1 2.15 2.15M12.863 12.873a3 3 0 0 1 -3.736 -3.735M16.566 16.57A8 8 0 0 1 5.43 5.433M2 2l20 20M7 22h10M8.478 2.817a8 8 0 0 1 10.705 10.705
webhook	development,social,account	push api,interface,callback	M18 16.98h-5.99c-1.1 0 -1.95 .94 -2.48 1.9A4 4 0 0 1 2 17c.01 -.7 .2 -1.4 .57 -2M6 17l3.13 -5.78c.53 -.97 .1 -2.18 -.5 -3.1a4 4 0 1 1 6.89 -4.06M12 6l3.13 5.73C15.66 12.7 16.9 13 18 13a4 4 0 0 1 0 8
webhook-off	development,social,account	push api,interface,callback	M17 17h-5c-1.09 -.02 -1.94 .92 -2.5 1.9A3 3 0 1 1 2.57 15M9 3.4a4 4 0 0 1 6.52 .66M6 17l3.1 -5.8a2.5 2.5 0 0 0 .057 -2.05M20.3 20.3a4 4 0 0 1 -2.3 .7M18.6 13a4 4 0 0 1 3.357 3.414M12 6l.6 1M2 2l20 20
weight	math	mass,heavy,lead,metal,measure,geometry,scales,balance	M9 5a3 3 0 1 0 6 0a3 3 0 1 0 -6 0zM6.5 8a2 2 0 0 0 -1.905 1.46L2.1 18.5A2 2 0 0 0 4 21h16a2 2 0 0 0 1.925 -2.54L19.4 9.5A2 2 0 0 0 17.48 8Z
weight-tilde	math	measure,scale,estimate,load,balance,size,measurement,quantity,mass	M6.5 8a2 2 0 0 0 -1.906 1.46L2.1 18.5A2 2 0 0 0 4 21h16a2 2 0 0 0 1.925 -2.54L19.4 9.5A2 2 0 0 0 17.48 8zM7.999 15a2.5 2.5 0 0 1 4 0 2.5 2.5 0 0 0 4 0M9 5a3 3 0 1 0 6 0a3 3 0 1 0 -6 0z
wheat	food-beverage	corn,cereal,grain,gluten	M2 22L16 8M3.47 12.53L5 11l1.53 1.53a3.5 3.5 0 0 1 0 4.94L5 19l-1.53 -1.53a3.5 3.5 0 0 1 0 -4.94ZM7.47 8.53L9 7l1.53 1.53a3.5 3.5 0 0 1 0 4.94L9 15l-1.53 -1.53a3.5 3.5 0 0 1 0 -4.94ZM11.47 4.53L13 3l1.53 1.53a3.5 3.5 0 0 1 0 4.94L13 11l-1.53 -1.53a3.5 3.5 0 0 1 0 -4.94ZM20 2h2v2a4 4 0 0 1 -4 4h-2V6a4 4 0 0 1 4 -4ZM11.47 17.47L13 19l-1.53 1.53a3.5 3.5 0 0 1 -4.94 0L5 19l1.53 -1.53a3.5 3.5 0 0 1 4.94 0ZM15.47 13.47L17 15l-1.53 1.53a3.5 3.5 0 0 1 -4.94 0L9 15l1.53 -1.53a3.5 3.5 0 0 1 4.94 0ZM19.47 9.47L21 11l-1.53 1.53a3.5 3.5 0 0 1 -4.94 0L13 11l1.53 -1.53a3.5 3.5 0 0 1 4.94 0Z
wheat-off	food-beverage	corn,cereal,grain,gluten free,allergy,intolerance,diet	M2 22l10 -10M16 8l-1.17 1.17M3.47 12.53L5 11l1.53 1.53a3.5 3.5 0 0 1 0 4.94L5 19l-1.53 -1.53a3.5 3.5 0 0 1 0 -4.94ZM8 8l-.53 .53a3.5 3.5 0 0 0 0 4.94L9 15l1.53 -1.53c.55 -.55 .88 -1.25 .98 -1.97M10.91 5.26c.15 -.26 .34 -.51 .56 -.73L13 3l1.53 1.53a3.5 3.5 0 0 1 .28 4.62M20 2h2v2a4 4 0 0 1 -4 4h-2V6a4 4 0 0 1 4 -4ZM11.47 17.47L13 19l-1.53 1.53a3.5 3.5 0 0 1 -4.94 0L5 19l1.53 -1.53a3.5 3.5 0 0 1 4.94 0ZM16 16l-.53 .53a3.5 3.5 0 0 1 -4.94 0L9 15l1.53 -1.53a3.49 3.49 0 0 1 1.97 -.98M18.74 13.09c.26 -.15 .51 -.34 .73 -.56L21 11l-1.53 -1.53a3.5 3.5 0 0 0 -4.62 -.28M2 2L22 22
whistle	sports,notifications	alert,signal,sound,blow,noise,coach,trainer,referee,gym,game,training,sports,traffic cops,police,lifeguard,safety,rescue,emergency	M10 6v4M21 6a1 1 0 0 1 1 1v2a1 1 0 0 1 -1 1h-5.675A7 7 0 1 1 9 6z
whole-word	text	text,selection,letters,characters,font,typography	M4 12a3 3 0 1 0 6 0a3 3 0 1 0 -6 0zM10 9v6M14 12a3 3 0 1 0 6 0a3 3 0 1 0 -6 0zM14 7v8M22 17v1c0 .5 -.5 1 -1 1H3c-.5 0 -1 -.5 -1 -1v-1
wifi	connectivity,devices	connection,signal,wireless	M12 20h.01M2 8.82a15 15 0 0 1 20 0M5 12.859a10 10 0 0 1 14 0M8.5 16.429a5 5 0 0 1 7 0
wifi-cog	connectivity,devices,files	connection,signal,wireless,directory,settings,control,preferences,cog,edit,gear	M14.305 19.53l.923 -.382M15.228 16.852l-.923 -.383M16.852 15.228l-.383 -.923M16.852 20.772l-.383 .924M19.148 15.228l.383 -.923M19.53 21.696l-.382 -.924M2 8.82a15 15 0 0 1 20 0M20.772 16.852l.924 -.383M20.772 19.148l.924 .383M5 12.859a10 10 0 0 1 10.18 -2.342M8.5 16.429a5 5 0 0 1 1.998 -1.2M15 18a3 3 0 1 0 6 0a3 3 0 1 0 -6 0z
wifi-high	connectivity,devices	connection,signal,wireless	M12 20h.01M5 12.859a10 10 0 0 1 14 0M8.5 16.429a5 5 0 0 1 7 0
wifi-low	connectivity,devices	connection,signal,wireless	M12 20h.01M8.5 16.429a5 5 0 0 1 7 0
wifi-off	connectivity,devices	disabled	M12 20h.01M8.5 16.429a5 5 0 0 1 7 0M5 12.859a10 10 0 0 1 5.17 -2.69M19 12.859a10 10 0 0 0 -2.007 -1.523M2 8.82a15 15 0 0 1 4.177 -2.643M22 8.82a15 15 0 0 0 -11.288 -3.764M2 2l20 20
wifi-pen	connectivity,devices	edit,wifi,pen,change,network	M2 8.82a15 15 0 0 1 20 0M21.378 16.626a1 1 0 0 0 -3.004 -3.004l-4.01 4.012a2 2 0 0 0 -.506 .854l-.837 2.87a.5 .5 0 0 0 .62 .62l2.87 -.837a2 2 0 0 0 .854 -.506zM5 12.859a10 10 0 0 1 10.5 -2.222M8.5 16.429a5 5 0 0 1 3 -1.406
wifi-sync	connectivity,devices	connection,signal,wireless,synchronize,reconnect,reset,restart	M11.965 10.105v4L13.5 12.5a5 5 0 0 1 8 1.5M11.965 14.105h4M17.965 18.105h4L20.43 19.71a5 5 0 0 1 -8 -1.5M2 8.82a15 15 0 0 1 20 0M21.965 22.105v-4M5 12.86a10 10 0 0 1 3 -2.032M8.5 16.429h.01
wifi-zero	connectivity,devices	connection,signal,wireless	M12 20h.01
wind	weather,sustainability	weather,air,blow	M12.8 19.6A2 2 0 1 0 14 16H2M17.5 8a2.5 2.5 0 1 1 2 4H2M9.8 4.4A2 2 0 1 1 11 8H2
wind-arrow-down	weather,sustainability	weather,air,pressure,blow	M10 2v8M12.8 21.6A2 2 0 1 0 14 18H2M17.5 10a2.5 2.5 0 1 1 2 4H2M6 6l4 4 4 -4
wind-arrow-up	weather,sustainability,arrows,navigation	weather,air,pressure,blow,gust,windy,sort,increase	M10 2v8M12.8 21.6A2 2 0 1 0 14 18H2M17.5 10a2.5 2.5 0 1 1 2 4H2M6 6l4 -4 4 4
wine	food-beverage	alcohol,beverage,bar,drink,glass,sommelier,vineyard,winery	M8 22h8M7 10h10M12 15v7M12 15a5 5 0 0 0 5 -5c0 -2 -.5 -4 -2 -8H9c-1.5 4 -2 6 -2 8a5 5 0 0 0 5 5Z
wine-off	food-beverage	alcohol,beverage,drink,glass,alcohol free,abstinence,abstaining,teetotalism,allergy,intolerance	M8 22h8M7 10h3m7 0h-1.343M12 15v7M7.307 7.307A12.33 12.33 0 0 0 7 10a5 5 0 0 0 7.391 4.391M8.638 2.981C8.75 2.668 8.872 2.34 9 2h6c1.5 4 2 6 2 8 0 .407 -.05 .809 -.145 1.198M2 2L22 22
workflow	development	action,continuous integration,ci,automation,devops,network,node,connection	M5 3h4a2 2 0 0 1 2 2v4a2 2 0 0 1 -2 2h-4a2 2 0 0 1 -2 -2v-4a2 2 0 0 1 2 -2zM7 11v4a2 2 0 0 0 2 2h4M15 13h4a2 2 0 0 1 2 2v4a2 2 0 0 1 -2 2h-4a2 2 0 0 1 -2 -2v-4a2 2 0 0 1 2 -2z
worm	animals,security	invertebrate,grub,larva,snake,crawl,wiggle,slither,pest control,computer virus,malware	M19 12l-1.5 3M19.63 18.81L22 20M6.47 8.23a1.68 1.68 0 0 1 2.44 1.93l-.64 2.08a6.76 6.76 0 0 0 10.16 7.67l.42 -.27a1 1 0 1 0 -2.73 -4.21l-.42 .27a1.76 1.76 0 0 1 -2.63 -1.99l.64 -2.08A6.66 6.66 0 0 0 3.94 3.9l-.7 .4a1 1 0 1 0 2.55 4.34z
wrench	account,development,tools	account,settings,spanner,diy,toolbox,build,construction	M14.7 6.3a1 1 0 0 0 0 1.4l1.6 1.6a1 1 0 0 0 1.4 0l3.106 -3.105c.32 -.322 .863 -.22 .983 .218a6 6 0 0 1 -8.259 7.057l-7.91 7.91a1 1 0 0 1 -2.999 -3l7.91 -7.91a6 6 0 0 1 7.057 -8.259c.438 .12 .54 .662 .219 .984z
wrench-off	account,development,tools	account,settings,spanner,diy,toolbox,build,construction,off,service,maintenance,disabled	M10.747 5.093a6 6 0 0 1 6.841 -2.882c.438 .12 .54 .662 .219 .984L14.7 6.3a1 1 0 0 0 0 1.4l1.6 1.6a1 1 0 0 0 1.4 0l3.106 -3.105c.32 -.322 .863 -.22 .983 .218a6 6 0 0 1 -2.882 6.842M13.5 13.5l-7.88 7.88a1 1 0 0 1 -2.999 -3l7.88 -7.88M2 2l20 20
x	notifications,math	cancel,close,cross,delete,ex,remove,times,clear,math,multiply,multiplication	M18 6L6 18M6 6l12 12
x-line-top	notifications,math	line,top,arrow,navigation,up,pointer,direction,vector,symbol,cancel,close,delete,remove,times,clear,math,multiply,multiplication,mean,median,average,x̄	M18 4H6M18 8L6 20M6 8l12 12
zap	connectivity,devices,photography,weather	flash,camera,lightning,electricity,energy,power,quick	M15.914 4a1.5 1.5 0 0 0 -2.474 -1.561l-9 9A1.5 1.5 0 0 0 5.5 14h4.002a.5 .5 0 0 1 .471 .666L8.086 20a1.5 1.5 0 0 0 2.475 1.56l9 -9A1.5 1.5 0 0 0 18.5 10h-3.997a.5 .5 0 0 1 -.472 -.667z
zap-off	connectivity,devices,photography,weather	flash,camera,lightning,electricity,energy,power	M10.768 5.111L13.44 2.44a1.5 1.5 0 0 1 2.474 1.561l-1.633 4.625M18.889 13.232l.672 -.672A1.5 1.5 0 0 0 18.5 10h-2.844M2 2l20 20M7.94 7.94l-3.5 3.499A1.5 1.5 0 0 0 5.5 14h4.002a.5 .5 0 0 1 .471 .666L8.086 20a1.5 1.5 0 0 0 2.475 1.56l5.5 -5.5
zodiac-aquarius	social,emoji	water bearer,waves,innovation,air,future,astrology,star sign,horoscope,constellation,celestial	M2 10l2.456 -3.684a.7 .7 0 0 1 1.106 -.013l2.39 3.413a.7 .7 0 0 0 1.096 -.001l2.402 -3.432a.7 .7 0 0 1 1.098 0l2.402 3.432a.7 .7 0 0 0 1.098 0l2.389 -3.413a.7 .7 0 0 1 1.106 .013L22 10M2 18.002l2.456 -3.684a.7 .7 0 0 1 1.106 -.013l2.39 3.413a.7 .7 0 0 0 1.097 0l2.402 -3.432a.7 .7 0 0 1 1.098 0l2.402 3.432a.7 .7 0 0 0 1.098 0l2.389 -3.413a.7 .7 0 0 1 1.106 .013L22 18.002
zodiac-aries	social,emoji	ram,horns,fire,energy,initiative,astrology,star sign,horoscope,constellation,celestial	M12 7.5a4.5 4.5 0 1 1 5 4.5M7 12a4.5 4.5 0 1 1 5 -4.5V21
zodiac-cancer	social,emoji	crab,shell,protection,water,intuition,astrology,star sign,horoscope,constellation,celestial	M21 14.5A9 6.5 0 0 1 5.5 19M3 9.5A9 6.5 0 0 1 18.5 5M14 14.5a3.5 3.5 0 1 0 7 0a3.5 3.5 0 1 0 -7 0zM3 9.5a3.5 3.5 0 1 0 7 0a3.5 3.5 0 1 0 -7 0z
zodiac-capricorn	social,emoji	goat,mountain,ambition,earth,discipline,astrology,star sign,horoscope,constellation,celestial	M11 21a3 3 0 0 0 3 -3V6.5a1 1 0 0 0 -7 0M7 19V6a3 3 0 0 0 -3 -3h0M14 17a3 3 0 1 0 6 0a3 3 0 1 0 -6 0z
zodiac-gemini	social,emoji	twins,duality,communication,air,adaptability,astrology,star sign,horoscope,constellation,celestial	M16 4.525v14.948M20 3A17 17 0 0 1 4 3M4 21a17 17 0 0 1 16 0M8 4.525v14.948
zodiac-leo	social,emoji	lion,crown,leadership,fire,confidence,astrology,star sign,horoscope,constellation,celestial	M10 16c0 -4 -3 -4.5 -3 -8a5 5 0 0 1 10 0c0 3.466 -3 6.196 -3 10a3 3 0 0 0 6 0M4 16a3 3 0 1 0 6 0a3 3 0 1 0 -6 0z
zodiac-libra	social,emoji	scales,balance,justice,air,harmony,astrology,star sign,horoscope,constellation,celestial	M3 16h6.857c.162 -.012 .19 -.323 .038 -.38a6 6 0 1 1 4.212 0c-.153 .057 -.125 .368 .038 .38H21M3 20h18
zodiac-ophiuchus	social,emoji	serpent,snake holder,healing,knowledge,astronomy,astrology,star sign,horoscope,constellation,celestial	M3 10A6.06 6.06 0 0 1 12 10A6.06 6.06 0 0 0 21 10M6 3v12a6 6 0 0 0 12 0V3
zodiac-pisces	social,emoji	fish,duality,water,dreams,empathy,astrology,star sign,horoscope,constellation,celestial	M19 21a15 15 0 0 1 0 -18M20 12H4M5 3a15 15 0 0 1 0 18
zodiac-sagittarius	social,emoji	archer,arrow,exploration,fire,philosophy,astrology,star sign,horoscope,constellation,celestial	M15 3h6v6M21 3L3 21M9 9l6 6
zodiac-scorpio	social,emoji	scorpion,stinger,intensity,water,transformation,astrology,star sign,horoscope,constellation,celestial	M10 19V5.5a1 1 0 0 1 5 0V17a2 2 0 0 0 2 2h5l-3 -3M22 19l-3 3M5 19V5.5a1 1 0 0 1 5 0M5 5.5A2.5 2.5 0 0 0 2.5 3
zodiac-taurus	social,emoji	bull,strength,stability,earth,endurance,astrology,star sign,horoscope,constellation,celestial	M6 15a6 6 0 1 0 12 0a6 6 0 1 0 -12 0zM18 3A6 6 0 0 1 6 3
zodiac-virgo	social,emoji	virgin,maiden,harvest,precision,earth,analysis,astrology,star sign,horoscope,constellation,celestial	M11 5.5a1 1 0 0 1 5 0V16a5 5 0 0 0 5 5M16 11.5a1 1 0 0 1 5 0V16a5 5 0 0 1 -5 5M6 19V6a3 3 0 0 0 -3 -3h0M6 5.5a1 1 0 0 1 5 0V19
zoom-in	accessibility,layout,design,text,photography	magnifying glass,plus	M3 11a8 8 0 1 0 16 0a8 8 0 1 0 -16 0zM21 21L16.65 16.65M11 8L11 14M8 11L14 11
zoom-out	accessibility,layout,design,text,photography	magnifying glass,plus	M3 11a8 8 0 1 0 16 0a8 8 0 1 0 -16 0zM21 21L16.65 16.65M8 11L14 11
